tuF3	67	tuT3	0
cktF4	1	cktT4	0
oralT0	1	oralF0	0
yardF0	4	yardT0	0
useridT0	2	useridF0	0
meanwhileT0	2	meanwhileF0	0
dennyT0	1	dennyF0	0
nabiT0	1	nabiF0	0
attentionT0	1	attentionF0	0
ofallF0	1	ofallT0	0
podeF0	9	podeT0	0
celebrationF0	2	celebrationT0	0
profitableF0	1	profitableT0	0
merF2	55	merT2	0
yetT4	5	yetF4	0
pgF1	5	pgT1	0
determiningF0	1	determiningT0	0
freevtF0	2	freevtT0	0
challengesF0	9	challengesT0	0
latinT0	15	latinF0	0
estT0	4	estF0	0
naoT4	2	naoF4	0
titoT0	1	titoF0	0
nightlifeF0	1	nightlifeT0	0
althoughF0	4	althoughT0	0
stsF0	1	stsT0	0
spiritedF0	2	spiritedT0	0
joeT4	4	joeF4	0
programmerF0	1	programmerT0	0
elysiumF0	1	elysiumT0	0
periodicalT0	2	periodicalF0	0
anaF2	21	anaT2	0
hdF2	1	hdT2	0
stringsF0	1	stringsT0	0
estF4	84	estT4	0
uzT3	2	uzF3	0
euhT0	1	euhF0	0
preschoolerstuesdayT0	4	preschoolerstuesdayF0	0
oveT2	46	oveF2	0
nobuteruT0	1	nobuteruF0	0
steT0	1	steF0	0
unicornT0	2	unicornF0	0
pusF2	9	pusT2	0
leyT2	58	leyF2	0
tieT0	2	tieF0	0
givingF0	6	givingT0	0
ogF2	5	ogT2	0
tacF4	10	tacT4	0
secretT0	7	secretF0	0
ivaT2	1	ivaF2	0
commanderT0	2	commanderF0	0
nwctF0	1	nwctT0	0
combiningF0	3	combiningT0	0
itoF4	2	itoT4	0
emfT0	1	emfF0	0
blessworthyT0	1	blessworthyF0	0
marylandT0	1	marylandF0	0
ustT4	1	ustF4	0
acuraT0	1	acuraF0	0
ctF1	375	ctT1	0
cedT2	12	cedF2	0
achatsT0	1	achatsF0	0
ambassadorsF0	2	ambassadorsT0	0
peurF0	2	peurT0	0
testifyF0	1	testifyT0	0
adultF0	2	adultT0	0
zemF4	1	zemT4	0
committeesF0	2	committeesT0	0
vscT0	1	vscF0	0
epaulettesF0	1	epaulettesT0	0
subT2	2	subF2	0
vrggT0	2	vrggF0	0
integrationF0	2	integrationT0	0
rsqF4	17	rsqT4	0
mrcF4	1	mrcT4	0
progamF0	1	progamT0	0
nickelsenF0	1	nickelsenT0	0
butecoF0	1	butecoT0	0
inhabitedF0	2	inhabitedT0	0
abrahamF0	2	abrahamT0	0
domainT0	2	domainF0	0
boatmenF0	1	boatmenT0	0
loneT0	1	loneF0	0
upeT2	2	upeF2	0
itchF0	2	itchT0	0
supF2	1	supT2	0
nesF0	3	nesT0	0
rienT0	1	rienF0	0
unfortunatelyF0	2	unfortunatelyT0	0
televisionF0	6	televisionT0	0
regT4	86	regF4	0
ettaT0	1	ettaF0	0
lkF1	33	lkT1	0
ldtF2	1	ldtT2	0
pqF1	3	pqT1	0
apostleF0	1	apostleT0	0
rosettaF0	2	rosettaT0	0
ssaultF0	1	ssaultT0	0
stumbleF0	2	stumbleT0	0
hireF0	4	hireT0	0
spotF0	7	spotT0	0
aolF0	1	aolT0	0
choF2	4	choT2	0
crF3	596	crT3	0
restaurantsF0	8	restaurantsT0	0
streetbookingT0	1	streetbookingF0	0
creF2	5	creT2	0
summeryF0	1	summeryT0	0
replacedT0	1	replacedF0	0
maxF0	10	maxT0	0
realT0	29	realF0	0
viiT4	2	viiF4	0
arT1	240	arF1	0
exeF4	16	exeT4	0
kaF2	5	kaT2	0
bakF4	5	bakT4	0
natalieF0	1	natalieT0	0
servletsT0	1	servletsF0	0
oteT4	1	oteF4	0
loiF2	1	loiT2	0
scotlandT0	5	scotlandF0	0
mriT4	4	mriF4	0
felicianoT0	1	felicianoF0	0
diagramsF0	1	diagramsT0	0
ritaorangeT0	1	ritaorangeF0	0
suT0	2	suF0	0
seekF0	3	seekT0	0
tectF0	1	tectT0	0
couplingsT0	1	couplingsF0	0
airborneF0	1	airborneT0	0
cartographyF0	1	cartographyT0	0
gripF0	3	gripT0	0
greinerT0	1	greinerF0	0
exhaustT0	1	exhaustF0	0
endlessT0	1	endlessF0	0
evyT2	7	evyF2	0
personalityF0	6	personalityT0	0
earthT0	9	earthF0	0
idealsF0	4	idealsT0	0
menuifF0	1	menuifT0	0
reqT4	19	reqF4	0
wriT4	15	wriF4	0
reintroducedF0	2	reintroducedT0	0
tocandoF0	1	tocandoT0	0
naaF2	1	naaT2	0
chairpersonF0	6	chairpersonT0	0
doeF4	59	doeT4	0
boaF0	2	boaT0	0
rockbandF0	1	rockbandT0	0
licF4	50	licT4	0
luluT0	1	luluF0	0
oflamanaiT0	1	oflamanaiF0	0
receivesF0	2	receivesT0	0
newT2	332	newF2	0
affectedF0	1	affectedT0	0
passentF0	1	passentT0	0
wfT1	8	wfF1	0
oleT2	17	oleF2	0
tephenF0	1	tephenT0	0
distributingF0	1	distributingT0	0
mryF2	1	mryT2	0
blogT0	28	blogF0	0
aheF4	6	aheT4	0
inaccordanceF0	1	inaccordanceT0	0
jooT4	2	jooF4	0
kfcT4	1	kfcF4	0
searchF0	36	searchT0	0
priorF0	8	priorT0	0
tipsT0	5	tipsF0	0
summaryT0	3	summaryF0	0
sheT2	21	sheF2	0
kluF4	3	kluT4	0
methanolF0	2	methanolT0	0
learnF0	36	learnT0	0
khakiF0	2	khakiT0	0
ricT4	13	ricF4	0
asideF0	3	asideT0	0
financeT0	2	financeF0	0
bacanaF0	1	bacanaT0	0
referindoF0	1	referindoT0	0
nginxF0	15	nginxT0	0
remisesF0	1	remisesT0	0
vacatiT0	1	vacatiF0	0
gteT2	2	gteF2	0
warrantyF0	1	warrantyT0	0
ilyF2	77	ilyT2	0
petsF0	13	petsT0	0
stylesF0	5	stylesT0	0
keatsT0	3	keatsF0	0
presidentialF0	2	presidentialT0	0
kathayansT0	1	kathayansF0	0
cineramaF0	1	cineramaT0	0
carpetsF0	1	carpetsT0	0
shanghaitheT0	1	shanghaitheF0	0
raaT4	1	raaF4	0
announcingF0	1	announcingT0	0
internshipF0	1	internshipT0	0
libanganF0	1	libanganT0	0
bearingF0	3	bearingT0	0
aidF4	5	aidT4	0
oppositionF0	1	oppositionT0	0
ritualsF0	4	ritualsT0	0
insteadF0	9	insteadT0	0
sleF2	3	sleT2	0
variatiF0	1	variatiT0	0
rmF3	16	rmT3	0
fileslikeT0	1	fileslikeF0	0
uizF2	1	uizT2	0
nutritionF0	1	nutritionT0	0
slaT2	1	slaF2	0
canF0	400	canT0	0
himT4	3	himF4	0
zaT3	15	zaF3	0
wraggsterT0	1	wraggsterF0	0
userswhoT0	1	userswhoF0	0
govF4	24	govT4	0
invitationalT0	1	invitationalF0	0
ufT3	2	ufF3	0
sarebbeF0	1	sarebbeT0	0
northwestF0	2	northwestT0	0
tF0	302	tT0	0
wavesF0	2	wavesT0	0
dmT3	4	dmF3	0
iniT2	11	iniF2	0
clearlyT0	2	clearlyF0	0
provedF0	2	provedT0	0
solvingF0	3	solvingT0	0
epiphonwF0	1	epiphonwT0	0
vickyF0	1	vickyT0	0
pwT1	30	pwF1	0
handicapT0	2	handicapF0	0
zasF2	2	zasT2	0
illustrationT0	1	illustrationF0	0
gybF4	1	gybT4	0
nateF0	1	nateT0	0
uneT4	7	uneF4	0
codT2	5	codF2	0
eshT2	6	eshF2	0
wdyT2	1	wdyF2	0
sayonaraT0	1	sayonaraF0	0
constantF0	7	constantT0	0
reconcileF0	1	reconcileT0	0
slipnT0	1	slipnF0	0
btF2	1	btT2	0
forkF0	3	forkT0	0
theeF0	1	theeT0	0
civiliansF0	6	civiliansT0	0
yianniT0	3	yianniF0	0
hyverT0	1	hyverF0	0
unlovelyF0	2	unlovelyT0	0
gluT4	1	gluF4	0
playableT0	1	playableF0	0
doldrumsF0	1	doldrumsT0	0
reaT0	4	reaF0	0
sponsorshipF0	1	sponsorshipT0	0
corvetteT0	2	corvetteF0	0
foeF2	1	foeT2	0
katT2	1	katF2	0
involvingF0	4	involvingT0	0
abaF4	8	abaT4	0
ejaF2	3	ejaT2	0
raggedF0	1	raggedT0	0
coragemF0	1	coragemT0	0
moderationF0	1	moderationT0	0
magnoliaF0	2	magnoliaT0	0
rceF2	49	rceT2	0
siT2	2	siF2	0
ansF4	18	ansT4	0
functionF0	62	functionT0	0
dialingF0	1	dialingT0	0
eurF4	5	eurT4	0
lyricsF0	4	lyricsT0	0
byT3	4	byF3	0
stelaeF0	1	stelaeT0	0
hpF0	11	hpT0	0
abandonedF0	1	abandonedT0	0
aivT2	1	aivF2	0
developedF0	27	developedT0	0
meetingsF0	3	meetingsT0	0
aviT2	5	aviF2	0
sinT2	9	sinF2	0
ordnanceT0	2	ordnanceF0	0
mustangsF0	1	mustangsT0	0
jeepT0	1	jeepF0	0
nsiT2	3	nsiF2	0
pdT0	1	pdF0	0
entirelyF0	2	entirelyT0	0
valinT0	1	valinF0	0
showcasingF0	2	showcasingT0	0
irsF2	19	irsT2	0
akrT4	1	akrF4	0
harukoT0	1	harukoF0	0
suggestF0	9	suggestT0	0
armT2	8	armF2	0
toweyT0	1	toweyF0	0
flickerF0	1	flickerT0	0
ebulioF0	1	ebulioT0	0
gatewayF0	2	gatewayT0	0
recreationF0	1	recreationT0	0
busT2	6	busF2	0
curseF0	1	curseT0	0
ornithologistsT0	1	ornithologistsF0	0
identifiableinformationF0	1	identifiableinformationT0	0
thingT0	2	thingF0	0
robertT0	2	robertF0	0
fogF0	2	fogT0	0
ajoF2	1	ajoT2	0
forgoodF0	5	forgoodT0	0
famT4	13	famF4	0
hiverF0	1	hiverT0	0
wyethwatchT0	1	wyethwatchF0	0
blockuserT0	14	blockuserF0	0
erasedF0	1	erasedT0	0
teamedF0	1	teamedT0	0
retransmittedF0	5	retransmittedT0	0
jordanT0	2	jordanF0	0
twF1	5	twT1	0
rieT2	6	rieF2	0
acousticsT0	1	acousticsF0	0
maF0	4	maT0	0
ubadF0	1	ubadT0	0
camraF0	1	camraT0	0
whoF2	138	whoT2	0
camperF0	1	camperT0	0
alcF2	1	alcT2	0
footT0	1	footF0	0
leadersF0	3	leadersT0	0
certezaF0	1	certezaT0	0
embolismF0	1	embolismT0	0
ordenF0	1	ordenT0	0
heroT0	2	heroF0	0
rmyF2	5	rmyT2	0
kzT3	1	kzF3	0
overhearF0	1	overhearT0	0
circulateF0	2	circulateT0	0
pomT0	1	pomF0	0
forcefulF0	2	forcefulT0	0
resettlementF0	2	resettlementT0	0
streetsF0	10	streetsT0	0
levaF0	1	levaT0	0
malF2	20	malT2	0
currentjournalT0	1	currentjournalF0	0
rigF4	76	rigT4	0
upgF4	4	upgT4	0
ormF2	56	ormT2	0
mayanT0	1	mayanF0	0
proveF0	2	proveT0	0
chaseF0	1	chaseT0	0
ssdT2	2	ssdF2	0
jerryT0	1	jerryF0	0
flagT0	1	flagF0	0
contemptF0	1	contemptT0	0
taiwanT0	1	taiwanF0	0
softF0	1	softT0	0
leveesT0	3	leveesF0	0
nosF0	9	nosT0	0
hgeT4	1	hgeF4	0
bougainvilleaF0	1	bougainvilleaT0	0
neverT0	4	neverF0	0
cleargifsF0	1	cleargifsT0	0
silosF0	1	silosT0	0
msieT0	1	msieF0	0
mhiT4	1	mhiF4	0
queenslandT0	1	queenslandF0	0
kroF4	1	kroT4	0
beT3	891	beF3	0
ciF2	3	ciT2	0
ituT4	4	ituF4	0
fightingF0	5	fightingT0	0
vocediF0	1	vocediT0	0
stadlardanF0	1	stadlardanT0	0
cerF2	25	cerT2	0
authorisedF0	1	authorisedT0	0
masterT0	2	masterF0	0
protectedT0	2	protectedF0	0
rightscoilT0	1	rightscoilF0	0
bondsT0	1	bondsF0	0
kbmtT0	3	kbmtF0	0
hrajeF0	1	hrajeT0	0
xybyrT0	1	xybyrF0	0
grasslandsF0	1	grasslandsT0	0
disabledF0	4	disabledT0	0
emeritusF0	1	emeritusT0	0
golfingF0	2	golfingT0	0
remoteT0	3	remoteF0	0
mhF3	1	mhT3	0
putsT0	4	putsF0	0
gebF4	1	gebT4	0
imagineT0	1	imagineF0	0
applicantsbirthF0	1	applicantsbirthT0	0
rightleksikografieT0	1	rightleksikografieF0	0
vagT4	2	vagF4	0
eneF4	16	eneT4	0
hbchamberF0	1	hbchamberT0	0
ongF2	139	ongT2	0
disseF0	1	disseT0	0
neatF0	2	neatT0	0
cheersT0	1	cheersF0	0
turkeyT0	1	turkeyF0	0
sloF2	1	sloT2	0
neaT4	11	neaF4	0
lockerF0	1	lockerT0	0
kitT4	14	kitF4	0
filmesF0	1	filmesT0	0
uotF2	202	uotT2	0
pertiesF0	1	pertiesT0	0
bowingF0	1	bowingT0	0
uvsT2	1	uvsF2	0
dvrT0	1	dvrF0	0
devotionF0	1	devotionT0	0
sslT4	2	sslF4	0
accompagnentF0	2	accompagnentT0	0
burnsT0	1	burnsF0	0
oreF0	4	oreT0	0
marineF0	20	marineT0	0
ofcT0	1	ofcF0	0
ynT1	7	ynF1	0
ighF4	1	ighT4	0
lugT4	2	lugF4	0
patronF0	2	patronT0	0
stumblerF0	1	stumblerT0	0
ashleyT0	4	ashleyF0	0
lmaF2	1	lmaT2	0
finchT0	1	finchF0	0
indsayF0	1	indsayT0	0
visibilityT0	1	visibilityF0	0
complementaryF0	1	complementaryT0	0
parodontalF0	1	parodontalT0	0
lesothoT0	1	lesothoF0	0
nisT2	5	nisF2	0
babaT0	2	babaF0	0
detailsT0	6	detailsF0	0
esF0	9	esT0	0
grassF0	1	grassT0	0
bydragenF0	1	bydragenT0	0
restingF0	1	restingT0	0
toyotaT0	3	toyotaF0	0
avatarsT0	1	avatarsF0	0
elaineF0	1	elaineT0	0
liberiaT0	1	liberiaF0	0
gazF4	3	gazT4	0
llF0	36	llT0	0
dogF2	2	dogT2	0
cardomainT0	4	cardomainF0	0
espT4	5	espF4	0
ielF2	12	ielT2	0
cementT0	1	cementF0	0
guideguideT0	1	guideguideF0	0
trueT0	6	trueF0	0
commentedT0	1	commentedF0	0
leeT2	6	leeF2	0
enaT4	2	enaF4	0
iirF2	1	iirT2	0
adsF4	15	adsT4	0
commercialT0	5	commercialF0	0
ezeF2	1	ezeT2	0
jamF4	5	jamT4	0
culturalT0	4	culturalF0	0
dooceT0	1	dooceF0	0
attainedF0	1	attainedT0	0
gearsT0	2	gearsF0	0
agrochemicalsF0	3	agrochemicalsT0	0
receiversF0	1	receiversT0	0
draggedF0	1	draggedT0	0
linguisticsT0	1	linguisticsF0	0
gonF2	8	gonT2	0
adsT0	6	adsF0	0
golF4	66	golT4	0
velvetF0	2	velvetT0	0
beninT0	1	beninF0	0
ifriendsT0	1	ifriendsF0	0
gidhligT0	1	gidhligF0	0
xpT0	8	xpF0	0
staticF0	1	staticT0	0
glasbaT0	1	glasbaF0	0
wantF0	89	wantT0	0
ibiT4	1	ibiF4	0
xyT1	18	xyF1	0
magazinethisT0	1	magazinethisF0	0
yesterdayT0	1	yesterdayF0	0
paintingF0	5	paintingT0	0
utiT4	10	utiF4	0
raadioT0	1	raadioF0	0
neyF4	2	neyT4	0
tdF0	14	tdT0	0
cookingF0	2	cookingT0	0
wrapF0	3	wrapT0	0
boundariesF0	35	boundariesT0	0
beiF2	1	beiT2	0
granF0	2	granT0	0
dpfF2	1	dpfT2	0
changedT0	12	changedF0	0
hotfixesF0	1	hotfixesT0	0
sopT4	6	sopF4	0
ancientT0	2	ancientF0	0
blizlikeF0	1	blizlikeT0	0
companysF0	1	companysT0	0
celT4	14	celF4	0
csorryT0	1	csorryF0	0
surF0	10	surT0	0
openF0	43	openT0	0
abuF4	13	abuT4	0
wrathF0	1	wrathT0	0
comprehensiveF0	5	comprehensiveT0	0
eatF2	127	eatT2	0
dsF1	669	dsT1	0
walkthroughF0	1	walkthroughT0	0
sdF1	2	sdT1	0
childF0	12	childT0	0
dgeF2	41	dgeT2	0
onsF0	2	onsT0	0
charlieF0	1	charlieT0	0
oohF0	1	oohT0	0
bayF0	7	bayT0	0
administratorsF0	1	administratorsT0	0
earringF0	1	earringT0	0
allenT0	2	allenF0	0
prasildoT0	1	prasildoF0	0
capitalF0	20	capitalT0	0
akhT4	1	akhF4	0
lsoF2	129	lsoT2	0
afcT4	1	afcF4	0
hiT3	133	hiF3	0
visavaF0	1	visavaT0	0
souviensF0	2	souviensT0	0
theindividualF0	5	theindividualT0	0
luF1	3	luT1	0
reactivatiF0	1	reactivatiT0	0
onlyT0	18	onlyF0	0
bankingF0	2	bankingT0	0
jamT0	4	jamF0	0
biologistF0	1	biologistT0	0
acakadutT0	1	acakadutF0	0
bugT4	6	bugF4	0
illegalF0	5	illegalT0	0
byproponentT0	1	byproponentF0	0
hofstrasaturdayT0	1	hofstrasaturdayF0	0
seatsF0	4	seatsT0	0
fishingF0	39	fishingT0	0
weightF0	9	weightT0	0
overF0	94	overT0	0
ivF3	5	ivT3	0
yarF4	5	yarT4	0
beggedF0	1	beggedT0	0
olyT2	2	olyF2	0
containF0	6	containT0	0
generationF0	4	generationT0	0
massachusettsF0	1	massachusettsT0	0
staT4	237	staF4	0
backgrF0	1	backgrT0	0
woodsT0	2	woodsF0	0
rayF4	9	rayT4	0
surveyF0	7	surveyT0	0
twatT0	1	twatF0	0
vhtT4	1	vhtF4	0
femaleT0	5	femaleF0	0
sewerT0	1	sewerF0	0
svoF2	3	svoT2	0
populationfarF0	5	populationfarT0	0
titeT0	5	titeF0	0
anseoT0	1	anseoF0	0
archiveF0	8	archiveT0	0
whyF2	14	whyT2	0
sociallyF0	1	sociallyT0	0
iskedyulF0	1	iskedyulT0	0
eveningF0	8	eveningT0	0
prospectiveF0	1	prospectiveT0	0
deviceF0	1	deviceT0	0
uchT2	19	uchF2	0
somehowF0	3	somehowT0	0
downT0	3	downF0	0
lodgesituatedT0	1	lodgesituatedF0	0
eapT2	7	eapF2	0
matesF0	1	matesT0	0
daughterF0	3	daughterT0	0
ilF3	24	ilT3	0
oliF2	3	oliT2	0
emT2	122	emF2	0
dhtT2	3	dhtF2	0
plattiesF0	2	plattiesT0	0
dishesF0	1	dishesT0	0
angT2	24	angF2	0
strikeF0	2	strikeT0	0
mbiF4	2	mbiT4	0
woollyF0	1	woollyT0	0
netopiaF0	1	netopiaT0	0
cocoT0	1	cocoF0	0
waterfrontT0	2	waterfrontF0	0
coversT0	3	coversF0	0
huntingtonF0	1	huntingtonT0	0
transitionsF0	1	transitionsT0	0
monkeysF0	2	monkeysT0	0
soonerF0	2	soonerT0	0
battlefieldT0	1	battlefieldF0	0
attorneyT0	1	attorneyF0	0
inaF4	7	inaT4	0
websitesF0	2	websitesT0	0
cpT1	1	cpF1	0
eveT2	9	eveF2	0
goodnessF0	1	goodnessT0	0
pdbT2	1	pdbF2	0
whatcircumstancesF0	1	whatcircumstancesT0	0
noeF4	1	noeT4	0
sophisticatedF0	1	sophisticatedT0	0
ireT2	157	ireF2	0
ncsF2	1	ncsT2	0
singleT0	2	singleF0	0
fugF4	1	fugT4	0
prolongedF0	1	prolongedT0	0
errorF0	22	errorT0	0
counterT0	1	counterF0	0
yodF4	1	yodT4	0
iorT2	17	iorF2	0
flagshipT0	2	flagshipF0	0
cartilageF0	2	cartilageT0	0
swordsF0	1	swordsT0	0
vauF4	1	vauT4	0
oxT1	131	oxF1	0
hawT2	2	hawF2	0
deT1	189	deF1	0
bottomsF0	2	bottomsT0	0
dasF4	9	dasT4	0
utF3	32	utT3	0
hearingF0	1	hearingT0	0
bogF4	1	bogT4	0
exploitationF0	1	exploitationT0	0
gideonT0	1	gideonF0	0
displayingF0	1	displayingT0	0
quemT0	1	quemF0	0
ierT2	40	ierF2	0
preferencesF0	2	preferencesT0	0
vulnerabilityF0	1	vulnerabilityT0	0
egyetemT0	1	egyetemF0	0
pagF4	113	pagT4	0
toplessT0	1	toplessF0	0
liaT2	28	liaF2	0
hybridT0	1	hybridF0	0
gfF1	1	gfT1	0
wolT4	4	wolF4	0
cabF2	5	cabT2	0
cellularT0	2	cellularF0	0
dieF0	9	dieT0	0
knightonF0	1	knightonT0	0
fearF0	1	fearT0	0
hnesT0	1	hnesF0	0
flickrcentralT0	1	flickrcentralF0	0
joiF4	23	joiT4	0
hoboF0	1	hoboT0	0
unbanF0	1	unbanT0	0
remainF0	11	remainT0	0
clotildeT0	1	clotildeF0	0
mepF4	2	mepT4	0
memeT0	1	memeF0	0
alikeF0	4	alikeT0	0
wilF4	475	wilT4	0
lowestF0	2	lowestT0	0
incF2	2	incT2	0
songsF0	4	songsT0	0
submissionT0	1	submissionF0	0
ngaeilgeT0	3	ngaeilgeF0	0
vuaF4	2	vuaT4	0
gorT4	14	gorF4	0
bomT4	10	bomF4	0
silvioT0	1	silvioF0	0
clampsT0	1	clampsF0	0
rushT0	1	rushF0	0
schedulesF0	4	schedulesT0	0
gunnT0	1	gunnF0	0
subscriptionsT0	1	subscriptionsF0	0
htT2	1	htF2	0
eafT2	2	eafF2	0
surelyF0	1	surelyT0	0
deviousnessT0	1	deviousnessF0	0
unaF2	11	unaT2	0
picF0	15	picT0	0
resistF0	3	resistT0	0
partinicioT0	1	partinicioF0	0
tblT0	1	tblF0	0
tuniT0	1	tuniF0	0
padsF0	5	padsT0	0
colT4	81	colF4	0
piaF2	3	piaT2	0
lomT4	2	lomF4	0
practicesF0	8	practicesT0	0
limitedF0	23	limitedT0	0
rogT4	1	rogF4	0
tsuT4	5	tsuF4	0
fundsF0	4	fundsT0	0
tubeF0	6	tubeT0	0
sledF0	1	sledT0	0
hosT2	3	hosF2	0
offshoreT0	1	offshoreF0	0
awF0	1	awT0	0
pptT2	1	pptF2	0
esbianF0	1	esbianT0	0
racT2	1	racF2	0
odeF4	2	odeT4	0
hooksT0	1	hooksF0	0
evT3	98	evF3	0
twoF0	83	twoT0	0
adiF4	4	adiT4	0
womenF0	20	womenT0	0
capT4	17	capF4	0
severeF0	1	severeT0	0
lacettiT0	2	lacettiF0	0
associatedF0	10	associatedT0	0
winF2	7	winT2	0
deuT4	2	deuF4	0
patonF0	1	patonT0	0
graphicF0	9	graphicT0	0
coxT2	1	coxF2	0
produceF0	5	produceT0	0
esnF0	1	esnT0	0
pastT0	2	pastF0	0
bladeT0	3	bladeF0	0
gyF2	2	gyT2	0
sliT4	5	sliF4	0
rightportalT0	1	rightportalF0	0
arcT2	28	arcF2	0
meltF0	2	meltT0	0
commitmentsF0	1	commitmentsT0	0
painF0	3	painT0	0
wnsF2	18	wnsT2	0
waysF0	18	waysT0	0
promoteF0	7	promoteT0	0
actT0	18	actF0	0
csF2	1	csT2	0
faT3	293	faF3	0
selectionF0	18	selectionT0	0
alternatorF0	1	alternatorT0	0
rthF2	55	rthT2	0
muitoF0	4	muitoT0	0
ssibeF0	1	ssibeT0	0
myT2	71	myF2	0
eriT2	4	eriF2	0
tsT1	679	tsF1	0
focF4	13	focT4	0
ferretT0	1	ferretF0	0
twaF4	2	twaT4	0
zolpidemT0	1	zolpidemF0	0
lightingF0	2	lightingT0	0
endofF0	1	endofT0	0
destinationF0	26	destinationT0	0
husbandsF0	1	husbandsT0	0
nmT3	1	nmF3	0
registratiF0	1	registratiT0	0
isdT2	4	isdF2	0
ixF1	26	ixT1	0
stackF0	2	stackT0	0
sitespecialT0	1	sitespecialF0	0
boyT2	9	boyF2	0
yzeF2	1	yzeT2	0
xmT3	2	xmF3	0
partedF0	1	partedT0	0
mniF2	2	mniT2	0
tikT4	5	tikF4	0
proclaimedF0	1	proclaimedT0	0
slyF2	17	slyT2	0
franciscoF0	3	franciscoT0	0
repairedF0	1	repairedT0	0
courtyardsF0	1	courtyardsT0	0
abuseF0	3	abuseT0	0
eupT2	2	eupF2	0
glanvilleT0	1	glanvilleF0	0
extendT0	1	extendF0	0
famiiesF0	1	famiiesT0	0
rsT3	3	rsF3	0
epyF2	1	epyT2	0
weT2	105	weF2	0
wtsT2	3	wtsF2	0
statprefixF0	1	statprefixT0	0
menT2	26	menF2	0
danniT0	1	danniF0	0
naturallyF0	4	naturallyT0	0
acceptingF0	1	acceptingT0	0
tinyF0	9	tinyT0	0
cyrusF0	1	cyrusT0	0
deletecommentT0	2	deletecommentF0	0
rmedF0	3	rmedT0	0
peraF0	2	peraT0	0
rapeF0	1	rapeT0	0
ashleeT0	1	ashleeF0	0
lastingF0	1	lastingT0	0
iboF2	1	iboT2	0
resultedF0	1	resultedT0	0
ataT2	18	ataF2	0
ebeT2	2	ebeF2	0
conferenceT0	2	conferenceF0	0
bathroomT0	2	bathroomF0	0
pasF2	16	pasT2	0
uveF0	1	uveT0	0
beenT0	4	beenF0	0
salemT0	1	salemF0	0
nationalT0	50	nationalF0	0
symmesT0	2	symmesF0	0
privatelyF0	2	privatelyT0	0
sportsterF0	1	sportsterT0	0
enT1	364	enF1	0
karT4	11	karF4	0
acknowledgementF0	4	acknowledgementT0	0
oirT2	2	oirF2	0
ysF0	1	ysT0	0
patternF0	1	patternT0	0
rmcF4	1	rmcT4	0
illusionistsF0	1	illusionistsT0	0
januaryT0	32	januaryF0	0
vampireF0	1	vampireT0	0
pooF2	1	pooT2	0
nicoleF0	1	nicoleT0	0
rwyF2	1	rwyT2	0
gifT2	2	gifF2	0
wirT4	3	wirF4	0
mattersF0	5	mattersT0	0
dinnerF0	4	dinnerT0	0
azT3	7	azF3	0
mrsT4	16	mrsF4	0
arrestedF0	5	arrestedT0	0
spoT4	30	spoF4	0
baF1	9	baT1	0
homF2	15	homT2	0
dfcabF0	4	dfcabT0	0
gedF2	67	gedT2	0
followedF0	12	followedT0	0
affiliatesF0	5	affiliatesT0	0
wrappingF0	2	wrappingT0	0
fixvtsT0	18	fixvtsF0	0
timT2	7	timF2	0
bearT0	33	bearF0	0
recentlyT0	4	recentlyF0	0
levskiT0	1	levskiF0	0
golfclubshomeT0	1	golfclubshomeF0	0
hacT2	2	hacF2	0
ncyT2	15	ncyF2	0
cartoonT0	2	cartoonF0	0
tasT4	1	tasF4	0
olT3	23	olF3	0
webT4	162	webF4	0
harlanT0	1	harlanF0	0
ajarF0	2	ajarT0	0
muzT4	2	muzF4	0
calamityF0	1	calamityT0	0
grouperF0	4	grouperT0	0
lotsT0	1	lotsF0	0
featureT0	3	featureF0	0
capacityT0	2	capacityF0	0
shareownerT0	2	shareownerF0	0
christianitosT0	2	christianitosF0	0
semioticsT0	2	semioticsF0	0
nederlnskT0	1	nederlnskF0	0
gtaF0	3	gtaT0	0
stirringF0	2	stirringT0	0
gpuT0	1	gpuF0	0
responsesF0	1	responsesT0	0
ipsF4	1	ipsT4	0
admittedF0	2	admittedT0	0
leonT0	1	leonF0	0
votreF0	3	votreT0	0
sodrT0	1	sodrF0	0
wantingF0	1	wantingT0	0
venegolfT0	1	venegolfF0	0
encyklopedieF0	1	encyklopedieT0	0
ramT2	34	ramF2	0
sabatoF0	1	sabatoT0	0
merciF0	2	merciT0	0
sisterF0	3	sisterT0	0
aftonbladetT0	1	aftonbladetF0	0
residedF0	1	residedT0	0
gulT4	2	gulF4	0
scealT0	1	scealF0	0
ateF2	482	ateT2	0
motherboardsF0	1	motherboardsT0	0
kenT4	8	kenF4	0
privatizationF0	1	privatizationT0	0
createdF0	26	createdT0	0
harrisonT0	3	harrisonF0	0
gbaT4	1	gbaF4	0
illicitT0	1	illicitF0	0
ntempF0	1	ntempT0	0
anarchyF0	1	anarchyT0	0
postF0	32	postT0	0
embarrassingF0	1	embarrassingT0	0
kgrF2	1	kgrT2	0
giveawayrightsT0	1	giveawayrightsF0	0
shitimT0	6	shitimF0	0
cliF4	96	cliT4	0
buF1	2	buT1	0
monT2	32	monF2	0
haloT0	3	haloF0	0
ravennaaF0	1	ravennaaT0	0
pT0	62	pF0	0
luaF4	1	luaT4	0
plansT0	3	plansF0	0
mafT4	1	mafF4	0
wildlifeF0	15	wildlifeT0	0
umbF2	2	umbT2	0
integralF0	3	integralT0	0
existstheyT0	1	existstheyF0	0
awardsT0	4	awardsF0	0
ignT4	6	ignF4	0
lostT0	10	lostF0	0
eqF2	14	eqT2	0
thighF0	2	thighT0	0
mapthisT0	1	mapthisF0	0
corsicaT0	2	corsicaF0	0
enteringF0	8	enteringT0	0
gatF0	1	gatT0	0
dimethylF0	1	dimethylT0	0
technologiesF0	6	technologiesT0	0
riggsT0	1	riggsF0	0
weigntT0	2	weigntF0	0
assetT0	1	assetF0	0
nineteenthF0	1	nineteenthT0	0
fulfilmentF0	2	fulfilmentT0	0
criT4	16	criF4	0
elegirF0	1	elegirT0	0
fedeF0	2	fedeT0	0
chaosF0	3	chaosT0	0
iiT2	11	iiF2	0
qclT2	1	qclF2	0
wwfT2	8	wwfF2	0
girlT0	2	girlF0	0
variantofF0	2	variantofT0	0
mudF0	1	mudT0	0
countriesF0	22	countriesT0	0
digitaT0	1	digitaF0	0
travellingT0	3	travellingF0	0
collectibleT0	1	collectibleF0	0
submarineF0	1	submarineT0	0
fareF0	2	fareT0	0
ngiT4	1	ngiF4	0
toyT4	3	toyF4	0
gavT4	1	gavF4	0
dicF2	7	dicT2	0
photoshoppingT0	1	photoshoppingF0	0
planchesF0	1	planchesT0	0
alF1	1267	alT1	0
closedF0	5	closedT0	0
fewF4	47	fewT4	0
viaT2	28	viaF2	0
theirownF0	1	theirownT0	0
xicF2	1	xicT2	0
oxeF4	2	oxeT4	0
stoF4	159	stoT4	0
honoluluT0	1	honoluluF0	0
vocT4	2	vocF4	0
ovT3	83	ovF3	0
xesF0	2	xesT0	0
leggedT0	1	leggedF0	0
arcticF0	1	arcticT0	0
barnsT0	1	barnsF0	0
conesF0	1	conesT0	0
oloT2	2	oloF2	0
londonF0	1	londonT0	0
chartersF0	2	chartersT0	0
ebT3	18	ebF3	0
brianT0	1	brianF0	0
habitatsT0	1	habitatsF0	0
letsT0	3	letsF0	0
tomasT0	1	tomasF0	0
hardlyF0	4	hardlyT0	0
etcF0	24	etcT0	0
ibF3	10	ibT3	0
consistsF0	4	consistsT0	0
purchasingT0	1	purchasingF0	0
gleF4	5	gleT4	0
bbmwF0	1	bbmwT0	0
muF0	2	muT0	0
slovaqueF0	1	slovaqueT0	0
benjaminT0	1	benjaminF0	0
ajF3	2	ajT3	0
significantlyF0	4	significantlyT0	0
intuosT0	1	intuosF0	0
mappingT0	3	mappingF0	0
portalF0	2	portalT0	0
trucksT0	2	trucksF0	0
recommendationsF0	1	recommendationsT0	0
belizenearlyT0	1	belizenearlyF0	0
sarF0	1	sarT0	0
warhammerT0	1	warhammerF0	0
diveF0	39	diveT0	0
aswellF0	1	aswellT0	0
provavelmenteF0	1	provavelmenteT0	0
communicationT0	9	communicationF0	0
inshoreT0	1	inshoreF0	0
auF2	6	auT2	0
cpuT4	8	cpuF4	0
themselvesF0	10	themselvesT0	0
dgF3	1	dgT3	0
statuteT0	1	statuteF0	0
exoticF0	2	exoticT0	0
grandF0	8	grandT0	0
fastT0	1	fastF0	0
minF2	25	minT2	0
contestF0	3	contestT0	0
economyT0	1	economyF0	0
momsF0	1	momsT0	0
schT4	21	schF4	0
pumpT0	2	pumpF0	0
anoT4	14	anoF4	0
brokerageT0	1	brokerageF0	0
recipientsF0	1	recipientsT0	0
publishedF0	12	publishedT0	0
corporationF0	2	corporationT0	0
ozF3	2	ozT3	0
rosT2	10	rosF2	0
criticizedF0	2	criticizedT0	0
tuberculosisF0	1	tuberculosisT0	0
eeT0	4	eeF0	0
uploadedF0	2	uploadedT0	0
rggT2	2	rggF2	0
zigT2	1	zigF2	0
fewT0	1	fewF0	0
etaF2	8	etaT2	0
astT4	2	astF4	0
podcastingF0	1	podcastingT0	0
linksetF0	1	linksetT0	0
upT3	32	upF3	0
preservationF0	3	preservationT0	0
morF2	5	morT2	0
unblockableF0	4	unblockableT0	0
srensenT0	1	srensenF0	0
accomplishedF0	2	accomplishedT0	0
lioF2	5	lioT2	0
zipcodeF0	1	zipcodeT0	0
krT1	2	krF1	0
juiT4	1	juiF4	0
eviF2	1	eviT2	0
limF4	40	limT4	0
anyT4	55	anyF4	0
nhF2	1	nhT2	0
afT3	63	afF3	0
effectsF0	5	effectsT0	0
multiplayerF0	1	multiplayerT0	0
codesF0	6	codesT0	0
grsF4	1	grsT4	0
genesysF0	1	genesysT0	0
opyF2	50	opyT2	0
englishT0	27	englishF0	0
eatingF0	13	eatingT0	0
widelyF0	4	widelyT0	0
salT2	3	salF2	0
lashF0	1	lashT0	0
morningF0	10	morningT0	0
composeF0	3	composeT0	0
depuisT0	2	depuisF0	0
inthecrackF0	2	inthecrackT0	0
zmT1	1	zmF1	0
exchangesT0	1	exchangesF0	0
arcuriT0	1	arcuriF0	0
rgionalT0	2	rgionalF0	0
mergeF0	2	mergeT0	0
allycadT0	1	allycadF0	0
inauguraitonF0	1	inauguraitonT0	0
unsustainableF0	1	unsustainableT0	0
tailightF0	2	tailightT0	0
wheyeT0	1	wheyeF0	0
gsnesF0	1	gsnesT0	0
insT2	27	insF2	0
quarriesT0	1	quarriesF0	0
marinaT0	1	marinaF0	0
analyticsT0	11	analyticsF0	0
cosgroveT0	2	cosgroveF0	0
pumpingF0	2	pumpingT0	0
thomasoverT0	1	thomasoverF0	0
tagF0	2	tagT0	0
scannerF0	3	scannerT0	0
wsF2	8	wsT2	0
adressF0	1	adressT0	0
gnoF2	1	gnoT2	0
lightT0	3	lightF0	0
cornwallF0	1	cornwallT0	0
caracoltoledoT0	1	caracoltoledoF0	0
spaceF0	15	spaceT0	0
warlordsT0	1	warlordsF0	0
ulsT2	1	ulsF2	0
gaT2	3	gaF2	0
elsF2	64	elsT2	0
observedF0	6	observedT0	0
francescoT0	1	francescoF0	0
assduosF0	1	assduosT0	0
tourT0	16	tourF0	0
zioT4	1	zioF4	0
ictT2	22	ictF2	0
blazerF0	1	blazerT0	0
dbzT2	2	dbzF2	0
tvF2	3	tvT2	0
chicagoT0	3	chicagoF0	0
cursoresF0	1	cursoresT0	0
checklistF0	4	checklistT0	0
mindF0	19	mindT0	0
tunerT0	3	tunerF0	0
irritatedF0	1	irritatedT0	0
areasT0	7	areasF0	0
najlepszyF0	1	najlepszyT0	0
babyF0	5	babyT0	0
hughesT0	1	hughesF0	0
costsF0	6	costsT0	0
ffersF0	8	ffersT0	0
cfT1	1	cfF1	0
txtT0	1	txtF0	0
fimF0	2	fimT0	0
bustingF0	2	bustingT0	0
conceptF0	2	conceptT0	0
taeF2	1	taeT2	0
hmeF2	1	hmeT2	0
czT1	2	czF1	0
sexF0	12	sexT0	0
ofrelationshipsF0	1	ofrelationshipsT0	0
hasF0	249	hasT0	0
refresherF0	2	refresherT0	0
cuF0	1	cuT0	0
lindolnF0	1	lindolnT0	0
pictureF0	13	pictureT0	0
myselfF0	21	myselfT0	0
ukhT4	1	ukhF4	0
shaftF0	1	shaftT0	0
cassesF0	1	cassesT0	0
lyeT2	1	lyeF2	0
eepF2	59	eepT2	0
challemgeF0	1	challemgeT0	0
outlineF0	1	outlineT0	0
corpusT0	1	corpusF0	0
qctT4	2	qctF4	0
aidT0	1	aidF0	0
cordialF0	1	cordialT0	0
anniversaryF0	2	anniversaryT0	0
carksT0	1	carksF0	0
abeF0	1	abeT0	0
pricesF0	14	pricesT0	0
constituentF0	2	constituentT0	0
folkloreF0	2	folkloreT0	0
trustT0	6	trustF0	0
proprietyF0	1	proprietyT0	0
amityF0	1	amityT0	0
withservicesF0	1	withservicesT0	0
artisanF0	1	artisanT0	0
krissT0	1	krissF0	0
yleT2	6	yleF2	0
chemistryT0	1	chemistryF0	0
txF0	2	txT0	0
governanceF0	2	governanceT0	0
ppF2	2	ppT2	0
informativeF0	1	informativeT0	0
prF0	23	prT0	0
cybT4	4	cybF4	0
gabT4	5	gabF4	0
whalesF0	1	whalesT0	0
adoT4	7	adoF4	0
cfaT4	1	cfaF4	0
gioiellerieF0	1	gioiellerieT0	0
hitchT0	1	hitchF0	0
costeT0	1	costeF0	0
ibmF4	2	ibmT4	0
toolbarsF0	2	toolbarsT0	0
rugF2	2	rugT2	0
nsF1	914	nsT1	0
identityF0	4	identityT0	0
tamF4	13	tamT4	0
templesF0	6	templesT0	0
btlT0	4	btlF0	0
rnF2	11	rnT2	0
scratchF0	1	scratchT0	0
whichranksF0	1	whichranksT0	0
viF3	474	viT3	0
gbT1	12	gbF1	0
turnsF0	6	turnsT0	0
ohF1	11	ohT1	0
aitT4	1	aitF4	0
hardwareF0	4	hardwareT0	0
werF2	115	werT2	0
beholdT0	1	beholdF0	0
pawT4	1	pawF4	0
likesT0	14	likesF0	0
pewarcT0	1	pewarcF0	0
headlinerT0	2	headlinerF0	0
ydT1	3	ydF1	0
cristalF0	1	cristalT0	0
canineF0	12	canineT0	0
topicalT0	1	topicalF0	0
bsuT2	1	bsuF2	0
suvT2	7	suvF2	0
printsT0	2	printsF0	0
sheddingF0	1	sheddingT0	0
trappingsF0	1	trappingsT0	0
broadcasterF0	1	broadcasterT0	0
stuckF0	2	stuckT0	0
escortF0	1	escortT0	0
waxF0	1	waxT0	0
zionT0	1	zionF0	0
fcT1	43	fcF1	0
disturbedF0	1	disturbedT0	0
mirT4	6	mirF4	0
incorporatedF0	4	incorporatedT0	0
caringT0	2	caringF0	0
representativesT0	2	representativesF0	0
huntedF0	1	huntedT0	0
slickF0	1	slickT0	0
rickiT0	2	rickiF0	0
exceptionalF0	3	exceptionalT0	0
vernerT0	1	vernerF0	0
cazT4	2	cazF4	0
designF0	65	designT0	0
badgesT0	1	badgesF0	0
bookclubsF0	1	bookclubsT0	0
affectionsF0	1	affectionsT0	0
inoculationsF0	1	inoculationsT0	0
childhoodF0	2	childhoodT0	0
helixT0	1	helixF0	0
hoF1	147	hoT1	0
thouT0	1	thouF0	0
diaF4	34	diaT4	0
inactivityT0	1	inactivityF0	0
nyeF4	3	nyeT4	0
srT3	6	srF3	0
agradaF0	2	agradaT0	0
idnumberT0	1	idnumberF0	0
yahooT0	6	yahooF0	0
jiaT4	15	jiaF4	0
otherF0	169	otherT0	0
liquidityT0	22	liquidityF0	0
reaF4	291	reaT4	0
mcdonaldT0	1	mcdonaldF0	0
waF0	4	waT0	0
veyT2	30	veyF2	0
bunchF0	2	bunchT0	0
acrT2	5	acrF2	0
fuckinF0	1	fuckinT0	0
jimT2	1	jimF2	0
roleF0	13	roleT0	0
pngsT0	1	pngsF0	0
niF1	8	niT1	0
ypeF2	27	ypeT2	0
digitalF0	15	digitalT0	0
worksT0	12	worksF0	0
sithT0	1	sithF0	0
apsF2	74	apsT2	0
sitF0	3	sitT0	0
memorialT0	5	memorialF0	0
varietyF0	23	varietyT0	0
touchedF0	1	touchedT0	0
adequateF0	4	adequateT0	0
mfcT2	2	mfcF2	0
lineF0	36	lineT0	0
lvlF2	17	lvlT2	0
pomF4	2	pomT4	0
dilingerF0	1	dilingerT0	0
scrollbarF0	1	scrollbarT0	0
ruralT0	1	ruralF0	0
eachifT0	1	eachifF0	0
donnerF0	5	donnerT0	0
galT4	28	galF4	0
comunidadF0	2	comunidadT0	0
languageT0	4	languageF0	0
itsF0	134	itsT0	0
coT2	23	coF2	0
griF4	17	griT4	0
mtF1	2	mtT1	0
estateF0	17	estateT0	0
pharmaceuticalsT0	16	pharmaceuticalsF0	0
ispT0	3	ispF0	0
registrationinT0	1	registrationinF0	0
vioF2	1	vioT2	0
taaT2	1	taaF2	0
nobleF0	2	nobleT0	0
stepF0	25	stepT0	0
mrF3	1	mrT3	0
alcoholateF0	1	alcoholateT0	0
medT2	4	medF2	0
denverF0	5	denverT0	0
toledobenT0	1	toledobenF0	0
glasgowcollectionT0	1	glasgowcollectionF0	0
candasT0	1	candasF0	0
accustomedF0	1	accustomedT0	0
resourceT0	5	resourceF0	0
fawT4	1	fawF4	0
servicesT0	37	servicesF0	0
brainT0	1	brainF0	0
pioneerF0	3	pioneerT0	0
obligerF0	2	obligerT0	0
irawanT0	1	irawanF0	0
interpersonalT0	1	interpersonalF0	0
inferiorF0	1	inferiorT0	0
boT3	285	boF3	0
ungT2	17	ungF2	0
unknownT0	3	unknownF0	0
orcF2	4	orcT2	0
easternF0	4	easternT0	0
instiganteF0	1	instiganteT0	0
joyT4	1	joyF4	0
brittnyF0	1	brittnyT0	0
soldF0	4	soldT0	0
societyF0	9	societyT0	0
hyF1	66	hyT1	0
ampT4	1	ampF4	0
tbF2	1	tbT2	0
numerousF0	10	numerousT0	0
hamT2	45	hamF2	0
poF3	774	poT3	0
interactionF0	2	interactionT0	0
ipoT4	4	ipoF4	0
interferenceF0	1	interferenceT0	0
factF0	18	factT0	0
flowersF0	2	flowersT0	0
palinT0	2	palinF0	0
awayF0	26	awayT0	0
mkxF0	2	mkxT0	0
taryT0	1	taryF0	0
beritT0	1	beritF0	0
protectorF0	1	protectorT0	0
efaT2	1	efaF2	0
allowedF0	13	allowedT0	0
corsaF0	2	corsaT0	0
andrewsT0	2	andrewsF0	0
spiF4	16	spiT4	0
minnisotaF0	1	minnisotaT0	0
rocketF0	1	rocketT0	0
beijingT0	6	beijingF0	0
imagesF0	46	imagesT0	0
circleF0	2	circleT0	0
lowriderF0	2	lowriderT0	0
possessionF0	1	possessionT0	0
respondedF0	3	respondedT0	0
orientationF0	1	orientationT0	0
marriedF0	4	marriedT0	0
miejsceF0	1	miejsceT0	0
bowT4	10	bowF4	0
emtF0	1	emtT0	0
rungF0	1	rungT0	0
vraimentF0	1	vraimentT0	0
daoT4	1	daoF4	0
visualF0	7	visualT0	0
missF0	12	missT0	0
ezaT2	1	ezaF2	0
aufrichtigT0	1	aufrichtigF0	0
elbowsF0	2	elbowsT0	0
dvrF4	1	dvrT4	0
rpF0	1	rpT0	0
rkT1	348	rkF1	0
iteF4	26	iteT4	0
sensationF0	1	sensationT0	0
teethT0	2	teethF0	0
kulF4	2	kulT4	0
thumbnailF0	2	thumbnailT0	0
lamF2	1	lamT2	0
orgT4	22	orgF4	0
directedF0	5	directedT0	0
electronicallyF0	1	electronicallyT0	0
projectsF0	32	projectsT0	0
harmF0	4	harmT0	0
remasteredF0	1	remasteredT0	0
psyT4	1	psyF4	0
soberlyF0	1	soberlyT0	0
ecT2	4	ecF2	0
maximumF0	10	maximumT0	0
sitebyF0	1	sitebyT0	0
tradeT0	6	tradeF0	0
ahT1	26	ahF1	0
gamesinF0	2	gamesinT0	0
commentcontrolT0	6	commentcontrolF0	0
venturingF0	1	venturingT0	0
ssbT4	2	ssbF4	0
coltF0	1	coltT0	0
casinosF0	1	casinosT0	0
blockerF0	5	blockerT0	0
otficaF0	1	otficaT0	0
strongerF0	1	strongerT0	0
reuF4	3	reuT4	0
adserverT0	1	adserverF0	0
businessrockfordF0	1	businessrockfordT0	0
potsF0	3	potsT0	0
voltarF0	1	voltarT0	0
gotT2	3	gotF2	0
boroughF0	1	boroughT0	0
snuF4	1	snuT4	0
ufcT4	1	ufcF4	0
toasterT0	1	toasterF0	0
sorT2	4	sorF2	0
dcT3	58	dcF3	0
ohwF2	1	ohwT2	0
lsF3	2	lsT3	0
receiptF0	1	receiptT0	0
grovesT0	1	grovesF0	0
nikkiT0	1	nikkiF0	0
roastedF0	1	roastedT0	0
indexingF0	2	indexingT0	0
moldingF0	1	moldingT0	0
gtT3	6	gtF3	0
filmF0	8	filmT0	0
networkT0	20	networkF0	0
scrT4	25	scrF4	0
bagT4	2	bagF4	0
boyfriendT0	2	boyfriendF0	0
gnaT2	1	gnaF2	0
selF2	5	selT2	0
notedF0	4	notedT0	0
hacksF0	1	hacksT0	0
welT4	41	welF4	0
landsF0	2	landsT0	0
mobileT0	3	mobileF0	0
pdfF2	5	pdfT2	0
rulerF0	2	rulerT0	0
motF0	4	motT0	0
ryF1	929	ryT1	0
grandmaT0	1	grandmaF0	0
babbageF0	1	babbageT0	0
exoF4	2	exoT4	0
rallisportT0	4	rallisportF0	0
vintageF0	14	vintageT0	0
lifeamT0	1	lifeamF0	0
nnrF2	1	nnrT2	0
shemalesF0	2	shemalesT0	0
feedF0	3	feedT0	0
missionT0	3	missionF0	0
xeT1	3	xeF1	0
gpF1	1	gpT1	0
balladF0	1	balladT0	0
enoF4	26	enoT4	0
adeT4	2	adeF4	0
travelF0	35	travelT0	0
rumT2	11	rumF2	0
rowF2	12	rowT2	0
aerF4	3	aerT4	0
puT3	128	puF3	0
cavingF0	1	cavingT0	0
naiF4	7	naiT4	0
sbwF4	1	sbwT4	0
miF2	6	miT2	0
sonF0	8	sonT0	0
beltsF0	1	beltsT0	0
clickableF0	1	clickableT0	0
adonisT0	2	adonisF0	0
financiasT0	1	financiasF0	0
puzzleF0	1	puzzleT0	0
countermarchedF0	1	countermarchedT0	0
takT2	25	takF2	0
correspondenceF0	1	correspondenceT0	0
agreementF0	4	agreementT0	0
opeF2	32	opeT2	0
wnT3	1	wnF3	0
millionT0	1	millionF0	0
bbF0	1	bbT0	0
horrifiedF0	1	horrifiedT0	0
arthroscopyF0	1	arthroscopyT0	0
pinkF0	1	pinkT0	0
beinF0	1	beinT0	0
airF0	29	airT0	0
presidencyF0	1	presidencyT0	0
yerF0	1	yerT0	0
individualsF0	9	individualsT0	0
agT2	1	agF2	0
blinkF0	1	blinkT0	0
peterboroughT0	1	peterboroughF0	0
girlfriendF0	1	girlfriendT0	0
creditedF0	2	creditedT0	0
baeF0	1	baeT0	0
listF0	59	listT0	0
sanF4	61	sanT4	0
curlingT0	1	curlingF0	0
southeastF0	4	southeastT0	0
ljF2	1	ljT2	0
bysF2	1	bysT2	0
whF3	1055	whT3	0
engineersF0	1	engineersT0	0
womanT0	3	womanF0	0
graciasT0	2	graciasF0	0
oncT2	2	oncF2	0
crwF4	1	crwT4	0
wmfT2	1	wmfF2	0
gamestopT0	1	gamestopF0	0
targetedF0	1	targetedT0	0
prpT4	1	prpF4	0
wrF3	132	wrT3	0
sociableF0	1	sociableT0	0
sibT4	2	sibF4	0
shitT0	1	shitF0	0
profitingF0	1	profitingT0	0
reiT2	1	reiF2	0
khaT4	5	khaF4	0
passarF0	2	passarT0	0
nuaF2	3	nuaT2	0
sourcesF0	10	sourcesT0	0
raoF4	1	raoT4	0
pumT4	8	pumF4	0
unexpectedlyF0	1	unexpectedlyT0	0
macsT0	1	macsF0	0
wreckF0	2	wreckT0	0
urT1	181	urF1	0
tideF0	2	tideT0	0
oublieF0	2	oublieT0	0
hangingT0	1	hangingF0	0
fwyT0	2	fwyF0	0
talentF0	4	talentT0	0
asianT0	5	asianF0	0
distressedF0	1	distressedT0	0
suspiciouslyF0	1	suspiciouslyT0	0
provenF0	2	provenT0	0
forensicsF0	1	forensicsT0	0
asvT2	2	asvF2	0
lusT2	11	lusF2	0
erratasheetT0	1	erratasheetF0	0
nsumerF0	2	nsumerT0	0
promisesF0	3	promisesT0	0
historyF0	40	historyT0	0
crditosF0	1	crditosT0	0
mercedesF0	1	mercedesT0	0
webmasterT0	2	webmasterF0	0
originallyT0	5	originallyF0	0
levelT0	24	levelF0	0
unoT4	1	unoF4	0
ebelingT0	1	ebelingF0	0
iepT4	1	iepF4	0
nthT2	1	nthF2	0
rtfF4	1	rtfT4	0
allofficialF0	1	allofficialT0	0
loT3	225	loF3	0
recoverF0	2	recoverT0	0
hallelujahT0	1	hallelujahF0	0
thisparagraphT0	1	thisparagraphF0	0
exploringF0	7	exploringT0	0
cesarF0	1	cesarT0	0
almF2	10	almT2	0
sanT0	31	sanF0	0
jeeT4	1	jeeF4	0
isodeF0	1	isodeT0	0
addonF0	3	addonT0	0
belizecoveringT0	1	belizecoveringF0	0
broadcastsF0	1	broadcastsT0	0
lasT2	15	lasF2	0
dotaF0	2	dotaT0	0
plzT0	1	plzF0	0
polarT0	2	polarF0	0
jeanF0	2	jeanT0	0
ngeF2	167	ngeT2	0
bogieF0	1	bogieT0	0
flipbookT0	2	flipbookF0	0
mainlandT0	1	mainlandF0	0
fayT2	1	fayF2	0
haveT0	14	haveF0	0
kantT0	1	kantF0	0
goalsF0	1	goalsT0	0
sunF4	22	sunT4	0
crpsT0	1	crpsF0	0
ouvertsT0	11	ouvertsF0	0
bukF4	2	bukT4	0
seF0	31	seT0	0
teilifiseF0	1	teilifiseT0	0
phpT4	9	phpF4	0
brandiF0	1	brandiT0	0
humT2	1	humF2	0
mercyT0	1	mercyF0	0
oraF4	5	oraT4	0
idiT2	2	idiF2	0
kabF4	1	kabT4	0
chargedF0	3	chargedT0	0
mageT0	1	mageF0	0
oolT2	15	oolF2	0
caicT0	1	caicF0	0
cafT4	3	cafF4	0
solieT0	1	solieF0	0
rtT2	1	rtF2	0
feeF2	17	feeT2	0
likT2	2	likF2	0
abiT2	2	abiF2	0
specuumF0	1	specuumT0	0
bullyingF0	1	bullyingT0	0
bukT0	1	bukF0	0
facingF0	3	facingT0	0
manF0	29	manT0	0
temperatureF0	6	temperatureT0	0
besF2	8	besT2	0
tesF4	49	tesT4	0
wiF2	7	wiT2	0
trainF0	4	trainT0	0
czaT4	1	czaF4	0
postprocessorT0	1	postprocessorF0	0
plummetF0	1	plummetT0	0
congressesF0	1	congressesT0	0
unromanticF0	1	unromanticT0	0
eitF4	22	eitT4	0
thesehtmlT0	1	thesehtmlF0	0
spankiesT0	1	spankiesF0	0
eenF4	1	eenT4	0
biscuitsF0	1	biscuitsT0	0
layF0	6	layT0	0
ifcF0	1	ifcT0	0
getT2	69	getF2	0
paraT0	1	paraF0	0
cxT3	1	cxF3	0
usT0	89	usF0	0
kruT4	1	kruF4	0
carT2	17	carF2	0
jobsT0	3	jobsF0	0
lightweightF0	1	lightweightT0	0
logF4	64	logT4	0
indicatesF0	6	indicatesT0	0
plazaF0	2	plazaT0	0
awlF2	1	awlT2	0
lensF0	1	lensT0	0
duchT0	2	duchF0	0
witT2	1	witF2	0
fgF1	1	fgT1	0
pouvaitF0	1	pouvaitT0	0
hungF0	1	hungT0	0
fcuT4	1	fcuF4	0
worseF0	4	worseT0	0
aarT4	3	aarF4	0
detalhesT0	1	detalhesF0	0
gjT3	3	gjF3	0
watersafeF0	1	watersafeT0	0
vamF2	2	vamT2	0
eelT2	8	eelF2	0
snorkelersthereT0	1	snorkelersthereF0	0
chlorobenzoylT0	4	chlorobenzoylF0	0
sharingF0	9	sharingT0	0
imF2	3	imT2	0
updatesT0	1	updatesF0	0
statF0	1	statT0	0
cickT0	3	cickF0	0
eallF0	1	eallT0	0
shirtF0	6	shirtT0	0
wivF4	2	wivT4	0
lewT4	2	lewF4	0
tiT1	45	tiF1	0
irT3	23	irF3	0
glaT4	11	glaF4	0
handyF0	4	handyT0	0
ipaF2	1	ipaT2	0
implementedT0	1	implementedF0	0
leslieF0	1	leslieT0	0
tgT3	1	tgF3	0
ifyT4	2	ifyF4	0
stopF0	16	stopT0	0
cdT3	1	cdF3	0
residentF0	7	residentT0	0
presentationT0	2	presentationF0	0
boldlyF0	1	boldlyT0	0
kwhT2	1	kwhF2	0
speamF0	1	speamT0	0
actF4	108	actT4	0
acceptableT0	1	acceptableF0	0
ndtF0	2	ndtT0	0
requirementsF0	15	requirementsT0	0
adamsF0	1	adamsT0	0
clickingT0	3	clickingF0	0
cassidyF0	2	cassidyT0	0
collectiveF0	3	collectiveT0	0
chevelleT0	1	chevelleF0	0
stiF0	1	stiT0	0
sjT1	3	sjF1	0
xxxT2	3	xxxF2	0
mcdT4	1	mcdF4	0
davidsonF0	1	davidsonT0	0
araT4	6	araF4	0
taiT4	4	taiF4	0
gossipedF0	1	gossipedT0	0
nysF0	1	nysT0	0
higF4	73	higT4	0
atyF2	4	atyT2	0
migrantF0	4	migrantT0	0
mpT1	48	mpF1	0
krovytskaF0	1	krovytskaT0	0
parentF0	14	parentT0	0
caF0	12	caT0	0
sellersT0	3	sellersF0	0
notaF0	1	notaT0	0
utmF4	3	utmT4	0
zuT3	4	zuF3	0
bzdT2	1	bzdF2	0
desktopT0	1	desktopF0	0
gulfT0	2	gulfF0	0
geologicalF0	1	geologicalT0	0
uifF2	1	uifT2	0
zolaT0	4	zolaF0	0
treatingF0	1	treatingT0	0
extraordinaryF0	4	extraordinaryT0	0
fifeT0	1	fifeF0	0
teeT4	6	teeF4	0
douT4	5	douF4	0
fahrenheitT0	1	fahrenheitF0	0
acabarF0	7	acabarT0	0
plugT0	1	plugF0	0
deveT0	3	deveF0	0
rkeF4	1	rkeT4	0
asfF2	1	asfT2	0
sinceT0	16	sinceF0	0
simultaneouslyF0	1	simultaneouslyT0	0
parwanaF0	1	parwanaT0	0
goldsonT0	2	goldsonF0	0
dirtyF0	5	dirtyT0	0
brookstoneT0	1	brookstoneF0	0
tamT0	1	tamF0	0
metimesF0	1	metimesT0	0
dieseT0	1	dieseF0	0
zenitT0	1	zenitF0	0
louisT0	2	louisF0	0
jagF0	4	jagT0	0
elaF0	17	elaT0	0
issuancesT0	1	issuancesF0	0
lagT4	2	lagF4	0
svF3	6	svT3	0
visT4	31	visF4	0
onT1	1233	onF1	0
stuT4	59	stuF4	0
mustamgF0	1	mustamgT0	0
minelabF0	1	minelabT0	0
styF4	23	styT4	0
cakeF0	4	cakeT0	0
basicallysubsistenceF0	1	basicallysubsistenceT0	0
dunbarT0	1	dunbarF0	0
oofF2	9	oofT2	0
obviusF0	2	obviusT0	0
hereT0	48	hereF0	0
ourF4	187	ourT4	0
ndT2	1	ndF2	0
melT4	199	melF4	0
kmF0	2	kmT0	0
opinioF0	1	opinioT0	0
gameT0	21	gameF0	0
achouF0	1	achouT0	0
chineselibraryT0	1	chineselibraryF0	0
hysT2	1	hysF2	0
formhelpfulT0	1	formhelpfulF0	0
nsavesF0	1	nsavesT0	0
iriF2	1	iriT2	0
philosophersF0	2	philosophersT0	0
posT4	150	posF4	0
massiveF0	1	massiveT0	0
bcuF2	1	bcuT2	0
entertainingF0	2	entertainingT0	0
forteF0	1	forteT0	0
infinitaF0	1	infinitaT0	0
locksF0	2	locksT0	0
usesT0	5	usesF0	0
jamisF0	1	jamisT0	0
groT4	21	groF4	0
itaT4	29	itaF4	0
oddenT0	1	oddenF0	0
mfgF2	1	mfgT2	0
tftF2	1	tftT2	0
australianT0	2	australianF0	0
zecF4	1	zecT4	0
customizationsT0	2	customizationsF0	0
bedsF0	2	bedsT0	0
slavesF0	1	slavesT0	0
badlyT0	1	badlyF0	0
resettlementheartT0	1	resettlementheartF0	0
stamenF0	1	stamenT0	0
gurF2	1	gurT2	0
fortyF0	1	fortyT0	0
dieselF0	1	dieselT0	0
ajeF2	1	ajeT2	0
skaggsT0	1	skaggsF0	0
ducosT0	1	ducosF0	0
retentiveF0	1	retentiveT0	0
qstF2	1	qstT2	0
postagensF0	2	postagensT0	0
remnantsF0	2	remnantsT0	0
aluminumF0	4	aluminumT0	0
ianT0	1	ianF0	0
booT2	2	booF2	0
osteoarthriticT0	1	osteoarthriticF0	0
garF2	13	garT2	0
voT3	31	voF3	0
puyT2	1	puyF2	0
freelancingF0	7	freelancingT0	0
bewT4	1	bewF4	0
ybeT2	6	ybeF2	0
bookaT0	1	bookaF0	0
abundantlyF0	1	abundantlyT0	0
rdvT0	1	rdvF0	0
swrT4	1	swrF4	0
molT4	5	molF4	0
huskiesT0	1	huskiesF0	0
cuberaF0	2	cuberaT0	0
wouldlikeF0	1	wouldlikeT0	0
serversT0	15	serversF0	0
writersT0	1	writersF0	0
homelessF0	1	homelessT0	0
apT3	89	apF3	0
propongaF0	2	propongaT0	0
unusedF0	1	unusedT0	0
kerF4	1	kerT4	0
veriT0	1	veriF0	0
mozillaT0	6	mozillaF0	0
aadaaF0	1	aadaaT0	0
truncatedF0	1	truncatedT0	0
submittingF0	1	submittingT0	0
tiedF0	5	tiedT0	0
eleT2	3	eleF2	0
croF2	2	croT2	0
catT0	4	catF0	0
facesF0	2	facesT0	0
emailingF0	1	emailingT0	0
requestsF0	5	requestsT0	0
daaF2	1	daaT2	0
reportingT0	5	reportingF0	0
aibrisT0	1	aibrisF0	0
becT4	18	becF4	0
decT2	83	decF2	0
aroseF0	1	aroseT0	0
portfolioF0	1	portfolioT0	0
prevailsF0	1	prevailsT0	0
vacF2	1	vacT2	0
gehT4	1	gehF4	0
jaF3	54	jaT3	0
azyT2	1	azyF2	0
kurT4	4	kurF4	0
totsT0	1	totsF0	0
necT2	1	necF2	0
cooperT0	2	cooperF0	0
bhpF2	1	bhpT2	0
walkerT0	1	walkerF0	0
dumbbellsF0	1	dumbbellsT0	0
naidheachdanF0	1	naidheachdanT0	0
steepleT0	1	steepleF0	0
mdT3	2	mdF3	0
csvT0	1	csvF0	0
nigT4	7	nigF4	0
webcamsF0	1	webcamsT0	0
screenwritingF0	1	screenwritingT0	0
fittingsT0	7	fittingsF0	0
krolT0	6	krolF0	0
servicingF0	3	servicingT0	0
oriT2	5	oriF2	0
foodF0	17	foodT0	0
esignateF0	1	esignateT0	0
olsF2	38	olsT2	0
assembleT0	2	assembleF0	0
agfF4	2	agfT4	0
landsantaT0	1	landsantaF0	0
conditionsT0	3	conditionsF0	0
heathF0	3	heathT0	0
tempT0	1	tempF0	0
yourvisitF0	1	yourvisitT0	0
idF1	248	idT1	0
oneT0	36	oneF0	0
xdT2	5	xdF2	0
dyeF4	3	dyeT4	0
indirectF0	1	indirectT0	0
pecF4	2	pecT4	0
parkT0	73	parkF0	0
responderemF0	1	responderemT0	0
doncT0	2	doncF0	0
gamerF0	1	gamerT0	0
lisT4	47	lisF4	0
dusF4	1	dusT4	0
bigF0	18	bigT0	0
phF0	5	phT0	0
iwlF4	1	iwlT4	0
coisasF0	4	coisasT0	0
sboxF0	1	sboxT0	0
exT1	101	exF1	0
daeT4	1	daeF4	0
locallyhelpfulT0	1	locallyhelpfulF0	0
rsoT2	2	rsoF2	0
ableF0	38	ableT0	0
weldingT0	1	weldingF0	0
dvdT4	27	dvdF4	0
gravityF0	1	gravityT0	0
pmT1	91	pmF1	0
oneF4	270	oneT4	0
arrivingF0	7	arrivingT0	0
aluF4	6	aluT4	0
neuT4	3	neuF4	0
gilletteT0	1	gilletteF0	0
leavesF0	5	leavesT0	0
drF2	1	drT2	0
opF3	287	opT3	0
australiaT0	16	australiaF0	0
haroldF0	1	haroldT0	0
assemblyT0	2	assemblyF0	0
reckoningF0	1	reckoningT0	0
changeT0	47	changeF0	0
reserveblueT0	1	reserveblueF0	0
disclaimT0	5	disclaimF0	0
qipT2	1	qipF2	0
cambridgeF0	1	cambridgeT0	0
slotT0	2	slotF0	0
catF4	104	catT4	0
organizationsF0	7	organizationsT0	0
largestF0	105	largestT0	0
caractF0	1	caractT0	0
makerF0	2	makerT0	0
dumpingT0	1	dumpingF0	0
infamousF0	1	infamousT0	0
denominationsF0	1	denominationsT0	0
whoseF0	8	whoseT0	0
olsenforT0	1	olsenforF0	0
cryF2	4	cryT2	0
laF1	84	laT1	0
seingF0	1	seingT0	0
photographicT0	1	photographicF0	0
transitionalF0	2	transitionalT0	0
ochF2	2	ochT2	0
jiffyT0	2	jiffyF0	0
ctsT2	95	ctsF2	0
teacherF0	1	teacherT0	0
ozaT2	1	ozaF2	0
escrevamF0	2	escrevamT0	0
rouF4	72	rouT4	0
ulF1	141	ulT1	0
drumT0	1	drumF0	0
locT4	42	locF4	0
kinF4	59	kinT4	0
floatF0	1	floatT0	0
ahoF4	1	ahoT4	0
wellersT0	1	wellersF0	0
tumF4	2	tumT4	0
feF3	298	feT3	0
huntsF0	1	huntsT0	0
lakF4	9	lakT4	0
policiesF0	3	policiesT0	0
milF4	52	milT4	0
dannyloveT0	1	dannyloveF0	0
jalbtcxT0	3	jalbtcxF0	0
experiencedT0	2	experiencedF0	0
legendsT0	1	legendsF0	0
vortexT0	1	vortexF0	0
degF2	7	degT2	0
jewelsF0	2	jewelsT0	0
isualF0	1	isualT0	0
providerswepartnerT0	1	providerswepartnerF0	0
nemT2	1	nemF2	0
holdsT0	1	holdsF0	0
udsF4	1	udsT4	0
actionT0	5	actionF0	0
fuT3	91	fuF3	0
kokomoF0	1	kokomoT0	0
stretchedT0	2	stretchedF0	0
tobermanT0	1	tobermanF0	0
aliT2	7	aliF2	0
rangingF0	3	rangingT0	0
explosivesT0	1	explosivesF0	0
ngaT2	2	ngaF2	0
frictionF0	1	frictionT0	0
tendsF0	1	tendsT0	0
racingF0	4	racingT0	0
nltF2	1	nltT2	0
officepotentialT0	1	officepotentialF0	0
valveF0	3	valveT0	0
rewF2	8	rewT2	0
mirandaT0	3	mirandaF0	0
foundT0	7	foundF0	0
responsibilityF0	11	responsibilityT0	0
nycT2	3	nycF2	0
foghlaimeoirF0	1	foghlaimeoirT0	0
ravemnaF0	1	ravemnaT0	0
lseF2	36	lseT2	0
cabinetF0	1	cabinetT0	0
ughF2	150	ughT2	0
pigT2	17	pigF2	0
kyreneT0	1	kyreneF0	0
cruisesF0	1	cruisesT0	0
batchT0	12	batchF0	0
kidT0	1	kidF0	0
geographyT0	5	geographyF0	0
oopF2	7	oopT2	0
ktF3	1	ktT3	0
indefinitelyF0	1	indefinitelyT0	0
correctF0	10	correctT0	0
wroughtF0	2	wroughtT0	0
windowF0	59	windowT0	0
accompaniedF0	4	accompaniedT0	0
showsF0	14	showsT0	0
faqT0	7	faqF0	0
visualizeF0	1	visualizeT0	0
geodeticT0	1	geodeticF0	0
demT2	2	demF2	0
riaF0	1	riaT0	0
bumF2	3	bumT2	0
rhodeT0	1	rhodeF0	0
feaT2	1	feaF2	0
berlusconiT0	3	berlusconiF0	0
usersF0	51	usersT0	0
disalignedF0	2	disalignedT0	0
delayedT0	1	delayedF0	0
focusF0	7	focusT0	0
desertedF0	1	desertedT0	0
zeroT0	2	zeroF0	0
roaF4	20	roaT4	0
restrainF0	1	restrainT0	0
janaT0	1	janaF0	0
fiercerF0	1	fiercerT0	0
preventF0	10	preventT0	0
phtF4	1	phtT4	0
additionF0	28	additionT0	0
porkF0	1	porkT0	0
braveF0	3	braveT0	0
workshopsT0	3	workshopsF0	0
coursesF0	13	coursesT0	0
instantlyT0	1	instantlyF0	0
ermF2	10	ermT2	0
lawF2	18	lawT2	0
tourismeT0	1	tourismeF0	0
lauF4	21	lauT4	0
aboundsF0	1	aboundsT0	0
usepasswordF0	1	usepasswordT0	0
rollerF0	1	rollerT0	0
ospT4	1	ospF4	0
teiF4	1	teiT4	0
kitchenF0	3	kitchenT0	0
gistsF0	1	gistsT0	0
generalcaddT0	1	generalcaddF0	0
bestT0	54	bestF0	0
mpaT4	1	mpaF4	0
hauT4	4	hauF4	0
greT4	65	greF4	0
paidF0	7	paidT0	0
myspaceF0	5	myspaceT0	0
designatedF0	8	designatedT0	0
mayoptF0	1	mayoptT0	0
czeF4	1	czeT4	0
hayesT0	2	hayesF0	0
rafaelsT0	1	rafaelsF0	0
desboroughT0	1	desboroughF0	0
tusT4	1	tusF4	0
testT0	14	testF0	0
ticT2	34	ticF2	0
talkT0	3	talkF0	0
republicT0	8	republicF0	0
icF2	1	icT2	0
totalT0	7	totalF0	0
razpisihF0	1	razpisihT0	0
hisF2	718	hisT2	0
fallsT0	3	fallsF0	0
providingF0	23	providingT0	0
agesimachosT0	1	agesimachosF0	0
hydraulicsT0	1	hydraulicsF0	0
citT2	2	citF2	0
kanF2	1	kanT2	0
entersensitiveF0	1	entersensitiveT0	0
bastanteF0	1	bastanteT0	0
sampleF0	7	sampleT0	0
passedF0	2	passedT0	0
beyT2	2	beyF2	0
jasoerF0	1	jasoerT0	0
responsibilitiesF0	1	responsibilitiesT0	0
sipF4	2	sipT4	0
heF1	5854	heT1	0
mortT0	2	mortF0	0
declineT0	1	declineF0	0
poiT4	8	poiF4	0
creativityT0	3	creativityF0	0
isT2	37	isF2	0
cncT4	8	cncF4	0
creoleT0	2	creoleF0	0
sirF2	2	sirT2	0
ombT4	1	ombF4	0
argF2	4	argT2	0
constructionsF0	1	constructionsT0	0
destroyingF0	1	destroyingT0	0
noseyF0	1	noseyT0	0
programT0	30	programF0	0
playstationT0	8	playstationF0	0
avaF4	85	avaT4	0
ceT2	9	ceF2	0
vsF3	1	vsT3	0
drainF0	1	drainT0	0
thT2	3	thF2	0
farmingF0	18	farmingT0	0
risingF0	2	risingT0	0
rubberF0	4	rubberT0	0
obedT0	1	obedF0	0
influencingF0	1	influencingT0	0
unitT0	4	unitF0	0
watF4	146	watT4	0
molecularT0	4	molecularF0	0
puntaT0	12	puntaF0	0
gerT4	27	gerF4	0
clanF0	1	clanT0	0
whiT4	102	whiF4	0
hailesT0	1	hailesF0	0
oxyF4	1	oxyT4	0
wallF0	7	wallT0	0
msrpT0	1	msrpF0	0
digestF0	1	digestT0	0
bombingF0	1	bombingT0	0
kfT3	1	kfF3	0
sariwangF0	1	sariwangT0	0
mexicT0	1	mexicF0	0
presleyF0	2	presleyT0	0
rabbitF0	1	rabbitT0	0
avaT0	1	avaF0	0
barredT0	1	barredF0	0
backwaterT0	1	backwaterF0	0
duiT0	2	duiF0	0
cutT0	6	cutF0	0
coursF0	1	coursT0	0
frieslandT0	1	frieslandF0	0
powF4	67	powT4	0
kimberleyT0	1	kimberleyF0	0
maizeT0	1	maizeF0	0
sofT4	9	sofF4	0
camcF0	1	camcT0	0
cutF4	19	cutT4	0
payT2	3	payF2	0
haaT4	1	haaF4	0
ragF2	3	ragT2	0
winfreyT0	2	winfreyF0	0
wmvF0	1	wmvT0	0
tooT4	19	tooF4	0
xecuterT0	2	xecuterF0	0
catastropheF0	1	catastropheT0	0
bisT4	6	bisF4	0
thraidisintaF0	1	thraidisintaT0	0
conditionedF0	3	conditionedT0	0
vmsF4	4	vmsT4	0
rtlpT0	2	rtlpF0	0
pcT1	20	pcF1	0
histT0	3	histF0	0
cylT4	1	cylF4	0
gnF3	3	gnT3	0
peiT4	1	peiF4	0
xoT1	1	xoF1	0
odT1	81	odF1	0
nursingF0	3	nursingT0	0
absT2	2	absF2	0
contedoF0	1	contedoT0	0
environmentalT0	14	environmentalF0	0
embassyT0	1	embassyF0	0
noT1	133	noF1	0
uncommonF0	1	uncommonT0	0
nasasT0	1	nasasF0	0
marT2	19	marF2	0
aodT4	1	aodF4	0
lentilF0	1	lentilT0	0
auxF2	5	auxT2	0
sophieT0	6	sophieF0	0
cuttersF0	1	cuttersT0	0
lesF2	250	lesT2	0
ajaT2	1	ajaF2	0
reservedF0	6	reservedT0	0
ballotF0	3	ballotT0	0
hmsT4	2	hmsF4	0
asnF4	1	asnT4	0
outlawF0	1	outlawT0	0
aroF4	76	aroT4	0
lushF0	2	lushT0	0
pegandoF0	1	pegandoT0	0
tenderestF0	1	tenderestT0	0
hydrographicT0	1	hydrographicF0	0
daqT2	1	daqF2	0
chargeF0	7	chargeT0	0
scoreT0	2	scoreF0	0
skulkF0	1	skulkT0	0
setF4	246	setT4	0
gamemasterF0	1	gamemasterT0	0
koschwitzT0	1	koschwitzF0	0
meT2	16	meF2	0
imbeclF0	1	imbeclT0	0
emailT0	10	emailF0	0
concordT0	1	concordF0	0
barryT0	2	barryF0	0
unnaturalF0	1	unnaturalT0	0
atmF4	2	atmT4	0
dosF0	1	dosT0	0
raymondF0	1	raymondT0	0
childishF0	1	childishT0	0
reelF0	7	reelT0	0
atoF2	8	atoT2	0
turbocadT0	1	turbocadF0	0
quotedF0	1	quotedT0	0
presentsF0	8	presentsT0	0
risF2	8	risT2	0
slidesF0	1	slidesT0	0
justF0	124	justT0	0
watchedF0	1	watchedT0	0
privasidadeF0	1	privasidadeT0	0
xiF1	8	xiT1	0
mitT2	10	mitF2	0
warpF0	1	warpT0	0
awareF0	5	awareT0	0
nswF2	1	nswT2	0
wheretheF0	1	wheretheT0	0
stT1	571	stF1	0
databasesF0	8	databasesT0	0
owningF0	1	owningT0	0
tsundereT0	1	tsundereF0	0
displayT0	3	displayF0	0
numbersT0	1	numbersF0	0
shT3	275	shF3	0
toiF4	2	toiT4	0
ursusT0	2	ursusF0	0
ltF2	40	ltT2	0
queryisT0	5	queryisF0	0
fittedF0	3	fittedT0	0
searchingT0	1	searchingF0	0
bpT2	1	bpF2	0
resT2	98	resF2	0
mongolianT0	1	mongolianF0	0
gertrudeT0	1	gertrudeF0	0
nyuT4	1	nyuF4	0
proncesinhaF0	1	proncesinhaT0	0
hewF2	1	hewT2	0
treeF0	19	treeT0	0
multiculturalismF0	2	multiculturalismT0	0
ownT2	34	ownF2	0
settlementinT0	1	settlementinF0	0
heuF4	3	heuT4	0
metallurgyT0	1	metallurgyF0	0
einF0	1	einT0	0
rauT4	1	rauF4	0
aspectF0	2	aspectT0	0
jF0	16	jT0	0
empF4	43	empT4	0
domT2	12	domF2	0
oboT2	1	oboF2	0
casinF0	1	casinT0	0
exceedF0	3	exceedT0	0
becauseF0	60	becauseT0	0
rebarF0	1	rebarT0	0
laterT0	1	laterF0	0
dickinsonT0	1	dickinsonF0	0
flowT0	1	flowF0	0
doaT4	1	doaF4	0
problemaF0	1	problemaT0	0
hioT2	38	hioF2	0
dragF0	3	dragT0	0
lksT2	3	lksF2	0
assuringF0	1	assuringT0	0
fictionF0	1	fictionT0	0
tlhT4	1	tlhF4	0
alternativelyF0	1	alternativelyT0	0
conT2	8	conF2	0
chyF2	3	chyT2	0
regionalneT0	1	regionalneF0	0
silT4	28	silF4	0
bloodF0	4	bloodT0	0
vegF4	8	vegT4	0
hullsF0	1	hullsT0	0
uetF2	1	uetT2	0
piccolinaF0	1	piccolinaT0	0
horizontalF0	1	horizontalT0	0
shudderedF0	1	shudderedT0	0
kimberleeT0	1	kimberleeF0	0
numbF0	1	numbT0	0
biaT2	6	biaF2	0
ambienT0	1	ambienF0	0
relyF0	1	relyT0	0
svaT2	1	svaF2	0
girF4	18	girT4	0
ssT2	1	ssF2	0
clothesF0	2	clothesT0	0
expectedF0	7	expectedT0	0
americatelephoneT0	1	americatelephoneF0	0
safelyF0	1	safelyT0	0
invitesF0	1	invitesT0	0
ramirezF0	1	ramirezT0	0
handmadeF0	1	handmadeT0	0
howF2	173	howT2	0
familiarraceT0	1	familiarraceF0	0
diseaseF0	2	diseaseT0	0
chanT0	4	chanF0	0
handleT0	1	handleF0	0
exerciseT0	1	exerciseF0	0
sbaT2	1	sbaF2	0
fcmT2	1	fcmF2	0
uniT0	1	uniF0	0
volumeF0	3	volumeT0	0
overniteT0	1	overniteF0	0
teangaF0	1	teangaT0	0
bibliographicalF0	1	bibliographicalT0	0
fieT4	5	fieF4	0
eofF2	7	eofT2	0
gunT2	1	gunF2	0
fmT1	1	fmF1	0
diaT0	1	diaF0	0
basicT0	1	basicF0	0
cinF2	1	cinT2	0
elyT2	13	elyF2	0
snookF0	5	snookT0	0
cofF4	8	cofT4	0
customizableF0	1	customizableT0	0
bauF4	1	bauT4	0
orF1	2621	orT1	0
zoF3	11	zoT3	0
timelyF0	3	timelyT0	0
ilustrarF0	1	ilustrarT0	0
ibeF2	12	ibeT2	0
jaimeT0	2	jaimeF0	0
jaguarF0	3	jaguarT0	0
lunchF0	2	lunchT0	0
readingF0	20	readingT0	0
lyT3	3	lyF3	0
comeT0	14	comeF0	0
nakupovanjeT0	1	nakupovanjeF0	0
uhT1	2	uhF1	0
reF1	2419	reT1	0
epiT4	10	epiF4	0
houF4	116	houT4	0
pulsingF0	1	pulsingT0	0
xtunerF0	1	xtunerT0	0
orcishT0	20	orcishF0	0
rcF3	1	rcT3	0
floodingfewT0	1	floodingfewF0	0
elT3	28	elF3	0
juF3	171	juT3	0
romF2	621	romT2	0
latterF0	4	latterT0	0
devanF0	1	devanT0	0
crackF0	4	crackT0	0
recuerdosF0	2	recuerdosT0	0
discoveriesF0	1	discoveriesT0	0
cafepressT0	1	cafepressF0	0
methodsF0	8	methodsT0	0
dependF0	2	dependT0	0
anditF0	1	anditT0	0
nessaF0	2	nessaT0	0
blastT0	1	blastF0	0
countryT0	10	countryF0	0
idaF4	3	idaT4	0
ilkT2	2	ilkF2	0
partnershipF0	4	partnershipT0	0
heuresF0	2	heuresT0	0
ainF4	5	ainT4	0
cnT3	9	cnF3	0
contrastingF0	1	contrastingT0	0
clipF0	1	clipT0	0
fantasiesF0	1	fantasiesT0	0
msF2	1	msT2	0
ercF2	3	ercT2	0
uteF2	66	uteT2	0
appliesF0	4	appliesT0	0
colorsT0	7	colorsF0	0
quT2	3	quF2	0
deeF4	22	deeT4	0
upsideF0	2	upsideT0	0
dinedF0	1	dinedT0	0
noaT4	5	noaF4	0
ngoF2	1	ngoT2	0
ankF2	26	ankT2	0
thrF2	2	thrT2	0
celebridadeF0	1	celebridadeT0	0
sadF4	4	sadT4	0
materialsT0	8	materialsF0	0
jawF4	4	jawT4	0
eisenachT0	4	eisenachF0	0
cubF2	3	cubT2	0
accommodationF0	3	accommodationT0	0
evenT0	15	evenF0	0
urgF2	4	urgT2	0
directorateT0	4	directorateF0	0
buyF0	25	buyT0	0
mistressT0	1	mistressF0	0
wtF1	2	wtT1	0
audF2	1	audT2	0
juanT0	5	juanF0	0
relapseT0	1	relapseF0	0
ailT2	48	ailF2	0
dyT1	59	dyF1	0
lionF0	1	lionT0	0
botsT0	2	botsF0	0
areF4	765	areT4	0
deepF0	6	deepT0	0
oatF2	23	oatT2	0
suasF0	1	suasT0	0
statingF0	1	statingT0	0
synopsisF0	1	synopsisT0	0
mprisedF0	1	mprisedT0	0
blueF0	22	blueT0	0
setT0	14	setF0	0
adaptiveF0	1	adaptiveT0	0
manilaF0	2	manilaT0	0
mfT1	2	mfF1	0
mutF4	3	mutT4	0
pompanoF0	2	pompanoT0	0
commissionedF0	1	commissionedT0	0
haseldenT0	1	haseldenF0	0
jumF4	3	jumT4	0
bambooT0	2	bambooF0	0
mailingsF0	1	mailingsT0	0
inkF4	5	inkT4	0
ovenT0	1	ovenF0	0
jabirusT0	1	jabirusF0	0
thomasF0	2	thomasT0	0
ureF4	2	ureT4	0
recepticleF0	1	recepticleT0	0
aiT0	2	aiF0	0
yshT2	1	yshF2	0
framesT0	1	framesF0	0
struckF0	1	struckT0	0
thinkF0	30	thinkT0	0
symptomsF0	1	symptomsT0	0
ngF3	23	ngT3	0
thesesF0	1	thesesT0	0
niaF4	1	niaT4	0
chF3	554	chT3	0
bmwF0	14	bmwT0	0
pamT4	1	pamF4	0
exertingF0	1	exertingT0	0
ifoT4	1	ifoF4	0
ashF0	1	ashT0	0
wheelerF0	1	wheelerT0	0
addedF0	29	addedT0	0
ichT4	3	ichF4	0
gamepayF0	1	gamepayT0	0
rawT2	1	rawF2	0
leT3	223	leF3	0
fucT4	2	fucF4	0
gardenerF0	1	gardenerT0	0
poeF2	1	poeT2	0
deaT4	31	deaF4	0
relationshipT0	1	relationshipF0	0
meantimeF0	1	meantimeT0	0
holeF0	3	holeT0	0
zooF2	2	zooT2	0
riminiT0	1	riminiF0	0
vcsF4	2	vcsT4	0
kenyaT0	1	kenyaF0	0
familyT0	6	familyF0	0
telyouF0	1	telyouT0	0
suddenlyT0	1	suddenlyF0	0
pieT4	32	pieF4	0
pantryF0	1	pantryT0	0
dxT2	2	dxF2	0
desF0	12	desT0	0
sutT4	2	sutF4	0
ignoreF0	16	ignoreT0	0
mhenF0	1	mhenT0	0
feminismT0	2	feminismF0	0
publicationF0	4	publicationT0	0
mackerelF0	1	mackerelT0	0
itT1	263	itF1	0
depoisF0	1	depoisT0	0
adventureT0	3	adventureF0	0
shushaT0	1	shushaF0	0
recipeT0	1	recipeF0	0
watT0	2	watF0	0
unavailableT0	1	unavailableF0	0
negativamenteF0	1	negativamenteT0	0
ihT3	1	ihF3	0
pvpF4	3	pvpT4	0
kneT4	3	kneF4	0
madF0	3	madT0	0
ubsT2	2	ubsF2	0
wctF2	1	wctT2	0
biddyT0	1	biddyF0	0
amourF0	2	amourT0	0
rdersF0	2	rdersT0	0
governorT0	2	governorF0	0
dcidF0	2	dcidT0	0
kniF4	6	kniT4	0
mailtorpedoT0	1	mailtorpedoF0	0
heaF4	145	heaT4	0
testingF0	8	testingT0	0
stadiumsT0	1	stadiumsF0	0
cheF2	23	cheT2	0
spaF2	2	spaT2	0
unsF4	27	unsT4	0
istF0	5	istT0	0
kanyeT0	1	kanyeF0	0
wishedF0	1	wishedT0	0
swarmF0	1	swarmT0	0
continuesF0	3	continuesT0	0
yboT2	1	yboF2	0
usbT2	2	usbF2	0
lambrettaT0	1	lambrettaF0	0
fuckedT0	1	fuckedF0	0
prophetT0	9	prophetF0	0
unfoldT0	1	unfoldF0	0
btfF0	1	btfT0	0
rentalF0	6	rentalT0	0
roommateF0	1	roommateT0	0
marianT0	1	marianF0	0
dutyF0	5	dutyT0	0
htnT2	1	htnF2	0
suscrT0	1	suscrF0	0
vicF4	10	vicT4	0
friendF0	26	friendT0	0
foiT4	2	foiF4	0
smiddyT0	16	smiddyF0	0
reynoldsT0	1	reynoldsF0	0
obsF2	38	obsT2	0
umF0	12	umT0	0
shortT0	2	shortF0	0
tieF4	15	tieT4	0
meastF0	1	meastT0	0
tacT0	1	tacF0	0
assignedF0	2	assignedT0	0
begF4	55	begT4	0
yoursF0	6	yoursT0	0
furnishingsF0	1	furnishingsT0	0
austintownT0	1	austintownF0	0
igtF2	1	igtT2	0
rmaT2	5	rmaF2	0
lesothomapT0	1	lesothomapF0	0
gcuidF0	1	gcuidT0	0
reputatiF0	1	reputatiT0	0
howeverF0	25	howeverT0	0
craigslixtF0	1	craigslixtT0	0
interfacesF0	2	interfacesT0	0
barriosT0	1	barriosF0	0
sociT0	1	sociF0	0
hondaF0	3	hondaT0	0
mesiT0	1	mesiF0	0
buildF0	109	buildT0	0
colorfulF0	4	colorfulT0	0
eirT2	5	eirF2	0
tnF0	1	tnT0	0
movieT0	3	movieF0	0
ehF1	8	ehT1	0
cfcT2	1	cfcF2	0
sofiaT0	1	sofiaF0	0
thymusF0	1	thymusT0	0
simplerF0	1	simplerT0	0
apiF2	1	apiT2	0
dgenF0	1	dgenT0	0
seniorT0	1	seniorF0	0
preschoolersfridayT0	1	preschoolersfridayF0	0
dayT4	34	dayF4	0
utoF2	11	utoT2	0
hubcapsF0	1	hubcapsT0	0
northernF0	6	northernT0	0
arllyF0	1	arllyT0	0
versionT0	8	versionF0	0
paulF0	1	paulT0	0
avsT2	1	avsF2	0
heartF0	20	heartT0	0
dakotaF0	6	dakotaT0	0
idsT2	11	idsF2	0
punitiveT0	5	punitiveF0	0
oeT0	2	oeF0	0
ortonT0	1	ortonF0	0
achT2	30	achF2	0
lookupT0	16	lookupF0	0
iveF2	418	iveT2	0
dwT3	6	dwF3	0
brideF0	2	brideT0	0
oobT2	1	oobF2	0
nrF2	1	nrT2	0
spacequestF0	2	spacequestT0	0
outF2	527	outT2	0
buttonT0	3	buttonF0	0
threadF0	3	threadT0	0
empireF0	4	empireT0	0
footmarksF0	1	footmarksT0	0
mazT4	3	mazF4	0
bdaumontF0	1	bdaumontT0	0
outrightT0	1	outrightF0	0
mhdfcT0	1	mhdfcF0	0
grantT0	1	grantF0	0
workstationsF0	1	workstationsT0	0
comsongF0	1	comsongT0	0
haT1	29	haF1	0
benchmarksF0	1	benchmarksT0	0
earlT0	2	earlF0	0
tutorialF0	1	tutorialT0	0
cirT4	7	cirF4	0
siemensT0	1	siemensF0	0
letraT0	1	letraF0	0
ngyF2	1	ngyT2	0
jacF4	12	jacT4	0
creekT0	15	creekF0	0
langelandT0	2	langelandF0	0
chipsetF0	1	chipsetT0	0
takingF0	7	takingT0	0
tauschF0	1	tauschT0	0
disT2	1	disF2	0
officerusT0	1	officerusF0	0
zeF3	13	zeT3	0
mzT1	1	mzF1	0
maritalT0	1	maritalF0	0
paT3	370	paF3	0
advanceF0	7	advanceT0	0
wholesaleT0	1	wholesaleF0	0
glT1	6	glF1	0
dichloromethaneF0	1	dichloromethaneT0	0
alliancesF0	1	alliancesT0	0
relatesF0	1	relatesT0	0
worF2	1	worT2	0
tayF2	19	tayT2	0
startingF0	23	startingT0	0
indulgenceF0	1	indulgenceT0	0
slF3	114	slT3	0
mapT4	115	mapF4	0
dateF0	36	dateT0	0
emssT0	1	emssF0	0
informatioT0	1	informatioF0	0
rioT2	15	rioF2	0
magnitudeF0	1	magnitudeT0	0
itaianT0	1	itaianF0	0
bienF0	9	bienT0	0
hesT2	8	hesF2	0
amountT0	3	amountF0	0
atelierT0	1	atelierF0	0
oilF2	10	oilT2	0
nickersonT0	1	nickersonF0	0
mavF2	1	mavT2	0
losF2	14	losT2	0
snaF4	9	snaT4	0
electronicF0	12	electronicT0	0
internationalF0	21	internationalT0	0
ksT0	15	ksF0	0
estasF0	1	estasT0	0
assignsF0	1	assignsT0	0
ktaT2	1	ktaF2	0
alphaF0	1	alphaT0	0
seatedF0	1	seatedT0	0
nationsF0	22	nationsT0	0
sidneyT0	1	sidneyF0	0
fantasiseF0	1	fantasiseT0	0
fenderT0	1	fenderF0	0
phasesF0	2	phasesT0	0
udaF2	6	udaT2	0
jesF4	3	jesT4	0
autT2	3	autF2	0
ahalfF0	2	ahalfT0	0
clotF0	2	clotT0	0
snakeT0	1	snakeF0	0
nceT2	152	nceF2	0
tensF0	1	tensT0	0
cecilT0	1	cecilF0	0
ignatiusT0	1	ignatiusF0	0
nsuF4	3	nsuT4	0
calmlyF0	1	calmlyT0	0
hogT4	2	hogF4	0
cpeT0	2	cpeF0	0
ryderT0	1	ryderF0	0
ourT0	35	ourF0	0
everF0	30	everT0	0
pacT4	19	pacF4	0
phippsT0	1	phippsF0	0
gelF4	2	gelT4	0
thusF0	9	thusT0	0
kalF4	2	kalT4	0
issuersT0	46	issuersF0	0
flooglitesT0	1	flooglitesF0	0
ntrT2	1	ntrF2	0
sufficientF0	2	sufficientT0	0
comfortablyF0	1	comfortablyT0	0
ffF2	1	ffT2	0
seekingF0	4	seekingT0	0
ketF2	27	ketT2	0
ofF3	245	ofT3	0
nooF4	2	nooT4	0
dawdawT0	1	dawdawF0	0
tuckedF0	1	tuckedT0	0
tackleF0	2	tackleT0	0
tegT2	1	tegF2	0
valuesF0	2	valuesT0	0
ngwF4	1	ngwT4	0
librariansaT0	1	librariansaF0	0
spyT4	6	spyF4	0
improvedF0	8	improvedT0	0
biF3	232	biT3	0
gtoT2	4	gtoF2	0
fightT0	2	fightF0	0
coloniesF0	2	coloniesT0	0
pgcF2	1	pgcT2	0
dakF2	1	dakT2	0
idirF0	1	idirT0	0
playersF0	80	playersT0	0
saturdaysT0	4	saturdaysF0	0
embT4	5	embF4	0
rtchemicalT0	1	rtchemicalF0	0
avF1	6	avT1	0
sanctuaryT0	5	sanctuaryF0	0
gmT0	1	gmF0	0
andpersistentF0	1	andpersistentT0	0
gannT0	1	gannF0	0
recordsT0	1	recordsF0	0
profilesF0	5	profilesT0	0
raT1	70	raF1	0
mmerciaF0	1	mmerciaT0	0
dooF4	25	dooT4	0
pyF3	14	pyT3	0
utyF2	10	utyT2	0
sensitizedT0	1	sensitizedF0	0
radartalkT0	1	radartalkF0	0
collinsT0	1	collinsF0	0
disappearanceF0	2	disappearanceT0	0
grillesT0	1	grillesF0	0
eurT0	1	eurF0	0
mobT4	9	mobF4	0
novelF0	8	novelT0	0
dioF0	2	dioT0	0
ruleT0	7	ruleF0	0
smokingF0	3	smokingT0	0
opinionF0	6	opinionT0	0
masculinizationF0	1	masculinizationT0	0
xeroxT0	1	xeroxF0	0
hobbiesT0	1	hobbiesF0	0
dimF2	3	dimT2	0
asT0	68	asF0	0
realezaF0	1	realezaT0	0
tenhoF0	2	tenhoT0	0
jqT3	13	jqF3	0
kindergartenT0	1	kindergartenF0	0
ialT2	98	ialF2	0
genF2	10	genT2	0
goF2	48	goT2	0
cupT4	2	cupF4	0
bicF4	4	bicT4	0
nsaF4	1	nsaT4	0
breezesF0	2	breezesT0	0
ispF4	1	ispT4	0
foF3	2077	foT3	0
suddenyF0	2	suddenyT0	0
modT2	4	modF2	0
easeF0	2	easeT0	0
fesT4	8	fesF4	0
authorsT0	5	authorsF0	0
flyflyT0	2	flyflyF0	0
rueF4	12	rueT4	0
eraF4	7	eraT4	0
flooringF0	2	flooringT0	0
comfortableF0	9	comfortableT0	0
theyF0	183	theyT0	0
realtorsT0	3	realtorsF0	0
dconnectionT0	56	dconnectionF0	0
believedF0	3	believedT0	0
gneF2	2	gneT2	0
basicallyT0	1	basicallyF0	0
sihF2	1	sihT2	0
dcoT2	1	dcoF2	0
dueT4	5	dueF4	0
corF2	1	corT2	0
erF1	2802	erT1	0
jamesT0	6	jamesF0	0
rgiF4	1	rgiT4	0
millinerF0	1	millinerT0	0
movT4	13	movF4	0
ottocaF0	1	ottocaT0	0
shizhaoT0	1	shizhaoF0	0
gloF4	24	gloT4	0
copF4	69	copT4	0
swF2	1	swT2	0
nauiiT0	1	nauiiF0	0
thatsT0	2	thatsF0	0
sxF1	5	sxT1	0
alsT2	119	alsF2	0
deixouF0	1	deixouT0	0
hertfordT0	1	hertfordF0	0
standpointF0	1	standpointT0	0
enmT2	1	enmF2	0
crevalleT0	1	crevalleF0	0
nuclearF0	1	nuclearT0	0
telegraphicF0	1	telegraphicT0	0
fiaF2	3	fiaT2	0
ofeF2	1	ofeT2	0
adaF2	15	adaT2	0
wetF0	4	wetT0	0
craigslidtF0	2	craigslidtT0	0
ctiT2	4	ctiF2	0
neT1	325	neF1	0
importantT0	2	importantF0	0
chadT0	1	chadF0	0
continuallyF0	4	continuallyT0	0
stonesF0	2	stonesT0	0
znT0	1	znF0	0
boreF0	1	boreT0	0
paroF0	1	paroT0	0
wghF0	1	wghT0	0
reservedthisT0	1	reservedthisF0	0
expeditionsF0	2	expeditionsT0	0
unlessT0	1	unlessF0	0
includedT0	7	includedF0	0
cjF1	1	cjT1	0
cammillaT0	2	cammillaF0	0
upoT2	1	upoF2	0
rmoF2	8	rmoT2	0
opdateringerF0	1	opdateringerT0	0
veT3	72	veF3	0
aniF4	27	aniT4	0
mistriosT0	1	mistriosF0	0
xisT2	4	xisF2	0
obamaT0	7	obamaF0	0
divisionsT0	1	divisionsF0	0
vobblankerT0	1	vobblankerF0	0
armamentsF0	2	armamentsT0	0
coraoT0	1	coraoF0	0
satisfactionF0	1	satisfactionT0	0
medicineT0	1	medicineF0	0
orsT2	67	orsF2	0
prinsF0	1	prinsT0	0
selectF0	12	selectT0	0
underF0	58	underT0	0
gpsT2	3	gpsF2	0
vetteF0	1	vetteT0	0
representF0	4	representT0	0
boardersT0	1	boardersF0	0
thancorporateF0	1	thancorporateT0	0
holdingsT0	2	holdingsF0	0
islT4	47	islF4	0
machineryF0	1	machineryT0	0
bouncedF0	1	bouncedT0	0
voiF2	2	voiT2	0
peirceT0	1	peirceF0	0
remF2	3	remT2	0
mammalsF0	1	mammalsT0	0
voterF0	1	voterT0	0
kidF4	20	kidT4	0
temF0	8	temT0	0
banquetingF0	1	banquetingT0	0
mpeF4	4	mpeT4	0
idaT0	4	idaF0	0
asksF0	3	asksT0	0
fourF0	33	fourT0	0
majF4	34	majT4	0
comprendrasF0	1	comprendrasT0	0
deformationT0	1	deformationF0	0
ursF0	4	ursT0	0
tucF4	1	tucT4	0
suiteF0	1	suiteT0	0
sectorT0	2	sectorF0	0
tractF0	1	tractT0	0
bretonT0	1	bretonF0	0
nyT1	133	nyF1	0
algT4	2	algF4	0
stalagmitesF0	1	stalagmitesT0	0
cymbalF0	1	cymbalT0	0
ostF4	3	ostT4	0
printedF0	8	printedT0	0
creaturesT0	1	creaturesF0	0
fitnessF0	1	fitnessT0	0
fT0	84	fF0	0
degreeT0	2	degreeF0	0
alexeiT0	1	alexeiF0	0
femF4	12	femT4	0
hemF2	136	hemT2	0
poraF0	1	poraT0	0
ofcF4	1	ofcT4	0
markerT0	1	markerF0	0
regularF0	21	regularT0	0
walksT0	3	walksF0	0
intellectF0	1	intellectT0	0
damsicaF0	1	damsicaT0	0
archaeologistsT0	2	archaeologistsF0	0
insiderT0	1	insiderF0	0
drawT0	1	drawF0	0
broadleafF0	3	broadleafT0	0
podcastF0	7	podcastT0	0
rhpT2	1	rhpF2	0
aktT2	1	aktF2	0
predatorsF0	2	predatorsT0	0
informatiqueT0	1	informatiqueF0	0
cidF2	3	cidT2	0
eefF2	40	eefT2	0
nasF4	4	nasT4	0
americanF0	7	americanT0	0
uptimeF0	1	uptimeT0	0
ngkT2	1	ngkF2	0
actorsF0	1	actorsT0	0
scamT0	1	scamF0	0
usnT0	1	usnF0	0
departmentF0	13	departmentT0	0
chiT4	74	chiF4	0
moriahT0	1	moriahF0	0
midF2	9	midT2	0
groupsT0	2	groupsF0	0
addressT0	7	addressF0	0
sensorT0	1	sensorF0	0
mapsbelizeT0	1	mapsbelizeF0	0
ebsF2	1	ebsT2	0
ovoT2	36	ovoF2	0
purebredsT0	2	purebredsF0	0
ieF0	4	ieT0	0
taF3	308	taT3	0
thesiteT0	1	thesiteF0	0
vieF2	17	vieT2	0
gstF2	4	gstT2	0
sbF3	2	sbT3	0
formulaT0	2	formulaF0	0
hierF0	1	hierT0	0
cheiaF0	1	cheiaT0	0
churF0	1	churT0	0
videosF0	17	videosT0	0
vejaF0	1	vejaT0	0
verdemapT0	1	verdemapF0	0
eolT2	1	eolF2	0
kurdishT0	2	kurdishF0	0
personalinformationF0	2	personalinformationT0	0
merolaT0	1	merolaF0	0
bringingF0	4	bringingT0	0
amannerF0	1	amannerT0	0
dealersT0	4	dealersF0	0
reasearchF0	1	reasearchT0	0
ozeF2	2	ozeT2	0
mordauntT0	1	mordauntF0	0
stanceF0	1	stanceT0	0
singeF0	2	singeT0	0
pipeT0	10	pipeF0	0
ckrT2	2	ckrF2	0
sepT4	76	sepF4	0
exponentiallyF0	1	exponentiallyT0	0
gatheredF0	2	gatheredT0	0
lauT0	1	lauF0	0
winningT0	1	winningF0	0
loxoT0	1	loxoF0	0
sivT4	2	sivF4	0
aduF2	1	aduT2	0
universitiesT0	2	universitiesF0	0
southernersT0	1	southernersF0	0
stallF0	10	stallT0	0
capabilitiesF0	6	capabilitiesT0	0
ginT4	1	ginF4	0
rodinT0	1	rodinF0	0
knoT4	5	knoF4	0
alpheosT0	1	alpheosF0	0
greatnessT0	1	greatnessF0	0
issocialcontextT0	1	issocialcontextF0	0
ukF2	5	ukT2	0
warT2	20	warF2	0
teenT0	2	teenF0	0
saT0	1	saF0	0
engineF0	12	engineT0	0
belizecityT0	1	belizecityF0	0
numF0	1	numT0	0
ghostsF0	1	ghostsT0	0
ttpF2	28	ttpT2	0
validateemailT0	2	validateemailF0	0
enemiesF0	1	enemiesT0	0
optionalF0	8	optionalT0	0
neglectT0	1	neglectF0	0
aftermathF0	2	aftermathT0	0
roomsT0	1	roomsF0	0
bsF3	1	bsT3	0
thereareT0	2	thereareF0	0
ileF2	127	ileT2	0
efF3	47	efT3	0
dependingT0	1	dependingF0	0
metF0	14	metT0	0
satT4	28	satF4	0
hsT3	2	hsF3	0
modidyF0	1	modidyT0	0
thrustF0	2	thrustT0	0
ivwT0	1	ivwF0	0
inF1	2228	inT1	0
eduT4	11	eduF4	0
qcT0	2	qcF0	0
changelingT0	1	changelingF0	0
peF3	644	peT3	0
tripsF0	5	tripsT0	0
lockeT0	1	lockeF0	0
mainauditoriumT0	1	mainauditoriumF0	0
rsiF2	3	rsiT2	0
ircT4	1	ircF4	0
rersF0	1	rersT0	0
fruitF0	2	fruitT0	0
larsF0	1	larsT0	0
usdT0	2	usdF0	0
presidentT0	6	presidentF0	0
beneficialT0	2	beneficialF0	0
demosF0	2	demosT0	0
earF4	43	earT4	0
snF1	36	snT1	0
vguT4	1	vguF4	0
metropolitanT0	3	metropolitanF0	0
repeatedF0	6	repeatedT0	0
choicewhetherF0	1	choicewhetherT0	0
dthT2	7	dthF2	0
urneysF0	1	urneysT0	0
detaliiT0	1	detaliiF0	0
taniguchiT0	1	taniguchiF0	0
weekT0	3	weekF0	0
settlementdesignedT0	1	settlementdesignedF0	0
zT0	26	zF0	0
occassionallyF0	1	occassionallyT0	0
sudF4	7	sudT4	0
ttailF0	1	ttailT0	0
coughingT0	3	coughingF0	0
matF4	100	matT4	0
slipT0	1	slipF0	0
steF4	59	steT4	0
teuF2	1	teuT2	0
bansangF0	1	bansangT0	0
introductionT0	3	introductionF0	0
aadF2	3	aadT2	0
konT4	2	konF4	0
anglesF0	1	anglesT0	0
bonefishT0	2	bonefishF0	0
amexactlyT0	1	amexactlyF0	0
featuredF0	2	featuredT0	0
frF0	17	frT0	0
earlierT0	2	earlierF0	0
charmsF0	2	charmsT0	0
trT2	3	trF2	0
centertheT0	6	centertheF0	0
inteiroF0	1	inteiroT0	0
shootyF0	1	shootyT0	0
rayT0	4	rayF0	0
wildF0	19	wildT0	0
gageF0	1	gageT0	0
ishF2	142	ishT2	0
portugalT0	5	portugalF0	0
lumF2	1	lumT2	0
spanF0	1	spanT0	0
zodiT0	1	zodiF0	0
guzF4	1	guzT4	0
prototypeF0	1	prototypeT0	0
gravureF0	1	gravureT0	0
lacF2	15	lacT2	0
misinformF0	1	misinformT0	0
bogT0	1	bogF0	0
milesF0	23	milesT0	0
stainessF0	1	stainessT0	0
wizardsT0	2	wizardsF0	0
doT1	87	doF1	0
yearsF0	50	yearsT0	0
ingT4	1	ingF4	0
ganT2	8	ganF2	0
zwT1	1	zwF1	0
discountsF0	1	discountsT0	0
kipF2	2	kipT2	0
mrwT0	1	mrwF0	0
liF3	978	liT3	0
independentF0	2	independentT0	0
logclickT0	1	logclickF0	0
abF1	36	abT1	0
oylT2	7	oylF2	0
obT3	26	obF3	0
ubaF4	1	ubaT4	0
createF0	44	createT0	0
nicF2	28	nicT2	0
upsF2	54	upsT2	0
bargainT0	2	bargainF0	0
riT3	189	riF3	0
feetT0	1	feetF0	0
senF0	1	senT0	0
placenciaT0	7	placenciaF0	0
manufacturesF0	1	manufacturesT0	0
momentF0	8	momentT0	0
exaT4	9	exaF4	0
beerF0	1	beerT0	0
pisF4	8	pisT4	0
maydoF0	1	maydoT0	0
ftpT2	1	ftpF2	0
illegitimateF0	1	illegitimateT0	0
anglersF0	6	anglersT0	0
ineF0	1	ineT0	0
diF1	30	diT1	0
alcoholT0	1	alcoholF0	0
drinkF0	4	drinkT0	0
mistrzwT0	1	mistrzwF0	0
vuF1	2	vuT1	0
dowT2	9	dowF2	0
washingtonF0	3	washingtonT0	0
chiquibulT0	3	chiquibulF0	0
plunderF0	1	plunderT0	0
waiveF0	2	waiveT0	0
pureF0	2	pureT0	0
logT0	16	logF0	0
uniF4	103	uniT4	0
brT0	3	brF0	0
uncoverT0	1	uncoverF0	0
toddyT0	1	toddyF0	0
jazzyT0	1	jazzyF0	0
arrangeF0	1	arrangeT0	0
montrealF0	1	montrealT0	0
lieF2	12	lieT2	0
organisedF0	5	organisedT0	0
provisionsF0	2	provisionsT0	0
spellingT0	1	spellingF0	0
qubT4	2	qubF4	0
combinationsF0	1	combinationsT0	0
reassureF0	1	reassureT0	0
warmedF0	1	warmedT0	0
implementationF0	1	implementationT0	0
houseT0	10	houseF0	0
seasonedF0	6	seasonedT0	0
sspF4	1	sspT4	0
ouioF0	1	ouioT0	0
arentF0	1	arentT0	0
ryaF4	1	ryaT4	0
ihcT4	1	ihcF4	0
anaisT0	2	anaisF0	0
crownsF0	1	crownsT0	0
remedyF0	1	remedyT0	0
togetherT0	1	togetherF0	0
docT2	2	docF2	0
ukhenbaT0	1	ukhenbaF0	0
gmtT4	94	gmtF4	0
oclT4	1	oclF4	0
adiT0	1	adiF0	0
reservoirsT0	2	reservoirsF0	0
empT0	2	empF0	0
adoptionT0	1	adoptionF0	0
portlandT0	2	portlandF0	0
scienceF0	5	scienceT0	0
aliensF0	1	aliensT0	0
pioT4	2	pioF4	0
speT4	74	speF4	0
frankT0	18	frankF0	0
cleT4	21	cleF4	0
msrT4	1	msrF4	0
rimT4	2	rimF4	0
roryT0	1	roryF0	0
nadaF0	3	nadaT0	0
spellF0	1	spellT0	0
brooklynT0	2	brooklynF0	0
daiF4	18	daiT4	0
mancherF0	2	mancherT0	0
descriptiveF0	1	descriptiveT0	0
fourthF0	2	fourthT0	0
unkF2	11	unkT2	0
byeT2	1	byeF2	0
obstinacyF0	1	obstinacyT0	0
easyF0	45	easyT0	0
nalcF0	1	nalcT0	0
previouslyT0	2	previouslyF0	0
carolynT0	1	carolynF0	0
echF2	7	echT2	0
reputableF0	2	reputableT0	0
employF0	1	employT0	0
yahT0	3	yahF0	0
operatorF0	15	operatorT0	0
covT4	5	covF4	0
linkT0	19	linkF0	0
recF2	1	recT2	0
subscribedF0	1	subscribedT0	0
ilaT2	3	ilaF2	0
stairwayF0	3	stairwayT0	0
raeF4	1	raeT4	0
contenteF0	1	contenteT0	0
yoT0	1	yoF0	0
mappableT0	1	mappableF0	0
yrF1	3	yrT1	0
roF1	27	roT1	0
byronT0	1	byronF0	0
nykT4	1	nykF4	0
calF2	205	calT2	0
radicalF0	3	radicalT0	0
apparentlyT0	2	apparentlyF0	0
ruT1	11	ruF1	0
fortalezaF0	1	fortalezaT0	0
basT2	1	basF2	0
commonsT0	2	commonsF0	0
pityF0	2	pityT0	0
yeT0	1	yeF0	0
mbaF2	1	mbaT2	0
sentimmediatelyF0	1	sentimmediatelyT0	0
margaysT0	1	margaysF0	0
murmurF0	1	murmurT0	0
hubsF0	1	hubsT0	0
tueF2	4	tueT2	0
soothedF0	1	soothedT0	0
ubF1	19	ubT1	0
atlantisT0	1	atlantisF0	0
vesF2	131	vesT2	0
contextoF0	1	contextoT0	0
bathtubF0	1	bathtubT0	0
endingsF0	1	endingsT0	0
coffeeqstF0	1	coffeeqstT0	0
quarrelF0	4	quarrelT0	0
hieT2	6	hieF2	0
apeT2	14	apeF2	0
hikayeerT0	1	hikayeerF0	0
otaF2	18	otaT2	0
facT4	26	facF4	0
brandyT0	1	brandyF0	0
drawingF0	18	drawingT0	0
spokenT0	1	spokenF0	0
outhereT0	1	outhereF0	0
rdF2	11	rdT2	0
zecchinT0	1	zecchinF0	0
aquaF0	2	aquaT0	0
peanutsF0	1	peanutsT0	0
articleT0	4	articleF0	0
backdropF0	1	backdropT0	0
dwgT0	4	dwgF0	0
drugF0	2	drugT0	0
ersT2	327	ersF2	0
snapF0	2	snapT0	0
rmeF2	1	rmeT2	0
paperF0	4	paperT0	0
joliT0	1	joliF0	0
epF3	31	epT3	0
whitensT0	1	whitensF0	0
bewareT0	1	bewareF0	0
szmF0	1	szmT0	0
horsepowerF0	2	horsepowerT0	0
furtherF0	14	furtherT0	0
amF0	65	amT0	0
moT2	4	moF2	0
trucjF0	1	trucjT0	0
gcT0	7	gcF0	0
contactF0	50	contactT0	0
hyreT0	3	hyreF0	0
cheungT0	1	cheungF0	0
africanF0	1	africanT0	0
gidT4	3	gidF4	0
shepherdsT0	1	shepherdsF0	0
aeysF0	1	aeysT0	0
nightF0	31	nightT0	0
officerF0	6	officerT0	0
securityF0	20	securityT0	0
neeF4	126	neeT4	0
annaF0	1	annaT0	0
photochopT0	1	photochopF0	0
misinterpretF0	1	misinterpretT0	0
vicT0	3	vicF0	0
alaF4	3	alaT4	0
rejoindreF0	2	rejoindreT0	0
tosF4	3	tosT4	0
negF2	1	negT2	0
quotaF0	1	quotaT0	0
brazilF0	2	brazilT0	0
telechronT0	1	telechronF0	0
settlementtheT0	1	settlementtheF0	0
everywhereF0	2	everywhereT0	0
rseT2	36	rseF2	0
distributT0	1	distributF0	0
jsT1	1	jsF1	0
skT0	3	skF0	0
mcxT4	4	mcxF4	0
tuaT2	4	tuaF2	0
swineT0	3	swineF0	0
dropsT0	2	dropsF0	0
gazingF0	1	gazingT0	0
gwT0	2	gwF0	0
accruesF0	1	accruesT0	0
insaneF0	1	insaneT0	0
biannualF0	1	biannualT0	0
pvtF0	1	pvtT0	0
barsF0	4	barsT0	0
towF0	1	towT0	0
jusT4	38	jusF4	0
vaF1	20	vaT1	0
esmeradaT0	2	esmeradaF0	0
pourF0	13	pourT0	0
laiT2	3	laiF2	0
appearanceF0	3	appearanceT0	0
pocF4	3	pocT4	0
everybodysF0	1	everybodysT0	0
acquiredF0	1	acquiredT0	0
existsF0	3	existsT0	0
epsT4	1	epsF4	0
fountainF0	2	fountainT0	0
druidF0	2	druidT0	0
learningF0	47	learningT0	0
rtlT4	4	rtlF4	0
xsF1	1	xsT1	0
trevisoT0	11	trevisoF0	0
areT0	25	areF0	0
cultureT0	3	cultureF0	0
stickwithF0	5	stickwithT0	0
sociauxT0	1	sociauxF0	0
calculationsF0	3	calculationsT0	0
huT1	26	huF1	0
esaeF0	3	esaeT0	0
oshT2	1	oshF2	0
sunT0	9	sunF0	0
faithF0	2	faithT0	0
visasF0	2	visasT0	0
endeavouredF0	1	endeavouredT0	0
dexterityF0	1	dexterityT0	0
deixararF0	1	deixararT0	0
nowT2	42	nowF2	0
synF0	1	synT0	0
ngingsF0	1	ngingsT0	0
dhlT0	1	dhlF0	0
unstableF0	1	unstableT0	0
possessT0	1	possessF0	0
furcationsF0	1	furcationsT0	0
exhilaratingF0	2	exhilaratingT0	0
wineryT0	3	wineryF0	0
saaryF0	1	saaryT0	0
pesT4	4	pesF4	0
atF3	166	atT3	0
teaF2	1	teaT2	0
arildT0	1	arildF0	0
pvpT0	2	pvpF0	0
tcF1	24	tcT1	0
mixF2	3	mixT2	0
backgroundF0	7	backgroundT0	0
ahealthyF0	1	ahealthyT0	0
spentF0	10	spentT0	0
micaT0	1	micaF0	0
oupT2	9	oupF2	0
fcaT4	1	fcaF4	0
tenerF0	1	tenerT0	0
evaluationT0	6	evaluationF0	0
skinnerT0	1	skinnerF0	0
dictionariesT0	1	dictionariesF0	0
serT2	41	serF2	0
storiaF0	1	storiaT0	0
erikaF0	1	erikaT0	0
jaiT4	5	jaiF4	0
ecotourismT0	1	ecotourismF0	0
carrierF0	1	carrierT0	0
korF4	3	korT4	0
aurT4	1	aurF4	0
bodyT0	5	bodyF0	0
meantheT0	1	meantheF0	0
osF0	4	osT0	0
mjaT0	1	mjaF0	0
soF0	150	soT0	0
gallerythisT0	1	gallerythisF0	0
studdingF0	1	studdingT0	0
nuoT4	1	nuoF4	0
sizF4	61	sizT4	0
marquesT0	1	marquesF0	0
merelyF0	3	merelyT0	0
wedT2	4	wedF2	0
josF4	1	josT4	0
makingmillionsF0	1	makingmillionsT0	0
digT4	21	digF4	0
girT0	1	girF0	0
areadyF0	1	areadyT0	0
cloT4	99	cloF4	0
legF4	25	legT4	0
prevaricateF0	1	prevaricateT0	0
rightoerT0	1	rightoerF0	0
obeT2	4	obeF2	0
resortsF0	8	resortsT0	0
mtuF4	1	mtuT4	0
graF2	1	graT2	0
charlesF0	1	charlesT0	0
clarifyF0	1	clarifyT0	0
ntF0	2	ntT0	0
duplicatingF0	1	duplicatingT0	0
imbF4	2	imbT4	0
outrageousF0	2	outrageousT0	0
oglF4	1	oglT4	0
gorgoniaT0	1	gorgoniaF0	0
afeT2	2	afeF2	0
dataT0	13	dataF0	0
danaF0	1	danaT0	0
fisF4	71	fisT4	0
pagewarcT0	2	pagewarcF0	0
lowT4	6	lowF4	0
desperatelyF0	1	desperatelyT0	0
maidneT0	1	maidneF0	0
civF4	20	civT4	0
schoolT0	8	schoolF0	0
ewT2	4	ewF2	0
novoT0	35	novoF0	0
suppliedF0	1	suppliedT0	0
antananarivoT0	2	antananarivoF0	0
edT1	773	edF1	0
powT0	4	powF0	0
makeF0	122	makeT0	0
overlookedF0	1	overlookedT0	0
surfersT0	1	surfersF0	0
aunF2	1	aunT2	0
swelledF0	1	swelledT0	0
nomineesT0	1	nomineesF0	0
dxfT0	5	dxfF0	0
calculateF0	2	calculateT0	0
craiglistF0	1	craiglistT0	0
