dearF0	3	dearT0	0
buoysT0	1	buoysF0	0
edF3	200	edT3	0
horsesF0	2	horsesT0	0
sacramentF0	1	sacramentT0	0
uniquesF0	1	uniquesT0	0
isuzuT0	2	isuzuF0	0
heatingT0	3	heatingF0	0
tuF1	21	tuT1	0
landfillT0	1	landfillF0	0
povezaveF0	1	povezaveT0	0
eonF2	1	eonT2	0
sanctuariesT0	1	sanctuariesF0	0
sighsF0	1	sighsT0	0
alliesF0	2	alliesT0	0
stannT0	2	stannF0	0
merF0	3	merT0	0
gelatoF0	2	gelatoT0	0
yetT2	4	yetF2	0
dergilerT0	1	dergilerF0	0
editF0	16	editT0	0
traditionF0	3	traditionT0	0
cempvalidationT0	1	cempvalidationF0	0
peaceT0	5	peaceF0	0
performerF0	1	performerT0	0
blazeF0	1	blazeT0	0
exitF0	5	exitT0	0
khF3	2	khT3	0
deF3	922	deT3	0
hdF0	1	hdT0	0
refundF0	3	refundT0	0
estF2	469	estT2	0
conductingF0	1	conductingT0	0
radiographyF0	2	radiographyT0	0
rgyT2	1	rgyF2	0
achF4	22	achT4	0
deedF0	1	deedT0	0
clubF0	6	clubT0	0
itfeelsF0	5	itfeelsT0	0
powerfulF0	12	powerfulT0	0
ogF0	5	ogT0	0
daybowmanT0	1	daybowmanF0	0
leyT0	1	leyF0	0
bushesF0	1	bushesT0	0
dualF0	1	dualT0	0
djiboutiT0	1	djiboutiF0	0
impliedF0	2	impliedT0	0
thesisT0	1	thesisF0	0
chsT2	1	chsF2	0
depotT0	2	depotF0	0
unionsF0	1	unionsT0	0
xxxT0	1	xxxF0	0
piorF0	1	piorT0	0
statusF0	6	statusT0	0
wretchedF0	1	wretchedT0	0
tyT3	36	tyF3	0
visionT0	2	visionF0	0
maxT4	22	maxF4	0
nksF2	74	nksT2	0
televiziyaT0	1	televiziyaF0	0
iziF2	1	iziT2	0
nieT4	4	nieF4	0
julyF0	1	julyT0	0
ulaF2	4	ulaT2	0
fattyF0	1	fattyT0	0
festivalT0	7	festivalF0	0
eulT4	1	eulF4	0
thisinformationF0	1	thisinformationT0	0
uruT2	2	uruF2	0
canaaT0	2	canaaF0	0
hwF1	1	hwT1	0
furiT0	1	furiF0	0
pocketF0	3	pocketT0	0
liaisonsF0	1	liaisonsT0	0
ekT2	2	ekF2	0
intellisailT0	4	intellisailF0	0
royaltyT0	1	royaltyF0	0
municipalityT0	1	municipalityF0	0
denouementF0	1	denouementT0	0
privacyF0	24	privacyT0	0
yoplaitF0	1	yoplaitT0	0
ruiT4	3	ruiF4	0
supplementsF0	2	supplementsT0	0
chartingF0	3	chartingT0	0
sandF0	4	sandT0	0
blamesF0	2	blamesT0	0
nuncioF0	1	nuncioT0	0
wlyT2	2	wlyF2	0
explainsT0	2	explainsF0	0
computersT0	3	computersF0	0
crF1	1	crT1	0
literalmenteF0	1	literalmenteT0	0
tuckerT0	2	tuckerF0	0
insainT0	1	insainF0	0
amnT4	1	amnF4	0
octT4	46	octF4	0
spirtF0	1	spirtT0	0
swimT0	1	swimF0	0
bakF2	1	bakT2	0
prefixF0	1	prefixT0	0
kaF0	5	kaT0	0
interspersedF0	1	interspersedT0	0
oteT2	34	oteF2	0
engstrmgrdenT0	1	engstrmgrdenF0	0
mriT2	3	mriF2	0
sluF4	3	sluT4	0
liveF0	24	liveT0	0
survivorF0	2	survivorT0	0
costumeT0	1	costumeF0	0
machacarF0	1	machacarT0	0
disF4	212	disT4	0
ropeT0	1	ropeF0	0
dozenF0	1	dozenT0	0
buoT4	3	buoF4	0
ruraF0	1	ruraT0	0
returnF0	38	returnT0	0
participateT0	1	participateF0	0
boardfreeT0	1	boardfreeF0	0
jewT4	3	jewF4	0
olaT4	1	olaF4	0
sellF0	18	sellT0	0
licF2	32	licT2	0
nordstromT0	1	nordstromF0	0
curtainF0	14	curtainT0	0
fransT0	1	fransF0	0
cadT4	21	cadF4	0
apriT0	1	apriF0	0
ionT4	1	ionF4	0
adventurerF0	2	adventurerT0	0
newT0	330	newF0	0
ratherF0	19	ratherT0	0
shapingF0	1	shapingT0	0
hateT0	1	hateF0	0
polyvinylF0	1	polyvinylT0	0
mightyF0	2	mightyT0	0
pricingF0	4	pricingT0	0
previewF0	2	previewT0	0
udyT2	2	udyF2	0
kfcT2	1	kfcF2	0
jooT2	1	jooF2	0
droolersF0	1	droolersT0	0
attachmentsF0	1	attachmentsT0	0
fantasyT0	1	fantasyF0	0
eagleT0	1	eagleF0	0
eurasiaT0	2	eurasiaF0	0
centercentralizedT0	1	centercentralizedF0	0
enyF2	2	enyT2	0
ijaT2	2	ijaF2	0
diyT4	5	diyF4	0
cookiesacookieT0	1	cookiesacookieF0	0
manuscriptF0	3	manuscriptT0	0
frozenF0	2	frozenT0	0
obscurityF0	1	obscurityT0	0
documentedF0	4	documentedT0	0
dcaT4	1	dcaF4	0
conF4	730	conT4	0
disappointedF0	1	disappointedT0	0
altimaF0	4	altimaT0	0
iezT2	1	iezF2	0
interactT0	1	interactF0	0
equivalentF0	2	equivalentT0	0
thisF0	541	thisT0	0
fashionT0	1	fashionF0	0
replacementF0	7	replacementT0	0
wilfredoT0	1	wilfredoF0	0
skilledF0	6	skilledT0	0
admT4	3	admF4	0
sydneyT0	4	sydneyF0	0
genesisT0	6	genesisF0	0
aidF2	67	aidT2	0
rmF1	110	rmT1	0
handsT0	3	handsF0	0
extremeF0	2	extremeT0	0
doneF0	26	doneT0	0
zamT2	4	zamF2	0
angolamapT0	1	angolamapF0	0
vaginaT0	1	vaginaF0	0
himT2	2	himF2	0
assessmentT0	2	assessmentF0	0
tiveramF0	1	tiveramT0	0
levelingT0	5	levelingF0	0
fillsT0	1	fillsF0	0
rkF3	1	rkT3	0
residenceT0	1	residenceF0	0
defectsF0	1	defectsT0	0
givT4	19	givF4	0
wanT4	20	wanF4	0
intoF0	107	intoT0	0
otticaT0	7	otticaF0	0
bubbleF0	3	bubbleT0	0
yonF2	3	yonT2	0
orderT0	16	orderF0	0
oiiiiiiiT0	1	oiiiiiiiF0	0
sklF4	1	sklT4	0
fatherF0	6	fatherT0	0
ilsT2	12	ilsF2	0
codT0	5	codF0	0
shortcomingsF0	1	shortcomingsT0	0
ojeT2	1	ojeF2	0
figF4	29	figT4	0
jkF1	1	jkT1	0
proportionF0	2	proportionT0	0
erkF2	1	erkT2	0
sevilleF0	1	sevilleT0	0
btF0	1	btT0	0
freeT0	95	freeF0	0
respiteF0	1	respiteT0	0
relatingF0	4	relatingT0	0
yeF2	1	yeT2	0
buteF0	1	buteT0	0
greatlyF0	1	greatlyT0	0
hvacT0	6	hvacF0	0
foeF0	1	foeT0	0
chaptersF0	1	chaptersT0	0
invasorF0	1	invasorT0	0
eabT4	1	eabF4	0
strangeF0	5	strangeT0	0
pruittT0	1	pruittF0	0
katT0	1	katF0	0
asF2	549	asT2	0
vesF0	2	vesT0	0
abaF2	1	abaT2	0
tampasF0	1	tampasT0	0
ansF2	86	ansT2	0
gadF4	1	gadT4	0
embankmentT0	2	embankmentF0	0
webcastsF0	4	webcastsT0	0
abandonnerF0	2	abandonnerT0	0
eurF2	20	eurT2	0
reeasesF0	1	reeasesT0	0
apaT4	5	apaF4	0
fortifiedT0	1	fortifiedF0	0
barangaF0	1	barangaT0	0
tenderF0	3	tenderT0	0
byT1	77	byF1	0
holidayF0	3	holidayT0	0
santasF0	3	santasT0	0
waterstartsF0	1	waterstartsT0	0
whileonT0	1	whileonF0	0
stampedF0	1	stampedT0	0
cutureF0	1	cutureT0	0
busF4	93	busT4	0
cucumberT0	1	cucumberF0	0
waterwayF0	1	waterwayT0	0
sinT0	1	sinF0	0
astoundingF0	1	astoundingT0	0
cotT4	2	cotF4	0
anarchismT0	1	anarchismF0	0
ufT1	1	ufF1	0
italianT0	12	italianF0	0
emblemT0	1	emblemF0	0
gnuF4	1	gnuT4	0
intersectionsF0	1	intersectionsT0	0
wjeT4	1	wjeF4	0
focusingF0	1	focusingT0	0
collaborateT0	1	collaborateF0	0
consultF0	2	consultT0	0
titleT0	8	titleF0	0
wurF4	1	wurT4	0
nyF3	6	nyT3	0
busT0	3	busF0	0
tallyF0	1	tallyT0	0
takT0	1	takF0	0
oanT2	4	oanF2	0
requiresF0	13	requiresT0	0
ensestF0	1	ensestT0	0
somethingT0	3	somethingF0	0
joystickT0	1	joystickF0	0
madamT0	1	madamF0	0
fyF1	47	fyT1	0
tisT4	1	tisF4	0
choicesF0	9	choicesT0	0
hydrologicT0	4	hydrologicF0	0
installarF0	1	installarT0	0
itoF2	11	itoT2	0
shipmentF0	1	shipmentT0	0
racF4	23	racT4	0
strutT0	1	strutF0	0
hobbsT0	1	hobbsF0	0
managesF0	1	managesT0	0
emperorT0	1	emperorF0	0
accidentalF0	1	accidentalT0	0
hicT2	11	hicF2	0
offeringT0	2	offeringF0	0
ressentF0	2	ressentT0	0
flutterF0	1	flutterT0	0
regardaisF0	1	regardaisT0	0
floraF0	7	floraT0	0
kurdT0	2	kurdF0	0
tendreF0	2	tendreT0	0
internetserviceF0	1	internetserviceT0	0
sorF4	19	sorT4	0
uctF2	29	uctT2	0
fattoF0	1	fattoT0	0
reaF2	66	reaT2	0
ariT4	10	ariF4	0
sharpF0	2	sharpT0	0
eboF4	2	eboT4	0
rningF0	2	rningT0	0
ensureF0	13	ensureT0	0
protectsF0	8	protectsT0	0
ppayF0	1	ppayT0	0
vizupT0	1	vizupF0	0
kedT2	12	kedF2	0
antiT0	1	antiF0	0
rieF4	5	rieT4	0
malF0	4	malT0	0
thisishappeningF0	1	thisishappeningT0	0
clT3	326	clF3	0
hormoneF0	1	hormoneT0	0
triangleT0	1	triangleF0	0
wjiF4	1	wjiT4	0
bakersT0	1	bakersF0	0
wondersF0	1	wondersT0	0
linedT0	1	linedF0	0
aryF2	199	aryT2	0
heiF4	17	heiT4	0
whateverF0	1	whateverT0	0
tomT4	17	tomF4	0
andheatherwillisT0	1	andheatherwillisF0	0
etthermalT0	1	etthermalF0	0
linerF0	9	linerT0	0
terryT0	1	terryF0	0
realizedF0	2	realizedT0	0
sodT4	1	sodF4	0
decidedF0	10	decidedT0	0
izyT2	2	izyF2	0
seedsF0	1	seedsT0	0
bannedF0	6	bannedT0	0
mamaF0	1	mamaT0	0
beT1	66	beF1	0
prudentialT0	1	prudentialF0	0
ciF0	3	ciT0	0
zemF2	1	zemT2	0
canadasetT0	1	canadasetF0	0
nudeT0	16	nudeF0	0
togiveF0	1	togiveT0	0
dareF0	3	dareT0	0
pssF2	1	pssT2	0
protegeT0	1	protegeF0	0
adventurousF0	2	adventurousT0	0
plusF0	15	plusT0	0
nditiF0	1	nditiT0	0
productivityF0	4	productivityT0	0
rockyF0	3	rockyT0	0
consortiumconsortiumT0	1	consortiumconsortiumF0	0
conomieF0	1	conomieT0	0
crossF0	5	crossT0	0
reasonablyF0	3	reasonablyT0	0
rentaT0	1	rentaF0	0
mhF1	1	mhT1	0
beverleyT0	1	beverleyF0	0
iefT2	6	iefF2	0
ybT1	1	ybF1	0
stollT0	1	stollF0	0
arraysF0	1	arraysT0	0
idaF2	18	idaT2	0
varyingF0	3	varyingT0	0
lmcT4	1	lmcF4	0
maritimeT0	2	maritimeF0	0
yriF4	7	yriT4	0
eneF2	21	eneT2	0
sirF0	1	sirT0	0
hatredF0	1	hatredT0	0
medF4	48	medT4	0
encounteredT0	2	encounteredF0	0
professionalsF0	3	professionalsT0	0
branchF0	4	branchT0	0
personsT0	3	personsF0	0
writingT0	4	writingF0	0
vocT2	2	vocF2	0
hillsF0	1	hillsT0	0
neaT2	7	neaF2	0
sloF0	1	sloT0	0
normalmenteF0	1	normalmenteT0	0
cpvcT0	1	cpvcF0	0
sslT2	2	sslF2	0
aulF2	2	aulT2	0
recordingsF0	3	recordingsT0	0
suspectedT0	1	suspectedF0	0
zooF0	2	zooT0	0
onplanT0	5	onplanF0	0
ighF2	39	ighT2	0
stillF0	47	stillT0	0
boardpT0	2	boardpF0	0
esieF0	1	esieT0	0
midF0	7	midT0	0
kitT2	8	kitF2	0
lugT2	1	lugF2	0
coniglioF0	1	coniglioT0	0
tauF4	5	tauT4	0
fondnessF0	1	fondnessT0	0
patrolF0	3	patrolT0	0
breathtakingF0	1	breathtakingT0	0
recebaT0	1	recebaF0	0
rementerF0	1	rementerT0	0
ibidT0	1	ibidF0	0
bayT4	10	bayF4	0
kyT2	1	kyF2	0
farmibgF0	1	farmibgT0	0
leaT4	39	leaF4	0
eetT2	54	eetF2	0
vansF0	2	vansT0	0
farewellF0	4	farewellT0	0
foundationsF0	1	foundationsT0	0
dogF0	2	dogT0	0
shuT4	5	shuF4	0
uparF0	1	uparT0	0
wayneF0	2	wayneT0	0
coldT0	4	coldF0	0
lawyerF0	3	lawyerT0	0
acresF0	3	acresT0	0
aimeF0	1	aimeT0	0
enaT2	4	enaF2	0
favsF0	1	favsT0	0
prizedF0	1	prizedT0	0
leeT0	4	leeF0	0
adsF2	39	adsT2	0
contraryF0	1	contraryT0	0
indicatingF0	5	indicatingT0	0
wonF4	35	wonT4	0
ngwF2	2	ngwT2	0
quiteF0	22	quiteT0	0
itiT4	6	itiF4	0
accountsT0	2	accountsF0	0
releasingF0	4	releasingT0	0
standardsF0	6	standardsT0	0
baeT4	1	baeF4	0
wngF2	1	wngT2	0
kzxmetalT0	1	kzxmetalF0	0
rapidT0	2	rapidF0	0
fragrancesT0	16	fragrancesF0	0
gonF0	1	gonT0	0
mexicolagoonsT0	1	mexicolagoonsF0	0
wlsF2	1	wlsT2	0
mackayT0	2	mackayF0	0
wreakF0	1	wreakT0	0
hunerT0	2	hunerF0	0
serviziF0	1	serviziT0	0
hemisphereF0	2	hemisphereT0	0
gujT4	1	gujF4	0
utetF0	1	utetT0	0
spinF0	2	spinT0	0
infoT0	74	infoF0	0
charitiesF0	1	charitiesT0	0
thrF0	2	thrT0	0
laptopT0	1	laptopF0	0
veggiesF0	1	veggiesT0	0
syviaT0	1	syviaF0	0
settlementsF0	46	settlementsT0	0
appreciatedF0	2	appreciatedT0	0
professorsT0	2	professorsF0	0
anthropologistsF0	1	anthropologistsT0	0
jeT3	34	jeF3	0
sydT4	4	sydF4	0
xyaT2	1	xyaF2	0
yanT2	8	yanF2	0
positiontipT0	2	positiontipF0	0
psT3	22	psF3	0
mbsF2	4	mbsT2	0
vieF0	7	vieT0	0
dpfF0	1	dpfT0	0
beiF0	1	beiT0	0
nappyT0	4	nappyF0	0
prosF0	4	prosT0	0
techmaticT0	1	techmaticF0	0
psydT0	1	psydF0	0
sbF1	1	sbT1	0
photoF0	9	photoT0	0
celT2	2	celF2	0
lofeF0	1	lofeT0	0
cathedralT0	2	cathedralF0	0
savannahT0	2	savannahF0	0
peuF4	9	peuT4	0
abuF2	1	abuT2	0
xpF2	2	xpT2	0
umpT2	6	umpF2	0
eatF0	3	eatT0	0
gaiaF0	2	gaiaT0	0
arrivesF0	1	arrivesT0	0
sandersT0	1	sandersF0	0
lilliT0	1	lilliF0	0
eteT2	78	eteF2	0
joiningF0	1	joiningT0	0
pickupF0	4	pickupT0	0
satT2	4	satF2	0
blocksF0	5	blocksT0	0
flowingF0	1	flowingT0	0
hiT1	13	hiF1	0
rightF0	55	rightT0	0
mattT0	2	mattF0	0
ireF4	2	ireT4	0
afcT2	1	afcF2	0
ensuredF0	1	ensuredT0	0
plentyF0	5	plentyT0	0
territoryF0	7	territoryT0	0
trackmouseT0	1	trackmouseF0	0
extendingF0	1	extendingT0	0
onaT2	13	onaF2	0
appyF0	1	appyT0	0
clearedF0	1	clearedT0	0
bugT2	2	bugF2	0
cecwT0	88	cecwF0	0
checkT0	16	checkF0	0
translatorF0	1	translatorT0	0
mainlyT0	1	mainlyF0	0
nakednessF0	1	nakednessT0	0
kindF0	26	kindT0	0
wpwF4	1	wpwT4	0
driverF0	8	driverT0	0
stripboardF0	1	stripboardT0	0
anticipatedT0	1	anticipatedF0	0
playT0	21	playF0	0
deviationsT0	1	deviationsF0	0
piratesF0	4	piratesT0	0
jiF3	1	jiT3	0
rayF2	15	rayT2	0
staT2	6	staF2	0
vimeoT0	1	vimeoF0	0
vhtT2	1	vhtF2	0
consultingT0	1	consultingF0	0
cohesiveT0	1	cohesiveF0	0
animationF0	2	animationT0	0
artistsT0	1	artistsF0	0
familyringT0	1	familyringF0	0
cardinalT0	1	cardinalF0	0
thmeF0	1	thmeT0	0
snoliskyT0	1	snoliskyF0	0
whyF0	14	whyT0	0
conciliationF0	1	conciliationT0	0
portaalidT0	1	portaalidF0	0
someoneF0	13	someoneT0	0
yoF2	5	yoT2	0
duT3	52	duF3	0
instructorsF0	3	instructorsT0	0
gostarF0	1	gostarT0	0
jyT3	1	jyF3	0
vvrF4	1	vvrT4	0
aktF4	1	aktT4	0
ifyouT0	2	ifyouF0	0
ilF1	204	ilT1	0
twoT4	15	twoF4	0
dhtT0	3	dhtF0	0
emT0	122	emF0	0
mpatibeF0	1	mpatibeT0	0
indianaF0	4	indianaT0	0
viewssetT0	1	viewssetF0	0
ourselvesF0	3	ourselvesT0	0
oneclickbuyoutT0	1	oneclickbuyoutF0	0
therewithF0	5	therewithT0	0
piaF0	1	piaT0	0
breaksF0	2	breaksT0	0
iraT4	4	iraF4	0
aadF0	2	aadT0	0
reutersT0	1	reutersF0	0
inaF2	11	inaT2	0
arredamentiF0	2	arredamentiT0	0
deadT0	1	deadF0	0
bevingtonF0	1	bevingtonT0	0
maiorF0	1	maiorT0	0
eveT0	3	eveF0	0
synthT0	1	synthF0	0
cryingT0	1	cryingF0	0
oxF3	3	oxT3	0
cavesT0	2	cavesF0	0
noeF2	3	noeT2	0
ibsT2	1	ibsF2	0
rtremovalT0	1	rtremovalF0	0
joiesF0	2	joiesT0	0
fultonT0	2	fultonF0	0
sleepwearF0	1	sleepwearT0	0
toledomostT0	1	toledomostF0	0
leituraF0	1	leituraT0	0
investorF0	6	investorT0	0
enfinT0	1	enfinF0	0
dasF2	11	dasT2	0
utF1	843	utT1	0
personalidadesF0	1	personalidadesT0	0
specificallyT0	3	specificallyF0	0
rekF2	1	rekT2	0
liaF4	3	liaT4	0
urF3	23	urT3	0
simpeF0	1	simpeT0	0
menosF0	2	menosT0	0
temperamentF0	1	temperamentT0	0
noviceT0	1	noviceF0	0
izoT2	1	izoF2	0
separationF0	2	separationT0	0
cabF0	1	cabT0	0
ilmF2	8	ilmT2	0
sovietT0	3	sovietF0	0
accordingT0	2	accordingF0	0
ecommerceF0	6	ecommerceT0	0
articulatorF0	1	articulatorT0	0
immediatelyT0	1	immediatelyF0	0
assaultsF0	2	assaultsT0	0
structuringF0	1	structuringT0	0
viewerF0	5	viewerT0	0
angF4	29	angT4	0
shamanT0	3	shamanF0	0
foreheadF0	1	foreheadT0	0
sedimentationF0	1	sedimentationT0	0
fueF4	9	fueT4	0
seeeT0	1	seeeF0	0
contentsT0	1	contentsF0	0
deoF2	32	deoT2	0
growsF0	1	growsT0	0
ineT4	6	ineF4	0
pythonT0	9	pythonF0	0
eriF4	5	eriT4	0
brotherT0	2	brotherF0	0
jeeringF0	1	jeeringT0	0
headF0	22	headT0	0
rtstbgtF0	1	rtstbgtT0	0
dieT4	25	dieF4	0
spendT0	2	spendF0	0
eduardoT0	1	eduardoF0	0
subtractF0	1	subtractT0	0
bomT2	3	bomF2	0
brF2	4	brT2	0
emboraF0	2	emboraT0	0
advisorF0	7	advisorT0	0
specsF0	6	specsT0	0
navigationT0	8	navigationF0	0
centersteelT0	1	centersteelF0	0
dallyF0	1	dallyT0	0
htT0	1	htF0	0
pendantF0	1	pendantT0	0
balanceF0	2	balanceT0	0
ynhesyT0	1	ynhesyF0	0
sahT4	1	sahF4	0
plannedF0	1	plannedT0	0
witF4	940	witT4	0
sculpturesF0	2	sculpturesT0	0
colT2	10	colF2	0
spelasF0	1	spelasT0	0
effortF0	6	effortT0	0
visualcaddT0	1	visualcaddF0	0
eupF4	1	eupT4	0
defenceF0	1	defenceT0	0
craigsliistF0	1	craigsliistT0	0
receivingF0	4	receivingT0	0
cantoraF0	2	cantoraT0	0
toT3	363	toF3	0
noonF0	1	noonT0	0
fluentF0	1	fluentT0	0
enuT2	4	enuF2	0
glicheF0	1	glicheT0	0
deactivateF0	1	deactivateT0	0
distinctiveF0	3	distinctiveT0	0
adiF2	1	adiT2	0
odeF2	68	odeT2	0
sendingF0	1	sendingT0	0
cbT3	2	cbF3	0
casaT0	1	casaF0	0
whoeverF0	2	whoeverT0	0
deuT2	1	deuF2	0
hintsF0	2	hintsT0	0
wdT1	2	wdF1	0
nprT4	2	nprF4	0
capT2	4	capF2	0
assertF0	1	assertT0	0
fitsT0	1	fitsF0	0
withoutF0	52	withoutT0	0
revokeF0	2	revokeT0	0
anchoressesF0	1	anchoressesT0	0
flashingT0	1	flashingF0	0
sgrF2	1	sgrT2	0
offerT0	2	offerF0	0
sharesF0	5	sharesT0	0
consolidationT0	2	consolidationF0	0
longestT0	1	longestF0	0
exercisedF0	1	exercisedT0	0
enterF0	24	enterT0	0
logosF0	1	logosT0	0
benefitsT0	14	benefitsF0	0
coxT0	1	coxF0	0
archmageT0	2	archmageF0	0
cktaiF0	1	cktaiT0	0
gyF0	2	gyT0	0
uerF2	8	uerT2	0
shookT0	1	shookF0	0
sedT4	4	sedF4	0
everytimeF0	1	everytimeT0	0
zmkT2	1	zmkF2	0
orcontestsF0	1	orcontestsT0	0
hurryF0	2	hurryT0	0
herezenegraF0	1	herezenegraT0	0
roiF4	1	roiT4	0
rphF4	1	rphT4	0
khanT0	1	khanF0	0
achamF0	1	achamT0	0
csF0	1	csT0	0
faT1	5	faF1	0
aircraftT0	2	aircraftF0	0
christmasF0	1	christmasT0	0
freiburgT0	1	freiburgF0	0
marilynT0	1	marilynF0	0
riddenF0	2	riddenT0	0
mitF4	6	mitT4	0
camryT0	1	camryF0	0
myT0	71	myF0	0
watershedsF0	1	watershedsT0	0
gifF4	37	gifT4	0
informedF0	4	informedT0	0
conformF0	1	conformT0	0
fofocaF0	1	fofocaT0	0
immigrantF0	1	immigrantT0	0
distinctF0	1	distinctT0	0
spurT0	1	spurF0	0
objectivesF0	3	objectivesT0	0
nordiskT0	33	nordiskF0	0
reefT0	19	reefF0	0
adcT4	1	adcF4	0
natiT0	4	natiF0	0
isdT0	4	isdF0	0
nmT1	2	nmF1	0
tuttiF0	3	tuttiT0	0
jaF1	9	jaT1	0
toucanT0	3	toucanF0	0
changesifT0	1	changesifF0	0
boyT0	4	boyF0	0
wheneverT0	1	wheneverF0	0
tikT2	1	tikF2	0
arenF0	1	arenT0	0
rthF0	1	rthT0	0
finsF0	2	finsT0	0
folkT0	4	folkF0	0
odaT2	1	odaF2	0
spT3	188	spF3	0
blackjackT0	2	blackjackF0	0
rsT1	551	rsF1	0
matcharrayT0	1	matcharrayF0	0
kinF2	9	kinT2	0
mmT2	2	mmF2	0
webT2	43	webF2	0
emploiT0	2	emploiF0	0
bamasF0	1	bamasT0	0
boilF0	1	boilT0	0
menT0	6	menF0	0
uniformF0	1	uniformT0	0
esseF0	1	esseT0	0
bandetT0	1	bandetF0	0
ginT2	7	ginF2	0
koreanT0	2	koreanF0	0
esrbT0	1	esrbF0	0
jewelryT0	2	jewelryF0	0
radaT0	2	radaF0	0
headgearsT0	1	headgearsF0	0
azurineF0	1	azurineT0	0
hecsaT0	1	hecsaF0	0
refrigeratorF0	1	refrigeratorT0	0
ustT2	72	ustF2	0
productiT0	2	productiF0	0
efsT2	1	efsF2	0
bhaillF0	1	bhaillT0	0
agoraT0	1	agoraF0	0
aviF4	4	aviT4	0
cmT2	2	cmF2	0
usingF0	61	usingT0	0
epiphanyF0	1	epiphanyT0	0
hatchF0	1	hatchT0	0
awningF0	1	awningT0	0
rootingF0	1	rootingT0	0
skledeF0	1	skledeT0	0
karT2	7	karF2	0
penetratedF0	1	penetratedT0	0
rmaF4	10	rmaT4	0
ohwF0	1	ohwT0	0
findelockedT0	1	findelockedF0	0
eroticF0	2	eroticT0	0
priornoticeF0	1	priornoticeT0	0
centerfoldF0	3	centerfoldT0	0
isnF4	13	isnT4	0
windsurfingT0	1	windsurfingF0	0
gnsT2	2	gnsF2	0
ebaT4	5	ebaF4	0
rmcF2	1	rmcT2	0
grumbledF0	1	grumbledT0	0
uedT2	1	uedF2	0
calendarF0	10	calendarT0	0
ffitingsF0	1	ffitingsT0	0
excludeF0	3	excludeT0	0
cayesouthernT0	1	cayesouthernF0	0
gifT0	2	gifF0	0
demandeF0	2	demandeT0	0
bennettT0	1	bennettF0	0
netherlandsT0	3	netherlandsF0	0
explainedF0	2	explainedT0	0
anneT0	2	anneF0	0
finalF0	11	finalT0	0
congressT0	4	congressF0	0
clothingT0	1	clothingF0	0
mrsT2	16	mrsF2	0
heardT0	2	heardF0	0
dentonT0	1	dentonF0	0
kolT4	1	kolF4	0
otcT4	1	otcF4	0
deemedF0	1	deemedT0	0
aylT4	1	aylF4	0
confusionF0	1	confusionT0	0
towT4	18	towF4	0
repeatsF0	1	repeatsT0	0
hacT0	2	hacF0	0
hybrtenT0	1	hybrtenF0	0
elaT4	2	elaF4	0
pathsF0	1	pathsT0	0
forcesF0	3	forcesT0	0
poeF0	1	poeT0	0
choleraF0	1	choleraT0	0
tasT2	2	tasF2	0
oraF2	14	oraT2	0
workinF0	1	workinT0	0
hongT0	1	hongF0	0
emulationF0	3	emulationT0	0
wahF4	1	wahT4	0
hooT4	2	hooF4	0
distributionF0	3	distributionT0	0
ivoiremapT0	1	ivoiremapF0	0
brumT0	2	brumF0	0
fakT4	1	fakF4	0
policeF0	3	policeT0	0
claudeF0	2	claudeT0	0
grievanceT0	1	grievanceF0	0
ipsF2	83	ipsT2	0
helperF0	1	helperT0	0
mohammedT0	1	mohammedF0	0
xceF4	1	xceT4	0
rikT4	26	rikF4	0
gearedF0	1	gearedT0	0
mrF1	1	mrT1	0
ripeF0	1	ripeT0	0
asfF0	1	asfT0	0
turboT0	2	turboF0	0
multipleT0	1	multipleF0	0
otoT2	10	otoF2	0
kenT2	5	kenF2	0
recognizedF0	4	recognizedT0	0
styF2	3	styT2	0
ateF0	1	ateT0	0
httpT0	1	httpF0	0
lasF4	75	lasT4	0
generousF0	3	generousT0	0
bottomedF0	1	bottomedT0	0
strippersT0	1	strippersF0	0
gfaF2	2	gfaT2	0
thereT0	50	thereF0	0
ichT2	31	ichF2	0
riskespeciallyF0	1	riskespeciallyT0	0
emergingF0	9	emergingT0	0
underneathT0	1	underneathF0	0
reiF4	15	reiT4	0
gofT4	2	gofF4	0
extensionsT0	1	extensionsF0	0
monT0	5	monF0	0
furnitureT0	4	furnitureF0	0
adjacencyF0	1	adjacencyT0	0
pailF0	4	pailT0	0
installedF0	4	installedT0	0
benchT0	1	benchF0	0
albannachT0	1	albannachF0	0
fouF4	102	fouT4	0
liqT4	23	liqF4	0
lookedF0	7	lookedT0	0
necF4	34	necT4	0
ignT2	102	ignF2	0
redistributedF0	5	redistributedT0	0
eqF0	14	eqT0	0
poundT0	1	poundF0	0
typedF0	1	typedT0	0
tindiT0	2	tindiF0	0
bgrahamF0	1	bgrahamT0	0
downstairsF0	1	downstairsT0	0
unofficialT0	1	unofficialF0	0
proudF0	5	proudT0	0
techF0	3	techT0	0
beaT4	89	beaF4	0
ithacaT0	3	ithacaF0	0
memorandaT0	11	memorandaF0	0
developerT0	1	developerF0	0
pladnjiF0	1	pladnjiT0	0
telegramsF0	1	telegramsT0	0
categoryF0	15	categoryT0	0
assimnilF0	1	assimnilT0	0
unwaryF0	1	unwaryT0	0
iliT2	1	iliF2	0
lovedF0	4	lovedT0	0
pottedF0	1	pottedT0	0
iiT0	11	iiF0	0
colesF0	1	colesT0	0
qclT0	1	qclF0	0
indonesianT0	2	indonesianF0	0
resF4	292	resT4	0
killT0	7	killF0	0
hmF1	1	hmT1	0
montezumaF0	2	montezumaT0	0
exyF2	11	exyT2	0
itsT4	24	itsF4	0
blackhatF0	1	blackhatT0	0
isandsingesT0	1	isandsingesF0	0
cacheT0	33	cacheF0	0
pamphletsF0	2	pamphletsT0	0
dicF0	2	dicT0	0
biriF0	1	biriT0	0
pilotrhT0	1	pilotrhF0	0
supuestoF0	2	supuestoT0	0
cobT2	2	cobF2	0
daneT0	1	daneF0	0
uncT4	1	uncF4	0
realignmentT0	1	realignmentF0	0
entertainmentT0	15	entertainmentF0	0
cerrosT0	2	cerrosF0	0
utmvF0	3	utmvT0	0
fewF2	46	fewT2	0
resT0	2	resF0	0
dansF0	10	dansT0	0
stoF2	20	stoT2	0
ootT2	4	ootF2	0
tailT0	2	tailF0	0
priorityT0	1	priorityF0	0
interimF0	1	interimT0	0
ovT1	37	ovF1	0
variesT0	1	variesF0	0
ltrT2	1	ltrF2	0
nesT4	2	nesF4	0
rmaT0	1	rmaF0	0
brakesF0	1	brakesT0	0
ebT1	62	ebF1	0
mykakiswbrF0	1	mykakiswbrT0	0
dusF2	1	dusT2	0
prevailedF0	1	prevailedT0	0
yedF2	47	yedT2	0
grT3	166	grF3	0
cookT0	1	cookF0	0
joyT2	4	joyF2	0
euT2	15	euF2	0
withdrawnF0	1	withdrawnT0	0
impassionedF0	2	impassionedT0	0
fxF2	1	fxT2	0
weatherT0	1	weatherF0	0
tsF3	1	tsT3	0
ixaF2	1	ixaT2	0
awhileF0	1	awhileT0	0
liiT2	1	liiF2	0
abbraccioF0	2	abbraccioT0	0
ibF1	3	ibT1	0
gleF2	55	gleT2	0
mapinfoT0	1	mapinfoF0	0
imploreF0	1	imploreT0	0
jumpingF0	2	jumpingT0	0
stevieF0	1	stevieT0	0
longF0	65	longT0	0
oveF4	123	oveT4	0
truuckF0	1	truuckT0	0
dagF4	2	dagT4	0
prestigiousF0	2	prestigiousT0	0
oadT2	35	oadF2	0
feuF4	1	feuT4	0
scorpionsT0	1	scorpionsF0	0
auF0	6	auT0	0
agreeableF0	1	agreeableT0	0
ergT2	5	ergF2	0
cpuT2	8	cpuF2	0
cocktailF0	1	cocktailT0	0
buildingF0	58	buildingT0	0
healthierF0	1	healthierT0	0
sexT4	22	sexF4	0
carstensenT0	1	carstensenF0	0
minF0	12	minT0	0
trendyF0	2	trendyT0	0
complyF0	1	complyT0	0
anoT2	13	anoF2	0
ampT2	3	ampF2	0
rovhesterF0	1	rovhesterT0	0
reviewsrepairT0	1	reviewsrepairF0	0
rosT0	1	rosF0	0
stoolsF0	1	stoolsT0	0
oneF2	430	oneT2	0
excF4	121	excT4	0
thereafterF0	2	thereafterT0	0
tropicalF0	18	tropicalT0	0
deposwarcT0	1	deposwarcF0	0
kuaaT0	1	kuaaF0	0
sexesF0	1	sexesT0	0
latitudeT0	1	latitudeF0	0
stellenboschT0	1	stellenboschF0	0
rdbF2	1	rdbT2	0
morF0	1	morT0	0
upT1	168	upF1	0
astT2	135	astF2	0
tpbT4	1	tpbF4	0
strikinglyF0	1	strikinglyT0	0
suvF4	2	suvT4	0
enemyF0	5	enemyT0	0
topersonallyF0	1	topersonallyT0	0
radarshipT0	1	radarshipF0	0
cruF4	27	cruT4	0
switchesF0	1	switchesT0	0
programmeT0	1	programmeF0	0
rightaggregatingT0	1	rightaggregatingF0	0
indulgeF0	3	indulgeT0	0
utsideF0	1	utsideT0	0
inoT4	16	inoF4	0
hummingbirdT0	3	hummingbirdF0	0
removeclassT0	1	removeclassF0	0
afT1	4	afF1	0
rainbowF0	4	rainbowT0	0
townshipF0	1	townshipT0	0
uilF4	1	uilT4	0
timingF0	2	timingT0	0
boundF0	4	boundT0	0
nsiF4	1	nsiT4	0
infringeF0	1	infringeT0	0
settlementmierT0	1	settlementmierF0	0
youngT0	3	youngF0	0
etcT4	1	etcF4	0
ancT4	3	ancF4	0
fwwF4	2	fwwT4	0
rememberedF0	3	rememberedT0	0
cragoF0	1	cragoT0	0
hasT4	5	hasF4	0
kepF4	14	kepT4	0
couchT0	1	couchF0	0
lloydminsterT0	10	lloydminsterF0	0
adjacentF0	2	adjacentT0	0
berggrenT0	1	berggrenF0	0
facilityshouldF0	5	facilityshouldT0	0
demF4	27	demT4	0
dentalF0	10	dentalT0	0
nueT2	8	nueF2	0
cuttingF0	5	cuttingT0	0
locationsF0	18	locationsT0	0
lmsF2	2	lmsT2	0
salF4	61	salT4	0
interestT0	23	interestF0	0
mitchellF0	2	mitchellT0	0
prefabricatedF0	1	prefabricatedT0	0
wsF0	8	wsT0	0
qubecT0	2	qubecF0	0
knT3	14	knF3	0
publisherT0	2	publisherF0	0
identifiableF0	17	identifiableT0	0
removalF0	2	removalT0	0
santT0	2	santF0	0
slaF4	8	slaT4	0
technologicalF0	1	technologicalT0	0
gaT0	3	gaF0	0
zdrT4	1	zdrF4	0
pkT1	1	pkF1	0
cheneyF0	1	cheneyT0	0
subjectF0	25	subjectT0	0
insF4	214	insT4	0
instinctF0	1	instinctT0	0
dbzT0	2	dbzF0	0
replyingF0	1	replyingT0	0
expressionT0	1	expressionF0	0
boaT4	154	boaF4	0
ferryF0	1	ferryT0	0
idiotaF0	1	idiotaT0	0
tewT4	3	tewF4	0
uraT2	3	uraF2	0
nyaT2	1	nyaF2	0
ramF4	6	ramT4	0
roofT0	1	roofF0	0
trwyF0	1	trwyT0	0
nttF2	1	nttT2	0
hdtvT0	1	hdtvF0	0
wtsT0	3	wtsF0	0
warmlyF0	1	warmlyT0	0
rooT4	8	rooF4	0
bettyT0	5	bettyF0	0
opiumF0	1	opiumT0	0
colourF0	6	colourT0	0
dfrT4	2	dfrF4	0
exitingF0	3	exitingT0	0
imputedF0	1	imputedT0	0
recorderF0	1	recorderT0	0
winnersF0	8	winnersT0	0
billedF0	5	billedT0	0
motoreF0	1	motoreT0	0
hdpT4	1	hdpF4	0
seattleF0	4	seattleT0	0
otsF2	72	otsT2	0
viF1	3	viT1	0
pollyT0	1	pollyF0	0
bromideT0	5	bromideF0	0
sambandF0	1	sambandT0	0
contractF0	1	contractT0	0
textbookT0	1	textbookF0	0
louT4	4	louF4	0
startT0	15	startF0	0
casualtiesF0	1	casualtiesT0	0
eizT2	1	eizF2	0
theatresF0	1	theatresT0	0
camberwellT0	1	camberwellF0	0
nisintaF0	2	nisintaT0	0
surfT0	1	surfF0	0
sequencesF0	1	sequencesT0	0
defenseT0	7	defenseF0	0
jymT4	1	jymF4	0
caseF0	34	caseT0	0
ajaF4	2	ajaT4	0
ipodT0	3	ipodF0	0
sitesF0	58	sitesT0	0
specificT0	2	specificF0	0
womanhoodF0	1	womanhoodT0	0
canT4	61	canF4	0
reunionT0	2	reunionF0	0
egamingT0	1	egamingF0	0
debatesF0	1	debatesT0	0
foaF4	4	foaT4	0
agreedF0	5	agreedT0	0
ciancioT0	3	ciancioF0	0
informationdetailedT0	1	informationdetailedF0	0
eyesT0	2	eyesF0	0
epaF4	1	epaT4	0
understandF0	18	understandT0	0
surveryF0	1	surveryT0	0
javaT0	1	javaF0	0
questF0	1	questT0	0
subF4	127	subT4	0
ssbT2	3	ssbF2	0
etudesT0	2	etudesF0	0
consequentlyT0	2	consequentlyF0	0
dialogT0	2	dialogF0	0
joeT2	4	joeF2	0
bailoutF0	1	bailoutT0	0
episcopalianT0	1	episcopalianF0	0
leoueF0	1	leoueT0	0
saF2	11	saT2	0
mangaF0	6	mangaT0	0
uidF2	6	uidT2	0
whatT0	88	whatF0	0
raiseF0	6	raiseT0	0
ppF0	2	ppT0	0
subT0	2	subF0	0
structuredinfF0	1	structuredinfT0	0
valentinaT0	1	valentinaF0	0
looF4	89	looT4	0
bothonlineF0	1	bothonlineT0	0
adoT2	9	adoF2	0
dellaF0	1	dellaT0	0
spreesF0	1	spreesT0	0
minesweeperF0	1	minesweeperT0	0
timT0	1	timF0	0
cfaT2	1	cfaF2	0
taiT2	1	taiF2	0
ibmF2	2	ibmT2	0
virtualboxF0	1	virtualboxT0	0
noteT0	18	noteF0	0
tateF0	1	tateT0	0
edoF2	2	edoT2	0
cfF3	1	cfT3	0
senatorF0	1	senatorT0	0
rnF0	11	rnT0	0
brownT0	1	brownF0	0
megapixeT0	1	megapixeF0	0
acrF4	23	acrT4	0
florenceT0	1	florenceF0	0
ngsT2	101	ngsF2	0
modesF0	1	modesT0	0
takF4	103	takT4	0
pigF4	15	pigT4	0
ghsF2	2	ghsT2	0
bondageF0	1	bondageT0	0
usbF4	1	usbT4	0
layoutF0	1	layoutT0	0
upoF4	31	upoT4	0
boatingF0	1	boatingT0	0
oaxT2	1	oaxF2	0
heraldusT0	1	heraldusF0	0
wizT4	2	wizF4	0
tgaT4	1	tgaF4	0
maskT0	1	maskF0	0
katF4	2	katT4	0
nanoT0	4	nanoF0	0
profitT0	1	profitF0	0
reviewingF0	7	reviewingT0	0
fcF3	6	fcT3	0
zenegraT0	2	zenegraF0	0
artsF0	8	artsT0	0
bsuT0	1	bsuF0	0
weT0	105	weF0	0
thatbelizeansT0	1	thatbelizeansF0	0
ifeT2	19	ifeF2	0
zaT1	15	zaF1	0
timesT0	1	timesF0	0
gradisF0	1	gradisT0	0
ualF2	81	ualT2	0
mndnaF0	1	mndnaT0	0
timF4	263	timT4	0
stingraysF0	2	stingraysT0	0
qibT4	1	qibF4	0
rptF2	1	rptT2	0
noF3	769	noT3	0
responsibleT0	1	responsibleF0	0
homemadeF0	3	homemadeT0	0
beatF0	2	beatT0	0
rouF2	1	rouT2	0
enablesT0	1	enablesF0	0
amiddyF0	1	amiddyT0	0
viaF4	38	viaT4	0
restrictF0	2	restrictT0	0
geotechnicalT0	1	geotechnicalF0	0
voyF4	2	voyT4	0
modelsF0	10	modelsT0	0
paoF4	1	paoT4	0
birdwatchingF0	1	birdwatchingT0	0
andeveryF0	1	andeveryT0	0
diaF2	41	diaT2	0
onF3	595	onT3	0
regT2	1	regF2	0
appointedF0	1	appointedT0	0
ntrF4	2	ntrT4	0
srT1	1	srF1	0
urgingT0	1	urgingF0	0
memorizedF0	1	memorizedT0	0
sextusT0	1	sextusF0	0
fuelT0	2	fuelF0	0
veraF0	1	veraT0	0
orangeT0	9	orangeF0	0
oarF2	6	oarT2	0
ricT2	18	ricF2	0
smjF4	1	smjT4	0
innumerableF0	2	innumerableT0	0
ouxT2	1	ouxF2	0
ashT4	8	ashF4	0
accordF0	1	accordT0	0
oziT2	17	oziF2	0
modF4	99	modT4	0
rosetaF0	8	rosetaT0	0
jimT0	1	jimF0	0
toriT0	2	toriF0	0
acrT0	5	acrF0	0
tioF2	3	tioT2	0
ydoF2	1	ydoT2	0
raonF0	1	raonT0	0
winF0	7	winT0	0
rightinformationT0	1	rightinformationF0	0
pertyF0	1	pertyT0	0
richF0	10	richT0	0
thinkingF0	8	thinkingT0	0
deepestF0	1	deepestT0	0
lvlF0	17	lvlT0	0
showerF0	34	showerT0	0
roadF0	12	roadT0	0
leoF4	3	leoT4	0
galT2	11	galF2	0
ferrerT0	1	ferrerF0	0
abbigliamentoT0	1	abbigliamentoF0	0
griF2	1	griT2	0
tumF2	1	tumT2	0
boltedF0	1	boltedT0	0
coT0	23	coF0	0
azT1	10	azF1	0
fferedF0	1	fferedT0	0
departmentbelmopanT0	1	departmentbelmopanF0	0
committedF0	9	committedT0	0
rkyF2	1	rkyT2	0
lyT1	251	lyF1	0
oenF2	1	oenT2	0
lilyF0	2	lilyT0	0
caravanF0	1	caravanT0	0
hutsF0	1	hutsT0	0
taborT0	1	taborF0	0
lgoF2	1	lgoT2	0
newspapersF0	1	newspapersT0	0
adoptF0	1	adoptT0	0
odoF2	5	odoT2	0
boT1	13	boF1	0
kuronekoF0	1	kuronekoT0	0
hopiF0	1	hopiT0	0
basesF0	2	basesT0	0
bictT0	1	bictF0	0
jakF4	1	jakT4	0
collectthisT0	1	collectthisF0	0
orcF0	4	orcT0	0
californiaF0	5	californiaT0	0
gutT4	2	gutF4	0
ejoT2	2	ejoF2	0
decareF0	1	decareT0	0
hamF4	2	hamT4	0
concerningF0	1	concerningT0	0
stF3	923	stT3	0
anchorsF0	1	anchorsT0	0
intendingF0	1	intendingT0	0
tbF0	1	tbT0	0
eolasF0	5	eolasT0	0
poF1	6	poT1	0
compatabilityF0	1	compatabilityT0	0
giuglioT0	1	giuglioF0	0
cleT2	8	cleF2	0
ystF2	1	ystT2	0
fireF0	12	fireT0	0
corrosionF0	3	corrosionT0	0
orgT2	4	orgF2	0
directionsT0	1	directionsF0	0
lmeT2	2	lmeF2	0
ezF1	8	ezT1	0
revelationsF0	1	revelationsT0	0
moneyT0	7	moneyF0	0
schollsF0	1	schollsT0	0
specifiedF0	8	specifiedT0	0
hrlT4	2	hrlF4	0
swampF0	1	swampT0	0
fffT4	1	fffF4	0
mikaT0	1	mikaF0	0
tensionF0	2	tensionT0	0
bowT2	2	bowF2	0
davidT0	2	davidF0	0
huntsvilleT0	3	huntsvilleF0	0
optionsT0	3	optionsF0	0
wnedF0	1	wnedT0	0
ltzT4	2	ltzF4	0
counteractT0	1	counteractF0	0
downtownswingT0	1	downtownswingF0	0
daoT2	1	daoF2	0
gunF4	2	gunT4	0
esperoF0	3	esperoT0	0
affrontF0	1	affrontT0	0
presentedF0	21	presentedT0	0
dvrF2	1	dvrT2	0
mucosaF0	1	mucosaT0	0
svoF0	3	svoT0	0
haiT4	3	haiF4	0
mouthsF0	3	mouthsT0	0
tentativaF0	1	tentativaT0	0
iteF2	373	iteT2	0
bracT0	1	bracF0	0
slowlyF0	10	slowlyT0	0
samonF0	1	samonT0	0
cayoblueT0	1	cayoblueF0	0
favorF0	2	favorT0	0
crestedF0	1	crestedT0	0
piparT0	2	piparF0	0
ostensibleF0	1	ostensibleT0	0
aldereteT0	1	aldereteF0	0
occurringF0	2	occurringT0	0
joT3	68	joF3	0
productsT0	35	productsF0	0
amzT2	1	amzF2	0
sheF4	101	sheT4	0
adviceF0	13	adviceT0	0
photogenicF0	1	photogenicT0	0
ringF0	2	ringT0	0
droveF0	2	droveT0	0
ecT0	4	ecF0	0
onwF4	2	onwT4	0
godlF0	1	godlT0	0
ecologyF0	3	ecologyT0	0
xyF3	3	xyT3	0
fartherF0	1	fartherT0	0
bcoT2	1	bcoF2	0
albanianT0	1	albanianF0	0
directlyF0	35	directlyT0	0
illyF0	1	illyT0	0
shallowT0	2	shallowF0	0
partirF0	2	partirT0	0
themF0	132	themT0	0
tunaF0	1	tunaT0	0
ensT4	6	ensF4	0
usenetT0	1	usenetF0	0
alertF0	9	alertT0	0
helmF0	1	helmT0	0
analF0	3	analT0	0
glyF2	13	glyT2	0
samsungF0	1	samsungT0	0
bikF4	12	bikT4	0
urcF4	4	urcT4	0
ufcT2	1	ufcF2	0
ilkF4	1	ilkT4	0
delightsF0	1	delightsT0	0
ityF2	378	ityT2	0
individuallyF0	3	individuallyT0	0
wneF4	2	wneT4	0
lsF1	343	lsT1	0
dcT1	14	dcF1	0
diegoT0	7	diegoF0	0
motT4	15	motF4	0
rtT0	1	rtF0	0
marieF0	1	marieT0	0
pseT2	3	pseF2	0
checkingF0	1	checkingT0	0
runoffT0	1	runoffF0	0
classF0	7	classT0	0
bagT2	2	bagF2	0
nestF0	4	nestT0	0
fficiaF0	3	fficiaT0	0
mapsetT0	1	mapsetF0	0
rldF2	170	rldT2	0
wedT0	4	wedF0	0
poorT0	2	poorF0	0
studiedF0	1	studiedT0	0
birdingtoT0	1	birdingtoF0	0
ltF0	40	ltT0	0
adyT2	10	adyF2	0
gotT0	2	gotF0	0
kiF2	1	kiT2	0
pdfF0	5	pdfT0	0
islandsF0	73	islandsT0	0
readF0	31	readT0	0
minuteF0	10	minuteT0	0
ingT2	786	ingF2	0
lcT3	2	lcF3	0
fleetT0	14	fleetF0	0
cayeT0	31	cayeF0	0
buyersT0	2	buyersF0	0
skillsT0	2	skillsF0	0
maineT0	2	maineF0	0
sketchF0	3	sketchT0	0
clenchedF0	1	clenchedT0	0
bekT4	1	bekF4	0
effacementT0	1	effacementF0	0
enoF2	1	enoT2	0
ceticT0	1	ceticF0	0
ziT3	9	ziF3	0
secondaryF0	3	secondaryT0	0
cenF4	105	cenT4	0
hinduT0	2	hinduF0	0
adeT2	21	adeF2	0
hirshmannaudioT0	1	hirshmannaudioF0	0
decT0	83	decF0	0
rowF0	1	rowT0	0
puT1	10	puF1	0
aerF2	2	aerT2	0
sbwF2	1	sbwT2	0
bixinhasF0	1	bixinhasT0	0
backsF0	1	backsT0	0
quarantineF0	1	quarantineT0	0
evoF4	2	evoT4	0
miF0	6	miT0	0
withintheF0	1	withintheT0	0
nemF4	1	nemT4	0
ohipF0	1	ohipT0	0
jointF0	4	jointT0	0
forestedF0	1	forestedT0	0
testimonialsT0	1	testimonialsF0	0
undergradF0	1	undergradT0	0
seelaF0	1	seelaT0	0
tsaT2	1	tsaF2	0
hunterT0	2	hunterF0	0
dreamyF0	1	dreamyT0	0
wnT1	35	wnF1	0
designersF0	8	designersT0	0
shakeeaT0	1	shakeeaF0	0
rumF4	9	rumT4	0
suvT0	7	suvF0	0
cockscombT0	1	cockscombF0	0
adriannaT0	1	adriannaF0	0
oncF4	39	oncT4	0
agT0	1	agF0	0
findsF0	5	findsT0	0
ifT3	6	ifF3	0
mezF2	1	mezT2	0
peggyT0	2	peggyF0	0
indiriliyorF0	1	indiriliyorT0	0
endstrT0	1	endstrF0	0
onyF2	34	onyT2	0
amateurxxxmagF0	1	amateurxxxmagT0	0
ljF0	1	ljT0	0
stuffF0	15	stuffT0	0
improveF0	5	improveT0	0
oftheF0	2	oftheT0	0
whF1	7	whT1	0
patchesF0	1	patchesT0	0
segmentsF0	2	segmentsT0	0
technF0	1	technT0	0
tileF0	3	tileT0	0
nyeF2	3	nyeT2	0
buickF0	1	buickT0	0
wrF1	1	wrT1	0
kiomaraT0	1	kiomaraF0	0
steppingF0	1	steppingT0	0
sellingT0	10	sellingF0	0
obT1	7	obF1	0
workedT0	1	workedF0	0
creatividadF0	2	creatividadT0	0
zoF1	2	zoT1	0
wmfT0	1	wmfF0	0
foreignT0	1	foreignF0	0
restorationF0	1	restorationT0	0
failF0	3	failT0	0
paradesF0	1	paradesT0	0
temT4	26	temF4	0
societalF0	1	societalT0	0
airT4	21	airF4	0
gianburrascaT0	1	gianburrascaF0	0
jalonnF0	1	jalonnT0	0
clockF0	3	clockT0	0
ahF3	9	ahT3	0
completionF0	6	completionT0	0
momentumF0	1	momentumT0	0
prequelT0	1	prequelF0	0
piT3	175	piF3	0
russellT0	1	russellF0	0
indexT0	54	indexF0	0
nthF4	1	nthT4	0
unT3	231	unF3	0
kerF2	31	kerT2	0
keelboatsF0	2	keelboatsT0	0
hypothesisF0	1	hypothesisT0	0
belizeforT0	1	belizeforF0	0
exterminatedF0	1	exterminatedT0	0
variabeF0	1	variabeT0	0
yfqT4	1	yfqF4	0
famineF0	1	famineT0	0
warT0	20	warF0	0
lateF0	5	lateT0	0
decF4	61	decT4	0
subfamiyF0	1	subfamiyT0	0
violationsF0	3	violationsT0	0
aneT2	9	aneF2	0
lusF4	2	lusT4	0
installationF0	20	installationT0	0
breadthF0	1	breadthT0	0
healthF0	22	healthT0	0
tiresomeF0	1	tiresomeT0	0
quietF0	6	quietT0	0
kylT4	2	kylF4	0
dictateF0	1	dictateT0	0
affectsF0	1	affectsT0	0
townT0	11	townF0	0
armF4	21	armT4	0
expanseF0	1	expanseT0	0
almF0	2	almT0	0
shopF0	7	shopT0	0
tvF0	3	tvT0	0
scoutbushT0	1	scoutbushF0	0
intimidatedF0	2	intimidatedT0	0
preventionF0	3	preventionT0	0
pennyF0	4	pennyT0	0
desT4	115	desF4	0
waxT4	1	waxF4	0
beauteT0	1	beauteF0	0
humF4	126	humT4	0
agendaF0	4	agendaT0	0
nursesF0	1	nursesT0	0
addoonsF0	1	addoonsT0	0
alanF0	1	alanT0	0
microwavesF0	1	microwavesT0	0
eelF4	1	eelT4	0
wontT0	1	wontF0	0
accessoriesF0	3	accessoriesT0	0
fayT0	1	fayF0	0
sulF4	3	sulT4	0
eminentF0	1	eminentT0	0
buiF4	185	buiT4	0
raperT0	3	raperF0	0
abiF4	14	abiT4	0
widthT0	4	widthF0	0
hynneT0	11	hynneF0	0
byldzjendF0	1	byldzjendT0	0
businessamongT0	1	businessamongF0	0
phpT2	9	phpF2	0
inquisitiveF0	1	inquisitiveT0	0
bukF2	2	bukT2	0
xvT2	1	xvF2	0
humT0	1	humF0	0
speakF0	35	speakT0	0
attempttoF0	5	attempttoT0	0
ducT4	5	ducF4	0
kabF2	1	kabT2	0
kilF4	19	kilT4	0
cafT2	1	cafF2	0
kevT4	3	kevF4	0
losF0	8	losT0	0
feeF0	11	feeT0	0
loveT0	31	loveF0	0
abiT0	1	abiF0	0
chaF4	293	chaT4	0
expandF0	7	expandT0	0
untariyF0	1	untariyT0	0
qyzT4	1	qyzF4	0
torranceT0	1	torranceF0	0
carF4	173	carT4	0
documentdeliveryandT0	1	documentdeliveryandF0	0
overflowT0	2	overflowF0	0
divorceF0	2	divorceT0	0
regentsT0	1	regentsF0	0
ucjF2	1	ucjT2	0
payingF0	1	payingT0	0
announcementsT0	1	announcementsF0	0
phrF4	2	phrT4	0
eitF2	1	eitT2	0
hgT3	1	hgF3	0
staringF0	1	staringT0	0
coloredT0	1	coloredF0	0
srrverF0	1	srrverT0	0
gibT4	3	gibF4	0
eenF2	281	eenT2	0
menushrinkT0	1	menushrinkF0	0
getT0	38	getF0	0
dietF0	11	dietT0	0
dancesT0	3	dancesF0	0
globalsT0	4	globalsF0	0
runninT0	1	runninF0	0
carT0	13	carF0	0
bibliographiesF0	1	bibliographiesT0	0
seasonsF0	1	seasonsT0	0
schnauzersT0	1	schnauzersF0	0
practisesF0	1	practisesT0	0
witT0	1	witF0	0
kirT4	2	kirF4	0
nwT1	3	nwF1	0
whoF0	138	whoT0	0
amosF0	1	amosT0	0
fcuT2	1	fcuF2	0
offsetheightT0	1	offsetheightF0	0
shiftF0	1	shiftT0	0
unsuspectingF0	1	unsuspectingT0	0
wapT2	1	wapF2	0
getF4	163	getT4	0
ryeT4	2	ryeF4	0
imF0	3	imT0	0
cantF0	8	cantT0	0
tiF3	375	tiT3	0
cipT4	2	cipF4	0
voltsF0	1	voltsT0	0
fairT0	1	fairF0	0
objectsT0	1	objectsF0	0
svisitF0	1	svisitT0	0
uschiF0	1	uschiT0	0
coupeT0	2	coupeF0	0
scrT2	3	scrF2	0
lewT2	1	lewF2	0
haF3	1184	haT3	0
peaF4	22	peaT4	0
arcF4	35	arcT4	0
motionF0	2	motionT0	0
irT1	50	irF1	0
cruisingF0	4	cruisingT0	0
institutesF0	3	institutesT0	0
realizeF0	10	realizeT0	0
fabricaF0	4	fabricaT0	0
tceT4	2	tceF4	0
entoT0	1	entoF0	0
cdT1	15	cdF1	0
fluidF0	1	fluidT0	0
vowelsF0	1	vowelsT0	0
skinsF0	2	skinsT0	0
cfcF4	1	cfcT4	0
likF4	209	likT4	0
actF2	105	actT2	0
crusadesT0	1	crusadesF0	0
educatorsF0	2	educatorsT0	0
comortasF0	1	comortasT0	0
exiT4	9	exiF4	0
warriorF0	8	warriorT0	0
unwaveringF0	1	unwaveringT0	0
shoutedF0	2	shoutedT0	0
qjT1	2	qjF1	0
puppiesF0	1	puppiesT0	0
glF3	55	glT3	0
araT2	9	araF2	0
dukesT0	1	dukesF0	0
rimT2	2	rimF2	0
addressesF0	8	addressesT0	0
blaxerF0	1	blaxerT0	0
pakT4	1	pakF4	0
derrickT0	1	derrickF0	0
tssT4	1	tssF4	0
bmT3	46	bmF3	0
fmsT4	1	fmsF4	0
mfyF2	1	mfyT2	0
usF2	82	usT2	0
cilF2	7	cilT2	0
wilkersonF0	1	wilkersonT0	0
zkT1	1	zkF1	0
floodF0	2	floodT0	0
zuT1	2	zuF1	0
rF0	109	rT0	0
thompsonF0	1	thompsonT0	0
pauT4	16	pauF4	0
pineT0	5	pineF0	0
sufferedF0	1	sufferedT0	0
teeT2	6	teeF2	0
terminalT0	1	terminalF0	0
olT1	82	olF1	0
jspsT0	1	jspsF0	0
crystalF0	2	crystalT0	0
brochureT0	3	brochureF0	0
douT2	27	douF2	0
drinkingT0	1	drinkingF0	0
mpF3	20	mpT3	0
dignityF0	3	dignityT0	0
ccT2	2	ccF2	0
wasteF0	8	wasteT0	0
acnT4	1	acnF4	0
wilsonT0	3	wilsonF0	0
richestF0	1	richestT0	0
surT4	48	surF4	0
enF3	494	enT3	0
supplierT0	17	supplierF0	0
picT4	30	picF4	0
ombT2	7	ombF2	0
mensaT0	1	mensaF0	0
theodoreT0	1	theodoreF0	0
sunsetF0	3	sunsetT0	0
compensationF0	2	compensationT0	0
hacF4	7	hacT4	0
mucousF0	1	mucousT0	0
visT2	3	visF2	0
replayedF0	1	replayedT0	0
lagT2	1	lagF2	0
atsT2	32	atsF2	0
autF4	74	autT4	0
sexualF0	2	sexualT0	0
enterprisesF0	1	enterprisesT0	0
constituteF0	1	constituteT0	0
validityF0	1	validityT0	0
oofF0	1	oofT0	0
billetT0	1	billetF0	0
melT2	2	melF2	0
ndT0	1	ndF0	0
ourF2	983	ourT2	0
sectorstipulatT0	1	sectorstipulatF0	0
oodF2	146	oodT2	0
tremulousF0	1	tremulousT0	0
transportedF0	1	transportedT0	0
zyF1	28	zyT1	0
minusF0	1	minusT0	0
assesorF0	1	assesorT0	0
mfF3	4	mfT3	0
dijisteF0	2	dijisteT0	0
sonT4	14	sonF4	0
projectorT0	1	projectorF0	0
posT2	1	posF2	0
applicationT0	4	applicationF0	0
groT2	1	groF2	0
scarfaceT0	1	scarfaceF0	0
zeaF4	3	zeaT4	0
domesticF0	2	domesticT0	0
itaT2	3	itaF2	0
officeF0	13	officeT0	0
kimballT0	1	kimballF0	0
vasF4	7	vasT4	0
siteshowF0	1	siteshowT0	0
hydrographersF0	1	hydrographersT0	0
marksT0	1	marksF0	0
concoursF0	2	concoursT0	0
electricalT0	2	electricalF0	0
challengingF0	1	challengingT0	0
andyT0	3	andyF0	0
voluntaryF0	3	voluntaryT0	0
promoverF0	1	promoverT0	0
gurF0	1	gurT0	0
forecastsF0	1	forecastsT0	0
braverF0	2	braverT0	0
almgrenF0	1	almgrenT0	0
stickF0	8	stickT0	0
xaT3	9	xaF3	0
hurstT0	1	hurstF0	0
meT0	16	meF0	0
deniesF0	2	deniesT0	0
bookmarkT0	1	bookmarkF0	0
gtaT4	1	gtaF4	0
yifT2	14	yifF2	0
defaultexpandedT0	1	defaultexpandedF0	0
saisF0	6	saisT0	0
wadT4	3	wadF4	0
rallyT0	15	rallyF0	0
neyF2	38	neyT2	0
nuT3	43	nuF3	0
pokF4	1	pokT4	0
swrT2	1	swrF2	0
ianF2	36	ianT2	0
commentsT0	25	commentsF0	0
masonT0	1	masonF0	0
yalT4	1	yalF4	0
vecksF0	1	vecksT0	0
darkT0	1	darkF0	0
americaF0	2	americaT0	0
rizedF0	1	rizedT0	0
braziianT0	2	braziianF0	0
wyckT0	1	wyckF0	0
wotT4	3	wotF4	0
cetT4	1	cetF4	0
meamramT0	2	meamramF0	0
canadaF0	2	canadaT0	0
ogldF0	1	ogldT0	0
ourorderF0	1	ourorderT0	0
houstonT0	1	houstonF0	0
doiT4	1	doiF4	0
poolF0	4	poolT0	0
apologizeF0	1	apologizeT0	0
apT1	149	apF1	0
ispartofT0	1	ispartofF0	0
mudT4	1	mudF4	0
ticketT0	3	ticketF0	0
twiceF0	2	twiceT0	0
conceptualT0	1	conceptualF0	0
euxT2	14	euxF2	0
uytjF0	1	uytjT0	0
describesF0	2	describesT0	0
unaF0	6	unaT0	0
becT2	2	becF2	0
pptT0	1	pptF0	0
calculatedF0	1	calculatedT0	0
nationalityF0	1	nationalityT0	0
obnoxiousF0	1	obnoxiousT0	0
ecstaticallyF0	1	ecstaticallyT0	0
spanishT0	10	spanishF0	0
adviseT0	1	adviseF0	0
petersonT0	1	petersonF0	0
chuF4	11	chuT4	0
organsF0	1	organsT0	0
reactionsF0	2	reactionsT0	0
wonkaT0	2	wonkaF0	0
iowaF0	1	iowaT0	0
pumasT0	1	pumasF0	0
elevatorF0	1	elevatorT0	0
tremendousF0	4	tremendousT0	0
somebodyT0	1	somebodyF0	0
bhpF0	1	bhpT0	0
retailerT0	1	retailerF0	0
lunchesF0	3	lunchesT0	0
callF0	15	callT0	0
naomiT0	2	naomiF0	0
welcomeF0	8	welcomeT0	0
regionF0	9	regionT0	0
priestsF0	1	priestsT0	0
mdT1	4	mdF1	0
argaoT0	1	argaoF0	0
interludeT0	1	interludeF0	0
dottedF0	2	dottedT0	0
naiF2	2	naiT2	0
bunkF0	1	bunkT0	0
wwfF4	1	wwfT4	0
nhF0	1	nhT0	0
vaeT4	2	vaeF4	0
otherwiseF0	3	otherwiseT0	0
gbaT2	1	gbaF2	0
xdT0	5	xdF0	0
savF4	21	savT4	0
dmaT4	1	dmaF4	0
inteF0	2	inteT0	0
wetT4	3	wetF4	0
reefbacalarT0	1	reefbacalarF0	0
dyeF2	2	dyeT2	0
belleF0	4	belleT0	0
iluF4	1	iluT4	0
digitisedF0	1	digitisedT0	0
jetsT0	1	jetsF0	0
fiT3	256	fiF3	0
faoF4	7	faoT4	0
wivesF0	2	wivesT0	0
programmemaintainsT0	1	programmemaintainsF0	0
daeT2	2	daeF2	0
prizeF0	10	prizeT0	0
henryF0	1	henryT0	0
serwerT0	1	serwerF0	0
dvdT2	23	dvdF2	0
traveT0	2	traveF0	0
greaterT0	3	greaterF0	0
feedingT0	3	feedingF0	0
aufT4	1	aufF4	0
lisT2	9	lisF2	0
nominalF0	1	nominalT0	0
anyT2	93	anyF2	0
mountainsT0	4	mountainsF0	0
drF0	1	drT0	0
opF1	109	opT1	0
craftmanshipF0	1	craftmanshipT0	0
inspectT0	1	inspectF0	0
luaF2	1	luaT2	0
bigT4	33	bigF4	0
catF2	5	catT2	0
uildF0	1	uildT0	0
orthopantomogramsF0	1	orthopantomogramsT0	0
etT3	13	etF3	0
boilingT0	3	boilingF0	0
honorF0	4	honorT0	0
sidF4	31	sidT4	0
removeF0	4	removeT0	0
documentsT0	11	documentsF0	0
travellersF0	1	travellersT0	0
gymraegT0	1	gymraegF0	0
ohiF4	7	ohiT4	0
loopF0	4	loopT0	0
cryF0	4	cryT0	0
vidaF0	9	vidaT0	0
aleT4	8	aleF4	0
cavourT0	1	cavourF0	0
guidanceF0	11	guidanceT0	0
empirenationsT0	1	empirenationsF0	0
waowT0	1	waowF0	0
appearsF0	4	appearsT0	0
rgT3	3	rgF3	0
entertainF0	1	entertainT0	0
cominF0	1	cominT0	0
battleF0	1	battleT0	0
gratefulF0	1	gratefulT0	0
yaT2	1	yaF2	0
ahoF2	1	ahoT2	0
guitarF0	6	guitarT0	0
uitT2	5	uitF2	0
willF0	426	willT0	0
pueF4	1	pueT4	0
tankF0	1	tankT0	0
senT4	38	senF4	0
feF1	141	feT1	0
originateT0	4	originateF0	0
sarT4	17	sarF4	0
reformationT0	1	reformationF0	0
milF2	1	milT2	0
beaucoupF0	4	beaucoupT0	0
musicinT0	1	musicinF0	0
jerroldT0	1	jerroldF0	0
fawcettT0	1	fawcettF0	0
guildsT0	4	guildsF0	0
ldnT2	1	ldnF2	0
etsF2	88	etsT2	0
flhrT0	1	flhrF0	0
departureF0	3	departureT0	0
searchersF0	1	searchersT0	0
degF0	7	degT0	0
mexF4	7	mexT4	0
daT3	190	daF3	0
udiF2	1	udiT2	0
gtT1	9	gtF1	0
aniserF0	1	aniserT0	0
fuT1	3	fuF1	0
udsF2	1	udsT2	0
sabF4	2	sabT4	0
aliT0	3	aliF0	0
exF3	584	exT3	0
playingF0	21	playingT0	0
hciT2	1	hciF2	0
intermediatesT0	16	intermediatesF0	0
cbcT4	1	cbcF4	0
nltF0	1	nltT0	0
recyclingF0	4	recyclingT0	0
offficeF0	1	offficeT0	0
thrushF0	2	thrushT0	0
activeT0	2	activeF0	0
flippinF0	1	flippinT0	0
nycT0	3	nycF0	0
domesticatedF0	2	domesticatedT0	0
outlandsF0	1	outlandsT0	0
interrogateF0	1	interrogateT0	0
angstromsF0	1	angstromsT0	0
ughF0	2	ughT0	0
pthF2	12	pthT2	0
krF3	6	krT3	0
malloryT0	1	malloryF0	0
cuntF0	1	cuntT0	0
aliF4	83	aliT4	0
towardsT0	1	towardsF0	0
tusT2	16	tusF2	0
goldF0	59	goldT0	0
regijeT0	1	regijeF0	0
jukF4	1	jukT4	0
kazT4	1	kazF4	0
charactersT0	1	charactersF0	0
rewriteF0	1	rewriteT0	0
xxxF4	1	xxxT4	0
nvT2	1	nvF2	0
allowsT0	10	allowsF0	0
georgiaF0	1	georgiaT0	0
wenF4	18	wenT4	0
marketF0	18	marketT0	0
nagF4	2	nagT4	0
tgT1	1	tgF1	0
educationT0	7	educationF0	0
lengthT0	81	lengthF0	0
mparisF0	1	mparisT0	0
poweredT0	4	poweredF0	0
irrigationF0	1	irrigationT0	0
punitT0	2	punitF0	0
fiberglassT0	1	fiberglassF0	0
smittenF0	1	smittenT0	0
tagT4	7	tagF4	0
mesoamericanT0	1	mesoamericanF0	0
actingF0	5	actingT0	0
kriT4	6	kriF4	0
namT4	37	namF4	0
audienceF0	4	audienceT0	0
sanF2	28	sanT2	0
ceteraF0	2	ceteraT0	0
gilT4	5	gilF4	0
pleaseT0	51	pleaseF0	0
prehistoricF0	1	prehistoricT0	0
czF3	1	czT3	0
naiscF0	1	naiscT0	0
feaF4	73	feaT4	0
jisT4	1	jisF4	0
covetedT0	1	covetedF0	0
bedroomF0	3	bedroomT0	0
mythicF0	1	mythicT0	0
lawF0	16	lawT0	0
scientifcT0	1	scientifcF0	0
yorT4	229	yorF4	0
ratsF0	1	ratsT0	0
fringingF0	1	fringingT0	0
mayallT0	1	mayallF0	0
noneF0	1	noneT0	0
htmlcontentT0	1	htmlcontentF0	0
sigsT0	1	sigsF0	0
essentialF0	4	essentialT0	0
tsoF2	2	tsoT2	0
researchsT0	1	researchsF0	0
greT2	1	greF2	0
xanaxT0	8	xanaxF0	0
entreF0	3	entreT0	0
wipT4	1	wipF4	0
twiF4	5	twiT4	0
cokeT0	1	cokeF0	0
eadT2	28	eadF2	0
hardyT0	2	hardyF0	0
trusteeF0	1	trusteeT0	0
anyoneF0	20	anyoneT0	0
ivF1	4	ivT1	0
olderF0	6	olderT0	0
wiseF0	3	wiseT0	0
tkF1	1	tkT1	0
spartakT0	24	spartakF0	0
icF0	1	icT0	0
awhF4	1	awhT4	0
roleplayingT0	1	roleplayingF0	0
hisF0	177	hisT0	0
iunF2	1	iunT2	0
xT0	70	xF0	0
quarterF0	2	quarterT0	0
ndfF2	1	ndfT2	0
hassanT0	1	hassanF0	0
beyT0	2	beyF0	0
abortF0	4	abortT0	0
michaelsT0	1	michaelsF0	0
ipeT2	15	ipeF2	0
odF3	5	odT3	0
etrexF0	1	etrexT0	0
tragedyT0	1	tragedyF0	0
dumT4	1	dumF4	0
naryF0	2	naryT0	0
sipF2	2	sipT2	0
epidemicF0	1	epidemicT0	0
raiT4	8	raiF4	0
materiasF0	1	materiasT0	0
mxT1	1	mxF1	0
firstF0	107	firstT0	0
isT0	37	isF0	0
cncT2	8	cncF2	0
argF0	4	argT0	0
pierF0	3	pierT0	0
sweetF0	8	sweetT0	0
homepageT0	3	homepageF0	0
avaF2	2	avaT2	0
ceT0	9	ceF0	0
fastingF0	1	fastingT0	0
downloadingF0	4	downloadingT0	0
cancerF0	7	cancerT0	0
joyceF0	1	joyceT0	0
thT0	3	thF0	0
partnerF0	4	partnerT0	0
archaeologicalT0	7	archaeologicalF0	0
rioT0	7	rioF0	0
prettyT0	1	prettyF0	0
fleabayT0	1	fleabayF0	0
forumsT0	15	forumsF0	0
messagingF0	2	messagingT0	0
watF2	1	watT2	0
nicknamedF0	1	nicknamedT0	0
gerT2	29	gerF2	0
isfF2	1	isfT2	0
wallusT0	1	wallusF0	0
uncannyF0	1	uncannyT0	0
ssT0	1	ssF0	0
housebuildersF0	1	housebuildersT0	0
rusiaT0	2	rusiaF0	0
pasF0	13	pasT0	0
wwfT0	8	wwfF0	0
payF4	17	payT4	0
quelqueF0	1	quelqueT0	0
obligatesF0	1	obligatesT0	0
nogasF0	2	nogasT0	0
sameF0	55	sameT0	0
elT1	119	elF1	0
mbinatiF0	1	mbinatiT0	0
ratifiedF0	1	ratifiedT0	0
dayT2	138	dayF2	0
heyT4	1	heyF4	0
godfreyT0	1	godfreyF0	0
viteF0	1	viteT0	0
esperarF0	1	esperarT0	0
hcF1	1	hcT1	0
verviewF0	2	verviewT0	0
beeF4	173	beeT4	0
brvF4	1	brvT4	0
karmaT0	1	karmaF0	0
botherF0	1	botherT0	0
fabricantesF0	1	fabricantesT0	0
painfullyT0	1	painfullyF0	0
cutF2	4	cutT2	0
tabletF0	3	tabletT0	0
payT0	3	payF0	0
kristiF0	1	kristiT0	0
shavingT0	1	shavingF0	0
oropastesT0	1	oropastesF0	0
uscmF0	1	uscmT0	0
etryF0	2	etryT0	0
tooT2	1	tooF2	0
khaT2	2	khaF2	0
maconF0	1	maconT0	0
vmsF2	4	vmsT2	0
journalsF0	3	journalsT0	0
termF0	7	termT0	0
voT1	49	voF1	0
sraT4	1	sraF4	0
gnF1	183	gnT1	0
cehrT0	1	cehrF0	0
cylT2	1	cylF2	0
absT0	1	absF0	0
macartneyT0	1	macartneyF0	0
addcommentT0	2	addcommentF0	0
munT4	9	munF4	0
aveT4	5	aveF4	0
tweakF0	1	tweakT0	0
zeF1	96	zeT1	0
outF0	172	outT0	0
lanebaronT0	1	lanebaronF0	0
onthingsT0	15	onthingsF0	0
aroF2	1	aroT2	0
marT0	12	marF0	0
auxF0	1	auxT0	0
reginaT0	2	reginaF0	0
luxembourgT0	2	luxembourgF0	0
mixF0	3	mixT0	0
lesF0	11	lesT0	0
ikdF2	1	ikdT2	0
industryF0	28	industryT0	0
simplyT0	3	simplyF0	0
hyjalT0	1	hyjalF0	0
asnF2	13	asnT2	0
skF2	1	skT2	0
wedF4	20	wedT4	0
hmsT2	3	hmsF2	0
historicalF0	8	historicalT0	0
webbysT0	1	webbysF0	0
aspireT0	2	aspireF0	0
biF1	2	biT1	0
midgetT0	1	midgetF0	0
praisedF0	1	praisedT0	0
ncT1	26	ncF1	0
thousandF0	3	thousandT0	0
ghT3	3	ghF3	0
annoyedF0	1	annoyedT0	0
restoreF0	2	restoreT0	0
inappropiateT0	1	inappropiateF0	0
favorableF0	2	favorableT0	0
migrationF0	5	migrationT0	0
lgeF2	3	lgeT2	0
mayorT0	1	mayorF0	0
mdiasF0	1	mdiasT0	0
wilberforceT0	1	wilberforceF0	0
msicasF0	4	msicasT0	0
puzzeF0	1	puzzeT0	0
varitF0	2	varitT0	0
cayoT0	10	cayoF0	0
reeT4	27	reeF4	0
praxidamasT0	1	praxidamasF0	0
kleT4	1	kleF4	0
hahaF0	2	hahaT0	0
curiousF0	3	curiousT0	0
sofT2	2	sofF2	0
workforceT0	1	workforceF0	0
updatingF0	3	updatingT0	0
raquoF0	12	raquoT0	0
arteT0	1	arteF0	0
rusT4	15	rusF4	0
vsF1	14	vsT1	0
museF0	1	museT0	0
nswF0	1	nswT0	0
attachedF0	2	attachedT0	0
cookbooksT0	1	cookbooksF0	0
luiF4	2	luiT4	0
sapphireT0	1	sapphireF0	0
buonaventuriT0	1	buonaventuriF0	0
laiF4	8	laiT4	0
ktiT2	1	ktiF2	0
rtfF2	1	rtfT2	0
identificationF0	1	identificationT0	0
perpendicularF0	1	perpendicularT0	0
shT1	167	shF1	0
ganF4	1	ganT4	0
marF4	114	marT4	0
hackerF0	1	hackerT0	0
differingF0	1	differingT0	0
mediaT0	33	mediaF0	0
loaT4	12	loaF4	0
seagateT0	3	seagateF0	0
reserveF0	6	reserveT0	0
approachF0	2	approachT0	0
bpT0	1	bpF0	0
goldbergT0	1	goldbergF0	0
lugubreF0	1	lugubreT0	0
upcomingF0	1	upcomingT0	0
iroF4	1	iroT4	0
signedF0	6	signedT0	0
zimT4	2	zimF4	0
littleF0	46	littleT0	0
nyuT2	1	nyuF2	0
infomationT0	1	infomationF0	0
ownT0	6	ownF0	0
iviT2	1	iviF2	0
newestT0	1	newestF0	0
farmF0	2	farmT0	0
endedF0	2	endedT0	0
empF2	8	empT2	0
jakartaT0	1	jakartaF0	0
dominatingF0	1	dominatingT0	0
uponF0	31	uponT0	0
iotF2	3	iotT2	0
coffeeT0	1	coffeeF0	0
doaT2	1	doaF2	0
booksT0	4	booksF0	0
postgraduatesF0	1	postgraduatesT0	0
sinF4	86	sinT4	0
bradfordT0	1	bradfordF0	0
tlhT2	1	tlhF2	0
winingF0	1	winingT0	0
smoothT0	1	smoothF0	0
moderatorsT0	1	moderatorsF0	0
exclusiveF0	17	exclusiveT0	0
ntzT2	1	ntzF2	0
domF4	22	domT4	0
ofgT4	1	ofgF4	0
partiesT0	3	partiesF0	0
silT2	3	silF2	0
facultyF0	3	facultyT0	0
vittoriaF0	1	vittoriaT0	0
energyF0	10	energyT0	0
googindexT0	3	googindexF0	0
grahamF0	3	grahamT0	0
shoF4	332	shoT4	0
appealedF0	1	appealedT0	0
girF2	2	girT2	0
ringtT0	2	ringtF0	0
receptionsF0	1	receptionsT0	0
ceoilF0	1	ceoilT0	0
sampsT0	1	sampsF0	0
gelF2	3	gelT2	0
howF0	123	howT0	0
topographicF0	4	topographicT0	0
uroF2	2	uroT2	0
leeF4	4	leeT4	0
donatorsF0	1	donatorsT0	0
biaF4	1	biaT4	0
revelF0	1	revelT0	0
accessT0	8	accessF0	0
sustrenF0	1	sustrenT0	0
chinesechineseT0	2	chinesechineseF0	0
fcmT0	1	fcmF0	0
fineT0	2	fineF0	0
ownF4	88	ownT4	0
enciclopediaF0	1	enciclopediaT0	0
functionaltyF0	1	functionaltyT0	0
awardprizesF0	1	awardprizesT0	0
arF3	1116	arT3	0
sparrtakF0	1	sparrtakT0	0
speciasT0	2	speciasF0	0
pireF0	2	pireT0	0
fieT2	1	fieF2	0
zieT2	2	zieF2	0
glennF0	2	glennT0	0
hieF4	1	hieT4	0
riversiddF0	1	riversiddT0	0
charsetF0	1	charsetT0	0
swingingF0	1	swingingT0	0
voiciF0	2	voiciT0	0
vtggF0	1	vtggT0	0
ochF0	1	ochT0	0
buyT4	37	buyF4	0
minnesotaT0	11	minnesotaF0	0
rgoT2	6	rgoF2	0
udeT2	20	udeF2	0
episcopalT0	1	episcopalF0	0
dyF3	14	dyT3	0
parenF0	1	parenT0	0
browseT0	6	browseF0	0
lopezT0	1	lopezF0	0
affairsF0	2	affairsT0	0
eleganceF0	2	eleganceT0	0
birdsfromF0	1	birdsfromT0	0
hordeF0	3	hordeT0	0
damT4	25	damF4	0
royT4	3	royF4	0
compellingF0	1	compellingT0	0
jerseyF0	2	jerseyT0	0
groundsF0	8	groundsT0	0
donationT0	2	donationF0	0
houF2	1	houT2	0
muranoF0	1	muranoT0	0
brvesF0	1	brvesT0	0
siT0	2	siF0	0
edwF4	1	edwT4	0
rcF1	7	rcT1	0
sigleF0	2	sigleT0	0
werF0	5	werT0	0
rightfocailT0	1	rightfocailF0	0
naT3	246	naF3	0
husT4	3	husF4	0
voitF0	1	voitT0	0
edaT2	2	edaF2	0
ughtF0	1	ughtT0	0
microsoftT0	12	microsoftF0	0
jsF3	1	jsT3	0
ryanF0	1	ryanT0	0
oreT4	4	oreF4	0
warrantiesT0	10	warrantiesF0	0
genialF0	1	genialT0	0
premierT0	2	premierF0	0
lakesF0	2	lakesT0	0
anT3	341	anF3	0
etyT2	34	etyF2	0
ainF2	255	ainT2	0
cnT1	1	cnF1	0
eleF4	47	eleT4	0
creamT0	1	creamF0	0
msF0	1	msT0	0
opsT2	7	opsF2	0
galoreT0	1	galoreF0	0
ureF2	318	ureT2	0
deeF2	1	deeT2	0
persvrystellingsT0	1	persvrystellingsF0	0
quT0	3	quF0	0
figuredF0	1	figuredT0	0
otT3	89	otF3	0
mmlT4	1	mmlF4	0
hadeF0	2	hadeT0	0
noaT2	1	noaF2	0
evaT4	20	evaF4	0
sadF2	2	sadT2	0
permittedF0	3	permittedT0	0
hammerheadT0	1	hammerheadF0	0
cubF0	3	cubT0	0
mindfulnessF0	1	mindfulnessT0	0
tesF2	284	tesT2	0
jawF2	4	jawT2	0
generalF0	45	generalT0	0
brewsterT0	1	brewsterF0	0
luttatoriT0	1	luttatoriF0	0
yerT4	1	yerF4	0
xtrF4	1	xtrT4	0
ratiF0	1	ratiT0	0
suF2	2	suT2	0
maybeF0	7	maybeT0	0
contributorsF0	4	contributorsT0	0
eahF2	2	eahT2	0
uarT2	1	uarF2	0
areF2	891	areT2	0
fetchF0	1	fetchT0	0
aiF2	2	aiT2	0
oftreesF0	1	oftreesT0	0
felixxxT0	2	felixxxF0	0
creatorT0	78	creatorF0	0
rcsT2	9	rcsF2	0
alkF2	27	alkT2	0
policyF0	7	policyT0	0
boholT0	1	boholF0	0
pltT4	1	pltF4	0
carlT0	2	carlF0	0
sheetsT0	2	sheetsF0	0
tecT4	36	tecF4	0
oroT4	1	oroF4	0
inkF2	97	inkT2	0
depositaryT0	90	depositaryF0	0
famigliaF0	1	famigliaT0	0
attackT0	2	attackF0	0
rawF4	3	rawT4	0
sheT0	21	sheF0	0
zesT2	5	zesF2	0
phthamF0	1	phthamT0	0
hawF4	3	hawT4	0
heavierF0	2	heavierT0	0
manT4	107	manF4	0
attendantsF0	1	attendantsT0	0
ngF1	3521	ngT1	0
perspectiveF0	3	perspectiveT0	0
lthT2	18	lthF2	0
chF1	734	chT1	0
pamT2	17	pamF2	0
inclusiveF0	1	inclusiveT0	0
likelyT0	1	likelyF0	0
istT4	1	istF4	0
ifoT2	1	ifoF2	0
aboT4	48	aboF4	0
glossaryF0	1	glossaryT0	0
unlikeF0	1	unlikeT0	0
partyT0	9	partyF0	0
atiT2	12	atiF2	0
sanctuaryprovidesF0	1	sanctuaryprovidesT0	0
referF0	9	referT0	0
leT1	409	leF1	0
waterjetT0	1	waterjetF0	0
bridalF0	1	bridalT0	0
maintainedF0	4	maintainedT0	0
deaT2	3	deaF2	0
admireT0	1	admireF0	0
paintT0	3	paintF0	0
numT4	17	numF4	0
consulF0	2	consulT0	0
emssbT0	1	emssbF0	0
wardF0	2	wardT0	0
problemsF0	29	problemsT0	0
combatF0	2	combatT0	0
fwF3	2	fwT3	0
boatF0	19	boatT0	0
immigrationT0	12	immigrationF0	0
staffingT0	1	staffingF0	0
naarT0	1	naarF0	0
niaF2	9	niaT2	0
vcsF2	2	vcsT2	0
ylT1	19	ylF1	0
certificationF0	3	certificationT0	0
freackF0	1	freackT0	0
releasesF0	7	releasesT0	0
kloT4	4	kloF4	0
ignoredF0	1	ignoredT0	0
aloT4	1	aloF4	0
viaT0	3	viaF0	0
belizefollowingT0	1	belizefollowingF0	0
dxT0	2	dxF0	0
necklaceF0	1	necklaceT0	0
rseF4	2	rseT4	0
castleT0	1	castleF0	0
hospitalF0	4	hospitalT0	0
wraF4	11	wraT4	0
magneticF0	1	magneticT0	0
entraT0	1	entraF0	0
nweF4	1	nweT4	0
byeF4	1	byeT4	0
plantsF0	13	plantsT0	0
schT2	4	schF2	0
safetyF0	6	safetyT0	0
nisF4	18	nisT4	0
personnelT0	1	personnelF0	0
nominationF0	3	nominationT0	0
griangrafaF0	1	griangrafaT0	0
privatizedF0	1	privatizedT0	0
crystallF0	2	crystallT0	0
pvpF2	3	pvpT2	0
visitorF0	21	visitorT0	0
museumF0	4	museumT0	0
laissaitF0	1	laissaitT0	0
mgrT4	2	mgrF4	0
pxF2	34	pxT2	0
xasF2	12	xasT2	0
ubermodestF0	1	ubermodestT0	0
givesF0	9	givesT0	0
springsT0	2	springsF0	0
andnatureT0	1	andnatureF0	0
allofF0	1	allofT0	0
sitT4	38	sitF4	0
letterF0	24	letterT0	0
heaF2	1	heaT2	0
isprotectedF0	1	isprotectedT0	0
villageF0	1	villageT0	0
illustratingF0	3	illustratingT0	0
newsroomT0	1	newsroomF0	0
cheF0	4	cheT0	0
spaF0	2	spaT0	0
craigslisstF0	1	craigslisstT0	0
moskwaT0	2	moskwaF0	0
stationF0	3	stationT0	0
nkyT2	1	nkyF2	0
chinesechinaT0	1	chinesechinaF0	0
truncateF0	1	truncateT0	0
contraindicationsT0	1	contraindicationsF0	0
espnT0	1	espnF0	0
rmsT2	11	rmsF2	0
formationsF0	4	formationsT0	0
togF4	18	togT4	0
usbT0	2	usbF0	0
viewsF0	7	viewsT0	0
privilegesF0	1	privilegesT0	0
whaF4	168	whaT4	0
magicalF0	2	magicalT0	0
flatsT0	1	flatsF0	0
icrT2	1	icrF2	0
viagraT0	1	viagraF0	0
vehicleF0	9	vehicleT0	0
africaT0	5	africaF0	0
profsF0	1	profsT0	0
cultrF0	1	cultrT0	0
bankF0	11	bankT0	0
cantoneseF0	1	cantoneseT0	0
itF3	194	itT3	0
busesF0	7	busesT0	0
foiT2	1	foiF2	0
idiF4	5	idiT4	0
respectiveF0	8	respectiveT0	0
arredamentoT0	6	arredamentoF0	0
ifsF2	8	ifsT2	0
regardsF0	2	regardsT0	0
executesF0	1	executesT0	0
documentationT0	3	documentationF0	0
tieF2	4	tieT2	0
enlargeF0	1	enlargeT0	0
personalizedF0	5	personalizedT0	0
begF2	1	begT2	0
pilgrimF0	1	pilgrimT0	0
pollerosF0	1	pollerosT0	0
autosF0	1	autosT0	0
reptilesT0	2	reptilesF0	0
chamberT0	4	chamberF0	0
goffT0	2	goffF0	0
avoT4	2	avoF4	0
cupT2	1	cupF2	0
waxingT0	1	waxingF0	0
missingF0	6	missingT0	0
wingedT0	1	wingedF0	0
vendeF0	1	vendeT0	0
urmF4	1	urmT4	0
layT4	14	layF4	0
pgcF0	1	pgcT0	0
strikerT0	1	strikerF0	0
idiomF0	1	idiomT0	0
sunF2	6	sunT2	0
converterF0	1	converterT0	0
extraT0	6	extraF0	0
onoF2	2	onoT2	0
krumholzT0	1	krumholzF0	0
ipcT4	1	ipcF4	0
cfcT0	1	cfcF0	0
regardlessF0	1	regardlessT0	0
wiF0	7	wiT0	0
ietF2	19	ietT2	0
guaranteeT0	3	guaranteeF0	0
hartfordT0	1	hartfordF0	0
frenchF0	5	frenchT0	0
sutT2	1	sutF2	0
paparazziF0	1	paparazziT0	0
certificatesT0	1	certificatesF0	0
ppersF0	1	ppersT0	0
kwhT0	1	kwhF0	0
ydeF2	3	ydeT2	0
esntF0	1	esntT0	0
stageF0	4	stageT0	0
bueT4	4	bueF4	0
interactiveF0	10	interactiveT0	0
iveF0	3	iveT0	0
nrF0	1	nrT0	0
loistinF0	1	loistinT0	0
thierF0	1	thierT0	0
optimizesT0	2	optimizesF0	0
ksF2	1	ksT2	0
lightningT0	1	lightningF0	0
benedettiF0	1	benedettiT0	0
upsF0	2	upsT0	0
sreF4	2	sreT4	0
thebelizeT0	2	thebelizeF0	0
aolT4	2	aolF4	0
marshalT0	1	marshalF0	0
lodgesF0	6	lodgesT0	0
dcomeT0	1	dcomeF0	0
vrbF4	1	vrbT4	0
californianT0	1	californianF0	0
preciousF0	3	preciousT0	0
westernslopesF0	1	westernslopesT0	0
populationsT0	2	populationsF0	0
utsT2	7	utsF2	0
browserF0	29	browserT0	0
turnedF0	9	turnedT0	0
xinchangT0	1	xinchangF0	0
venhaF0	1	venhaT0	0
transportationT0	4	transportationF0	0
pendulumT0	1	pendulumF0	0
wowinterfaceT0	1	wowinterfaceF0	0
simpleT0	2	simpleF0	0
moonsF0	1	moonsT0	0
deanT0	2	deanF0	0
sneT4	1	sneF4	0
lighthouseT0	5	lighthouseF0	0
infiniteT0	1	infiniteF0	0
hesitationF0	2	hesitationT0	0
aplixT0	2	aplixF0	0
lttF4	1	lttT4	0
havenF0	8	havenT0	0
amadorT0	1	amadorF0	0
paT1	11	paF1	0
zwF3	1	zwT3	0
telnetF0	2	telnetT0	0
municipaT0	1	municipaF0	0
stiT4	9	stiF4	0
workerF0	2	workerT0	0
bladderF0	1	bladderT0	0
southernT0	7	southernF0	0
worF0	1	worT0	0
upperT0	1	upperF0	0
boobT0	1	boobF0	0
pakingganT0	1	pakingganF0	0
slF1	1	slT1	0
insuranceT0	1	insuranceF0	0
pastelsF0	2	pastelsT0	0
stockT0	6	stockF0	0
newF4	301	newT4	0
succeedF0	1	succeedT0	0
warcraftF0	40	warcraftT0	0
lemT2	6	lemF2	0
factoryF0	1	factoryT0	0
mtoT4	1	mtoF4	0
hqT3	12	hqF3	0
ouvT4	12	ouvF4	0
stapletonF0	1	stapletonT0	0
neiT4	7	neiF4	0
nceF4	3	nceT4	0
oilF0	6	oilT0	0
beheadedT0	1	beheadedF0	0
mockeryF0	1	mockeryT0	0
gpoT4	1	gpoF4	0
payoutT0	1	payoutF0	0
laborF0	5	laborT0	0
listingT0	2	listingF0	0
mendozaF0	1	mendozaT0	0
guestF0	27	guestT0	0
hogT2	1	hogF2	0
interviewsF0	10	interviewsT0	0
hesF4	9	hesT4	0
conT0	1	conF0	0
autT0	2	autF0	0
dawT4	1	dawF4	0
jagT4	2	jagF4	0
sundayT0	5	sundayF0	0
gymnasiumF0	2	gymnasiumT0	0
nowT0	40	nowF0	0
lashesF0	1	lashesT0	0
sysadminT0	2	sysadminF0	0
cickingF0	1	cickingT0	0
germantownF0	1	germantownT0	0
abdomenF0	1	abdomenT0	0
apiF0	1	apiT0	0
pacT2	6	pacF2	0
asisF0	1	asisT0	0
migratoryF0	2	migratoryT0	0
grabF0	1	grabT0	0
versusF0	1	versusT0	0
stoppopupT0	1	stoppopupF0	0
borgettoT0	1	borgettoF0	0
hsaT4	2	hsaF4	0
ibaF4	4	ibaT4	0
bishopsF0	1	bishopsT0	0
ffF0	1	ffT0	0
psychoticallyF0	1	psychoticallyT0	0
ofF1	3700	ofT1	0
syrF4	2	syrT4	0
hikT4	2	hikF4	0
usableF0	1	usableT0	0
cmpF4	1	cmpT4	0
purposeF0	19	purposeT0	0
lasT0	3	lasF0	0
winkedF0	1	winkedT0	0
nomF4	16	nomT4	0
stairsT0	3	stairsF0	0
nycF4	1	nycT4	0
veteransF0	1	veteransT0	0
iniF4	17	iniT4	0
petenT0	1	petenF0	0
faeF4	1	faeT4	0
damagesF0	1	damagesT0	0
revisionsF0	2	revisionsT0	0
labsT0	1	labsF0	0
flourF0	2	flourT0	0
acropolisesF0	1	acropolisesT0	0
lcoT2	7	lcoF2	0
monitoringF0	4	monitoringT0	0
descendantsF0	2	descendantsT0	0
junctionF0	1	junctionT0	0
codF4	47	codT4	0
feelF0	25	feelT0	0
outsetF0	1	outsetT0	0
evestedT0	1	evestedF0	0
dooF2	2	dooT2	0
issuesT0	3	issuesF0	0
troubleshootingT0	1	troubleshootingF0	0
deviantartT0	8	deviantartF0	0
toutF0	9	toutT0	0
datedF0	2	datedT0	0
vantageF0	1	vantageT0	0
trialF0	7	trialT0	0
rciT2	2	rciF2	0
researcherF0	1	researcherT0	0
attractionsF0	26	attractionsT0	0
booF4	69	booT4	0
rtzF2	2	rtzT2	0
ctiF4	1	ctiT4	0
ulkF2	2	ulkT2	0
uneT2	29	uneF2	0
epsT2	1	epsF2	0
highwaysF0	4	highwaysT0	0
hostsnakeT0	1	hostsnakeF0	0
casoF0	1	casoT0	0
yteT2	1	yteF2	0
memberF0	17	memberT0	0
dimF0	3	dimT0	0
rvF2	1	rvT2	0
nT0	45	nF0	0
partsF0	22	partsT0	0
gmF2	1	gmT2	0
edyF2	4	edyT2	0
raF3	313	raT3	0
switchT0	1	switchF0	0
genF0	3	genT0	0
rosF4	21	rosT4	0
pyF1	86	pyT1	0
frnT4	1	frnF4	0
goF0	48	goT0	0
wellT0	11	wellF0	0
canopyF0	4	canopyT0	0
moscovoT0	1	moscovoF0	0
bicF2	4	bicT2	0
disclaimerthoughweT0	1	disclaimerthoughweF0	0
bellyF0	2	bellyT0	0
principalF0	1	principalT0	0
qyzetlyrT0	1	qyzetlyrF0	0
bikesF0	4	bikesT0	0
fixedT0	41	fixedF0	0
nsaF2	2	nsaT2	0
stunningF0	1	stunningT0	0
foF1	22	foT1	0
hF0	42	hT0	0
dsoT4	1	dsoF4	0
rueF2	26	rueT2	0
usrT4	2	usrF4	0
fesT2	1	fesF2	0
shyF4	2	shyT4	0
eraF2	30	eraT2	0
dyaT2	3	dyaF2	0
pptF4	2	pptT4	0
arkT2	87	arkF2	0
unicefT0	1	unicefF0	0
alsF4	131	alsT4	0
felizT0	1	felizF0	0
mignonF0	1	mignonT0	0
nonjuringF0	1	nonjuringT0	0
bouT4	8	bouF4	0
prognosisF0	1	prognosisT0	0
licensorsF0	16	licensorsT0	0
phillyT0	1	phillyF0	0
couponF0	1	couponT0	0
fogT4	11	fogF4	0
rolandT0	1	rolandF0	0
eanT2	71	eanF2	0
cxT1	16	cxF1	0
mondayT0	9	mondayF0	0
dentaF0	2	dentaT0	0
bucksF0	1	bucksT0	0
screamingdletT0	1	screamingdletF0	0
sentF0	10	sentT0	0
claswifiedsF0	1	claswifiedsT0	0
behaviorF0	3	behaviorT0	0
dueT2	5	dueF2	0
swF0	1	swT0	0
submergeF0	1	submergeT0	0
wpF3	1	wpT3	0
consciousF0	3	consciousT0	0
helpsF0	5	helpsT0	0
bzdT0	1	bzdF0	0
scoutT0	1	scoutF0	0
scootersF0	3	scootersT0	0
undefinedF0	1	undefinedT0	0
rtrequirementsT0	1	rtrequirementsF0	0
formerlyT0	2	formerlyF0	0
avancerF0	1	avancerT0	0
artificialF0	1	artificialT0	0
addsF0	1	addsT0	0
mbT3	1	mbF3	0
whizF0	1	whizT0	0
reasonableF0	5	reasonableT0	0
ugnF4	1	ugnT4	0
assistanceF0	11	assistanceT0	0
murF4	5	murT4	0
uluF2	3	uluT2	0
starbucksT0	2	starbucksF0	0
dssF4	1	dssT4	0
neF3	695	neT3	0
sustentadaF0	1	sustentadaT0	0
incF0	2	incT0	0
encryptedF0	3	encryptedT0	0
senseF0	9	senseT0	0
aniF2	1	aniT2	0
veT1	248	veF1	0
blastingF0	1	blastingT0	0
mnT1	16	mnF1	0
survivalF0	3	survivalT0	0
weblogbestT0	2	weblogbestF0	0
yarboroughT0	3	yarboroughF0	0
obaT4	16	obaF4	0
bakersfieldT0	1	bakersfieldF0	0
joinF0	13	joinT0	0
homesF0	9	homesT0	0
permitsF0	3	permitsT0	0
fthF2	6	fthT2	0
jemT4	2	jemF4	0
ndashF0	4	ndashT0	0
yoekF0	1	yoekT0	0
gpsT0	1	gpsF0	0
hundredT0	1	hundredF0	0
peloF0	1	peloT0	0
httT4	1	httF4	0
entryF0	25	entryT0	0
namesT0	6	namesF0	0
starF0	7	starT0	0
bajoF0	1	bajoT0	0
voiF0	2	voiT0	0
membershipT0	2	membershipF0	0
pesT2	24	pesF2	0
wormsF0	2	wormsT0	0
utiT2	1	utiF2	0
encyclopediaF0	11	encyclopediaT0	0
apeF4	3	apeT4	0
patientlyF0	1	patientlyT0	0
lmT3	2	lmF3	0
tggF2	1	tggT2	0
sepT2	61	sepF2	0
kidF2	5	kidT2	0
runnerT0	2	runnerF0	0
nekT2	1	nekF2	0
classesT0	1	classesF0	0
slimmestF0	1	slimmestT0	0
runescapeT0	3	runescapeF0	0
eedF2	126	eedT2	0
viiT2	1	viiF2	0
fotografiaT0	1	fotografiaF0	0
nurseryF0	2	nurseryT0	0
symbolF0	2	symbolT0	0
mpeF2	1	mpeT2	0
posseF0	1	posseT0	0
treasonF0	1	treasonT0	0
collegesT0	1	collegesF0	0
foregoF0	1	foregoT0	0
mahF4	1	mahT4	0
ballsF0	1	ballsT0	0
wildfootT0	1	wildfootF0	0
tuftsT0	2	tuftsF0	0
nosT4	2	nosF4	0
demonstrationsF0	1	demonstrationsT0	0
ostF2	226	ostT2	0
rateT0	10	rateF0	0
lawsonF0	1	lawsonT0	0
odyF2	29	odyT2	0
greyhawkT0	1	greyhawkF0	0
ediT4	18	ediF4	0
cheatsT0	4	cheatsF0	0
ofaF4	3	ofaT4	0
jiggaT0	1	jiggaF0	0
luceroT0	1	luceroF0	0
zustzlichT0	1	zustzlichF0	0
uryF2	20	uryT2	0
atkF4	2	atkT4	0
variableF0	3	variableT0	0
marioF0	1	marioT0	0
eddyF0	1	eddyT0	0
aarT2	2	aarF2	0
jegF4	1	jegT4	0
dialectF0	2	dialectT0	0
dysT4	1	dysF4	0
itemsT0	2	itemsF0	0
reyT4	3	reyF4	0
fleaT0	1	fleaF0	0
declaredF0	5	declaredT0	0
suisF0	4	suisT0	0
michiganF0	3	michiganT0	0
greetingsT0	1	greetingsF0	0
trophyT0	1	trophyF0	0
ceremonyF0	18	ceremonyT0	0
encF4	57	encT4	0
warF4	98	warT4	0
nasF2	5	nasT2	0
chiT2	3	chiF2	0
jegoziF0	1	jegoziT0	0
fractionF0	3	fractionT0	0
cemetarystannT0	1	cemetarystannF0	0
pollutionF0	5	pollutionT0	0
oxenF0	2	oxenT0	0
marriageT0	3	marriageF0	0
dT0	88	dF0	0
uoT2	1	uoF2	0
pigT0	17	pigF0	0
birdsT0	7	birdsF0	0
taF1	155	taT1	0
emptinessF0	2	emptinessT0	0
faqF2	2	faqT2	0
apartF0	4	apartT0	0
glintF0	1	glintT0	0
nusF2	15	nusT2	0
employeeT0	1	employeeF0	0
pointF0	35	pointT0	0
xeF3	3	xeT3	0
tapeT0	1	tapeF0	0
noyF2	3	noyT2	0
mpoF2	5	mpoT2	0
geographixT0	1	geographixF0	0
icelandT0	2	icelandF0	0
lowesT0	1	lowesF0	0
routesF0	41	routesT0	0
universityF0	13	universityT0	0
wnsF0	2	wnsT0	0
openingT0	1	openingF0	0
tiledF0	1	tiledT0	0
tsiT4	1	tsiF4	0
undertakingF0	1	undertakingT0	0
pindarT0	1	pindarF0	0
kadivarF0	1	kadivarT0	0
kiplingT0	1	kiplingF0	0
knitT0	1	knitF0	0
bicycamT0	2	bicycamF0	0
ursT4	2	ursF4	0
preferF0	5	preferT0	0
namingT0	1	namingF0	0
edwardoF0	1	edwardoT0	0
interT0	1	interF0	0
eurosT0	1	eurosF0	0
ipT3	13	ipF3	0
mindsetF0	1	mindsetT0	0
glassT0	1	glassF0	0
andersonT0	1	andersonF0	0
loeF4	1	loeT4	0
moststandardF0	1	moststandardT0	0
happyT0	6	happyF0	0
operatorclickT0	1	operatorclickF0	0
residentialF0	3	residentialT0	0
structuresT0	26	structuresF0	0
killingF0	1	killingT0	0
ticF4	13	ticT4	0
riverF0	9	riverT0	0
dolphinT0	1	dolphinF0	0
ramoneT0	1	ramoneF0	0
equipmentF0	19	equipmentT0	0
beyF4	7	beyT4	0
lovefilmT0	1	lovefilmF0	0
threeT0	39	threeF0	0
promptF0	19	promptT0	0
nappiesT0	3	nappiesF0	0
ukF0	5	ukT0	0
molnrT0	1	molnrF0	0
deurF0	1	deurT0	0
campaignF0	4	campaignT0	0
citF4	65	citT4	0
muskT0	1	muskF0	0
plasmaF0	2	plasmaT0	0
taviT0	4	taviF0	0
ytoT2	1	ytoF2	0
principeT0	2	principeF0	0
oidT4	1	oidF4	0
cxaT4	1	cxaF4	0
goingF0	50	goingT0	0
bsF1	63	bsT1	0
unsF2	9	unsT2	0
efF1	68	efT1	0
toolT0	1	toolF0	0
studioF0	4	studioT0	0
sellihgF0	1	sellihgT0	0
hsT1	10	hsF1	0
curF4	75	curT4	0
deliveryT0	6	deliveryF0	0
omnF4	4	omnT4	0
paybT0	1	paybF0	0
eolF4	5	eolT4	0
partlyF0	4	partlyT0	0
agreeF0	5	agreeT0	0
peF1	90	peT1	0
spyT2	4	spyF2	0
ircT2	1	ircF2	0
elvenT0	6	elvenF0	0
announcesF0	3	announcesT0	0
loT1	31	loF1	0
yelF4	6	yelT4	0
guaranteedT0	1	guaranteedF0	0
pcsT4	1	pcsF4	0
pristineF0	3	pristineT0	0
huF3	195	huT3	0
whereyouF0	1	whereyouT0	0
metT4	23	metF4	0
wheelsT0	2	wheelsF0	0
earF2	219	earT2	0
fheasgairT0	1	fheasgairF0	0
instructionT0	1	instructionF0	0
oregonF0	5	oregonT0	0
peterF0	1	peterT0	0
midnightF0	1	midnightT0	0
properF0	3	properT0	0
oonF2	31	oonT2	0
entranceF0	4	entranceT0	0
adT3	206	adF3	0
yournameF0	7	yournameT0	0
litterT0	1	litterF0	0
okT2	5	okF2	0
dowF4	120	dowT4	0
jymmmT0	1	jymmmF0	0
tapwareT0	1	tapwareF0	0
matF2	13	matT2	0
hojeF0	1	hojeT0	0
ifyT2	7	ifyF2	0
cpF3	4	cpT3	0
vaiF4	8	vaiT4	0
eveF4	274	eveT4	0
gymnasticsT0	1	gymnasticsF0	0
steF2	35	steT2	0
classroomprojectF0	2	classroomprojectT0	0
trailF0	4	trailT0	0
midtownT0	1	midtownF0	0
kramerF0	1	kramerT0	0
konT2	7	konF2	0
bathymetricF0	1	bathymetricT0	0
firdaT0	1	firdaF0	0
gmtxT0	16	gmtxF0	0
stablefeaturesT0	1	stablefeaturesF0	0
mangrovesF0	4	mangrovesT0	0
prominentF0	3	prominentT0	0
varyF0	4	varyT0	0
disassembleT0	3	disassembleF0	0
trT0	3	trF0	0
frightenedF0	1	frightenedT0	0
absF4	17	absT4	0
restrictionF0	1	restrictionT0	0
rudeF0	1	rudeT0	0
debraT0	1	debraF0	0
countiesT0	1	countiesF0	0
vyT1	13	vyF1	0
oriF4	45	oriT4	0
axiF2	5	axiT2	0
tomultiF0	1	tomultiT0	0
untilT0	1	untilF0	0
izeT2	511	izeF2	0
californaiF0	2	californaiT0	0
comfortT0	1	comfortF0	0
ahaT2	8	ahaF2	0
otyT2	1	otyF2	0
imprezaF0	2	imprezaT0	0
impactF0	6	impactT0	0
conventionalF0	2	conventionalT0	0
elizabethF0	1	elizabethT0	0
ladderF0	1	ladderT0	0
exertionF0	1	exertionT0	0
marshmallowsF0	1	marshmallowsT0	0
ihgF2	1	ihgT2	0
firedF0	1	firedT0	0
oudT2	2	oudF2	0
pemF2	2	pemT2	0
legesF0	1	legesT0	0
commonwealthT0	1	commonwealthF0	0
ptarmagansF0	1	ptarmagansT0	0
craF4	336	craT4	0
fotbalF0	2	fotbalT0	0
liF1	13	liT1	0
ubaF2	3	ubaT2	0
campbeT0	1	campbeF0	0
nicF0	1	nicT0	0
evilF0	4	evilT0	0
needF0	79	needT0	0
mapT2	121	mapF2	0
necessarilyF0	4	necessarilyT0	0
riT1	76	riF1	0
adaptadoresT0	1	adaptadoresF0	0
matingT0	3	matingF0	0
excusiveF0	1	excusiveT0	0
yohT4	1	yohF4	0
doF3	508	doT3	0
againT0	3	againF0	0
ftpT0	1	ftpF0	0
jquT4	13	jquF4	0
baiF4	4	baiT4	0
piqF4	1	piqT4	0
logF2	98	logT2	0
trlT2	3	trlF2	0
ligT4	15	ligF4	0
jesseF0	2	jesseT0	0
specialsF0	2	specialsT0	0
amhF4	2	amhT4	0
wbT3	1	wbF3	0
iorF4	1	iorT4	0
persF0	5	persT0	0
specimenF0	1	specimenT0	0
roundF0	17	roundT0	0
njjF2	7	njjT2	0
termnialT0	1	termnialF0	0
replaceT0	2	replaceF0	0
sixF4	14	sixT4	0
palaceT0	2	palaceF0	0
relocationT0	2	relocationF0	0
oboT0	1	oboF0	0
lieF0	5	lieT0	0
tejaF0	1	tejaT0	0
docF4	89	docT4	0
agusF0	21	agusT0	0
ductF0	3	ductT0	0
leadingF0	2	leadingT0	0
ruddyF0	2	ruddyT0	0
alreadyF0	21	alreadyT0	0
connectF0	7	connectT0	0
nathanT0	1	nathanF0	0
designationsF0	1	designationsT0	0
iwldF0	1	iwldT0	0
digT2	1	digF2	0
canalsT0	1	canalsF0	0
ihcT2	1	ihcF2	0
typeF0	26	typeT0	0
snoT4	12	snoF4	0
threatenedF0	6	threatenedT0	0
ttF2	1	ttT2	0
eroT4	2	eroF4	0
spectraT0	1	spectraF0	0
synT4	4	synF4	0
blairT0	1	blairF0	0
psychoF0	1	psychoT0	0
cleanedT0	4	cleanedF0	0
gmtT2	2	gmtF2	0
tengamosF0	1	tengamosT0	0
hosF4	68	hosT4	0
recF0	1	recT0	0
pleasedF0	3	pleasedT0	0
rlnF2	1	rlnT2	0
immanuelT0	1	immanuelF0	0
staffF0	11	staffT0	0
touringF0	2	touringT0	0
tftF0	1	tftT0	0
biancaT0	1	biancaF0	0
producerF0	1	producerT0	0
itcF4	2	itcT4	0
exampleF0	31	exampleT0	0
toallF0	5	toallT0	0
panahT0	1	panahF0	0
phunkT0	1	phunkF0	0
superintendedF0	1	superintendedT0	0
upvcT0	4	upvcF0	0
mealtimeF0	1	mealtimeT0	0
zioT2	2	zioF2	0
nearF0	30	nearT0	0
umbrellaF0	1	umbrellaT0	0
turnkeyF0	1	turnkeyT0	0
specializationtheT0	1	specializationtheF0	0
thirtyT0	1	thirtyF0	0
raeF2	1	raeT2	0
stripF0	2	stripT0	0
jesusT0	2	jesusF0	0
earnF0	6	earnT0	0
dceF4	1	dceT4	0
basF4	88	basT4	0
protectiontheT0	2	protectiontheF0	0
jubaT0	3	jubaF0	0
specialisationF0	1	specialisationT0	0
nestingF0	1	nestingT0	0
beachsideF0	1	beachsideT0	0
calF0	1	calT0	0
emaiF0	1	emaiT0	0
closeF0	23	closeT0	0
benqueT0	1	benqueF0	0
permanentF0	3	permanentT0	0
cydesdaeT0	1	cydesdaeF0	0
enyaliosT0	1	enyaliosF0	0
gloversT0	1	gloversF0	0
exhilarationF0	1	exhilarationT0	0
fulfillF0	1	fulfillT0	0
umdT4	1	umdF4	0
boyF4	6	boyT4	0
radarF0	6	radarT0	0
ozaF4	1	ozaT4	0
jerusalemT0	3	jerusalemF0	0
empirehistoricalT0	1	empirehistoricalF0	0
asbF4	29	asbT4	0
imagingF0	1	imagingT0	0
suitedF0	2	suitedT0	0
tailoredF0	1	tailoredT0	0
answeringT0	1	answeringF0	0
elyF4	1	elyT4	0
becomingF0	2	becomingT0	0
rootF0	1	rootT0	0
boutF0	2	boutT0	0
rdF0	11	rdT0	0
pegT4	2	pegF4	0
egraveF0	2	egraveT0	0
cargoF0	2	cargoT0	0
extantF0	1	extantT0	0
rikkiT0	26	rikkiF0	0
injuriousF0	1	injuriousT0	0
spearsT0	4	spearsF0	0
guessedF0	1	guessedT0	0
suspensiF0	1	suspensiT0	0
unplacticisedF0	1	unplacticisedT0	0
locatedT0	12	locatedF0	0
inputF0	4	inputT0	0
epF1	94	epT1	0
ceramicT0	5	ceramicF0	0
aitT2	1	aitF2	0
airpT0	2	airpF0	0
moT0	4	moF0	0
destructionF0	7	destructionT0	0
possessesF0	1	possessesT0	0
msgsF0	1	msgsT0	0
edeF2	5	edeT2	0
nanowrimoT0	2	nanowrimoF0	0
lagoonF0	3	lagoonT0	0
gidT2	3	gidF2	0
zaeF4	1	zaeT4	0
negoziT0	12	negoziF0	0
cortelyouF0	4	cortelyouT0	0
commandsT0	9	commandsF0	0
intakeF0	3	intakeT0	0
retouchF0	1	retouchT0	0
neeF2	5	neeT2	0
professionallyF0	1	professionallyT0	0
pusF0	1	pusT0	0
proofT0	6	proofF0	0
negF0	1	negT0	0
muintoF0	1	muintoT0	0
ooxF2	4	ooxT2	0
honestlyF0	2	honestlyT0	0
directorT0	6	directorF0	0
tiaT2	3	tiaF2	0
reviewT0	13	reviewF0	0
hotelF0	12	hotelT0	0
leveragesF0	1	leveragesT0	0
shallF0	24	shallT0	0
axT3	1	axF3	0
ruF3	121	ruT3	0
identifyingF0	2	identifyingT0	0
apoF4	163	apoT4	0
nissanF0	15	nissanT0	0
reducerF0	1	reducerT0	0
ubiF4	1	ubiT4	0
pressdemocratT0	1	pressdemocratF0	0
republicmapT0	4	republicmapF0	0
untaughtF0	1	untaughtT0	0
ssjT4	3	ssjF4	0
impT4	21	impF4	0
serF4	266	serT4	0
minorsT0	7	minorsF0	0
copiaF0	1	copiaT0	0
capitulateF0	1	capitulateT0	0
sweepT0	1	sweepF0	0
rgeT2	15	rgeF2	0
barackT0	1	barackF0	0
mpuT2	1	mpuF2	0
oitF2	4	oitT2	0
acquaintF0	1	acquaintT0	0
rhpT0	1	rhpF0	0
evT1	2	evF1	0
rtlT2	2	rtlF2	0
prayersF0	1	prayersT0	0
gniT2	1	gniF2	0
mfcT0	2	mfcF0	0
mainsF0	1	mainsT0	0
togheterF0	2	togheterT0	0
modT0	4	modF0	0
expelF0	1	expelT0	0
independenceT0	1	independenceF0	0
pagineF0	1	pagineT0	0
fdF2	4	fdT2	0
systemsT0	11	systemsF0	0
germanF0	3	germanT0	0
antonioT0	3	antonioF0	0
madcatzF0	1	madcatzT0	0
ifiF2	1	ifiT2	0
brugesT0	1	brugesF0	0
ideT4	6	ideF4	0
tableF0	5	tableT0	0
fairchildT0	2	fairchildF0	0
acknowledgedF0	1	acknowledgedT0	0
kelT4	5	kelF4	0
veneF0	1	veneT0	0
ribsF0	2	ribsT0	0
vhallengeF0	1	vhallengeT0	0
wallpaperF0	3	wallpaperT0	0
journeyF0	5	journeyT0	0
mgF2	5	mgT2	0
fauT4	1	fauF4	0
countessT0	1	countessF0	0
neighborhoodF0	1	neighborhoodT0	0
karlbergwhoT0	1	karlbergwhoF0	0
yuT2	1	yuF2	0
onshoreF0	1	onshoreT0	0
nutsT0	1	nutsF0	0
bmwT4	40	bmwF4	0
innerF0	4	innerT0	0
currentsF0	1	currentsT0	0
gotF4	22	gotT4	0
theirF0	255	theirT0	0
yneF2	2	yneT2	0
atF1	2029	atT1	0
sebastianT0	2	sebastianF0	0
xuT3	7	xuF3	0
sportT0	4	sportF0	0
centuryT0	4	centuryF0	0
rntF4	1	rntT4	0
sapevaF0	1	sapevaT0	0
shaT4	52	shaF4	0
shadowF0	1	shadowT0	0
jeannetteF0	1	jeannetteT0	0
tosF2	49	tosT2	0
fcaT2	1	fcaF2	0
matchedF0	1	matchedT0	0
miserableF0	1	miserableT0	0
nowF4	184	nowT4	0
fencingF0	1	fencingT0	0
grindF0	1	grindT0	0
pvtT4	1	pvtF4	0
aruT2	3	aruF2	0
abbotsfordT0	2	abbotsfordF0	0
jaiT2	2	jaiF2	0
atuF4	1	atuT4	0
carbT0	1	carbF0	0
ishF0	1	ishT0	0
traiersT0	1	traiersF0	0
monF4	123	monT4	0
findingsF0	13	findingsT0	0
pogT4	1	pogF4	0
menF4	62	menT4	0
feralF0	1	feralT0	0
speciesF0	36	speciesT0	0
pdrmitF0	1	pdrmitT0	0
popupF0	157	popupT0	0
nuoT2	1	nuoF2	0
owlT2	2	owlF2	0
setF2	75	setT2	0
gatT4	18	gatF4	0
tweT4	1	tweF4	0
helpfulF0	5	helpfulT0	0
chorusT0	1	chorusF0	0
housekeeperF0	1	housekeeperT0	0
wortF0	1	wortT0	0
bolognaT0	1	bolognaF0	0
janetF0	1	janetT0	0
ampliaT0	1	ampliaF0	0
legF2	2	legT2	0
pouF4	30	pouT4	0
followsF0	4	followsT0	0
colonyF0	8	colonyT0	0
mtuF2	1	mtuT2	0
madT4	10	madF4	0
bgF3	1	bgT3	0
scrollsF0	1	scrollsT0	0
insideF0	16	insideT0	0
powF2	5	powT2	0
fiqF4	1	fiqT4	0
imbF2	2	imbT2	0
dtrF4	1	dtrT4	0
teT3	218	teF3	0
sfT3	1	sfF3	0
ivaF4	1	ivaT4	0
mcxT2	4	mcxF2	0
valiumF0	1	valiumT0	0
lowT2	39	lowF2	0
teachtaireachtF0	1	teachtaireachtT0	0
punchingF0	1	punchingT0	0
iatT2	1	iatF2	0
screenF0	14	screenT0	0
classifiedsF0	94	classifiedsT0	0
ewT0	4	ewF0	0
averagingF0	2	averagingT0	0
thicknessF0	2	thicknessT0	0
voeF4	3	voeT4	0
vainF0	2	vainT0	0
removedT0	5	removedF0	0
orkF2	163	orkT2	0
mfgF0	1	mfgT0	0
yboF4	1	yboT4	0
