wenT4	1	wenF4	0
idyF2	3	idyT2	0
flawF0	1	flawT0	0
amazementT0	1	amazementF0	0
uirF2	1	uirT2	0
specialistsF0	3	specialistsT0	0
birminghamT0	2	birminghamF0	0
chassisF0	1	chassisT0	0
roadT0	12	roadF0	0
pueT4	1	pueF4	0
extentF0	4	extentT0	0
pgF3	8	pgT3	0
merF4	37	merT4	0
measureF0	1	measureT0	0
popupT0	106	popupF0	0
ciatedF0	1	ciatedT0	0
pouT4	1	pouF4	0
rightinternationalT0	1	rightinternationalF0	0
estT2	151	estF2	0
euF0	7	euT0	0
arneT0	3	arneF0	0
leadingT0	1	leadingF0	0
opaT4	5	opaF4	0
yneT2	2	yneF2	0
bankT0	200	bankF0	0
ienF2	13	ienT2	0
whyT0	44	whyF0	0
categoryT0	2	categoryF0	0
gatesT0	2	gatesF0	0
iveT0	8	iveF0	0
unlawfulF0	1	unlawfulT0	0
euhT2	1	euhF2	0
steT2	23	steF2	0
oveT4	82	oveF4	0
sriF4	1	sriT4	0
highestF0	9	highestT0	0
egT0	16	egF0	0
sprintF0	1	sprintT0	0
leadF0	8	leadT0	0
reserveisF0	1	reserveisT0	0
highF0	34	highT0	0
tieT2	4	tieF2	0
jagF2	4	jagT2	0
plusT0	6	plusF0	0
knowledgeableF0	2	knowledgeableT0	0
dawnF0	2	dawnT0	0
thrownF0	3	thrownT0	0
outdoorF0	12	outdoorT0	0
icacosT0	2	icacosF0	0
utaT4	3	utaF4	0
pdT2	1	pdF2	0
renderingT0	1	renderingF0	0
stoT2	5	stoF2	0
bortellT0	1	bortellF0	0
tysT2	1	tysF2	0
trukF0	1	trukT0	0
leyT4	1	leyF4	0
romF4	12	romT4	0
gunT4	10	gunF4	0
ctF3	2	ctT3	0
regF0	4	regT0	0
mdiasT0	2	mdiasF0	0
cedT4	2	cedF4	0
vamF4	1	vamT4	0
subT4	33	subF4	0
yerF2	34	yerT2	0
dhrmaochtF0	1	dhrmaochtT0	0
whiningF0	4	whiningT0	0
vscT2	1	vscF2	0
poredF0	1	poredT0	0
xaF1	1	xaT1	0
privacyT0	12	privacyF0	0
ietT2	18	ietF2	0
allpassT0	1	allpassF0	0
canoeF0	3	canoeT0	0
neighboringF0	5	neighboringT0	0
madagascarT0	2	madagascarF0	0
ambergrisT0	14	ambergrisF0	0
relaxingF0	3	relaxingT0	0
supF4	167	supT4	0
nesF2	95	nesT2	0
questionF0	16	questionT0	0
stevensT0	1	stevensF0	0
optionyouF0	5	optionyouT0	0
utilizationF0	2	utilizationT0	0
iziT2	2	iziF2	0
reverestF0	1	reverestT0	0
lochT0	1	lochF0	0
stinsonT0	1	stinsonF0	0
dueF0	7	dueT0	0
establishmentsF0	2	establishmentsT0	0
kitF0	7	kitT0	0
looksF0	11	looksT0	0
empireclassicT0	2	empireclassicF0	0
julyT0	20	julyF0	0
instilledF0	1	instilledT0	0
picturesqueF0	1	picturesqueT0	0
clubT0	9	clubF0	0
kaT0	1	kaF0	0
ekF0	1	ekT0	0
exeT2	1	exeF2	0
aolF2	1	aolT2	0
instrumentsF0	9	instrumentsT0	0
ushF2	8	ushT2	0
figT4	3	figF4	0
cpcT4	3	cpcF4	0
choF4	69	choT4	0
khT3	7	khF3	0
metaphorF0	1	metaphorT0	0
aonF0	1	aonT0	0
buildingT0	6	buildingF0	0
creF4	156	creT4	0
steakF0	1	steakT0	0
yzT1	1	yzF1	0
omahaF0	4	omahaT0	0
thisT0	231	thisF0	0
incF4	214	incT4	0
idaT2	6	idaF2	0
dkF1	2	dkT1	0
threwF0	2	threwT0	0
austenT0	1	austenF0	0
lmsT2	1	lmsF2	0
smT0	26	smF0	0
derickF0	1	derickT0	0
alyF2	3	alyT2	0
sometimesF0	9	sometimesT0	0
sellT0	4	sellF0	0
licT2	43	licF2	0
bikiniT0	1	bikiniF0	0
kmF2	2	kmT2	0
mitchellT0	2	mitchellF0	0
suT2	2	suF2	0
ionF2	1592	ionT2	0
amnF2	2	amnT2	0
bersichtF0	1	bersichtT0	0
adherentsF0	1	adherentsT0	0
espaoF0	1	espaoT0	0
precededF0	1	precededT0	0
afterF0	75	afterT0	0
belizetheT0	1	belizetheF0	0
barraF0	1	barraT0	0
croweT0	1	croweF0	0
gruF4	1	gruT4	0
speechF0	4	speechT0	0
mooreT0	2	mooreF0	0
rosetaT0	4	rosetaF0	0
boaF2	2	boaT2	0
listenerF0	2	listenerT0	0
palmF0	2	palmT0	0
ramT4	1	ramF4	0
mmaryF0	2	mmaryT0	0
bellsF0	2	bellsT0	0
newT4	406	newF4	0
exitT0	7	exitF0	0
cazinoF0	1	cazinoT0	0
delightedF0	2	delightedT0	0
abairtiF0	1	abairtiT0	0
manuscriptT0	1	manuscriptF0	0
thereforeF0	2	thereforeT0	0
confidentF0	2	confidentT0	0
racT4	17	racF4	0
getttingF0	1	getttingT0	0
beginnerF0	2	beginnerT0	0
viewsT0	3	viewsF0	0
feabhasF0	1	feabhasT0	0
conversionF0	8	conversionT0	0
nomT4	2	nomF4	0
juiceT0	1	juiceF0	0
practicingF0	1	practicingT0	0
iedF2	108	iedT2	0
crevicesF0	1	crevicesT0	0
emeraldF0	1	emeraldT0	0
sxsT4	2	sxsF4	0
colchesterF0	1	colchesterT0	0
pricingT0	3	pricingF0	0
dauF4	4	dauT4	0
mastrubatiF0	1	mastrubatiT0	0
abundanceinT0	1	abundanceinF0	0
competingF0	1	competingT0	0
roeF2	1	roeT2	0
nmwF0	1	nmwT0	0
experimentalT0	6	experimentalF0	0
branchT0	3	branchF0	0
bakT2	1	bakF2	0
abreastF0	1	abreastT0	0
txF2	2	txT2	0
sleF4	9	sleT4	0
inyF2	13	inyT2	0
nowadaysF0	1	nowadaysT0	0
canF2	422	canT2	0
hqusaceT0	12	hqusaceF0	0
porraF0	2	porraT0	0
acclaimF0	2	acclaimT0	0
recorderT0	1	recorderF0	0
classicF0	13	classicT0	0
uefT4	1	uefF4	0
configurationF0	6	configurationT0	0
nineF0	16	nineT0	0
abstractF0	1	abstractT0	0
reF3	1825	reT3	0
gdT1	1	gdF1	0
cratesF0	1	cratesT0	0
whereverF0	1	whereverT0	0
standardsT0	17	standardsF0	0
bicT2	4	bicF2	0
tellementF0	1	tellementT0	0
codT4	18	codF4	0
betterF0	37	betterT0	0
reasonF0	13	reasonT0	0
xksT2	1	xksF2	0
gbT3	2	gbF3	0
gigsF0	4	gigsT0	0
wstT4	1	wstF4	0
yonT2	1	yonF2	0
hugF4	11	hugT4	0
gadT4	2	gadF4	0
monitoringT0	1	monitoringF0	0
abcT0	5	abcF0	0
reverieF0	1	reverieT0	0
chryslerT0	1	chryslerF0	0
sensitiveF0	1	sensitiveT0	0
sitesT0	13	sitesF0	0
elegantF0	1	elegantT0	0
machinesF0	6	machinesT0	0
tableT0	4	tableF0	0
pittsburghF0	1	pittsburghT0	0
obtainedF0	8	obtainedT0	0
foeF4	1	foeT4	0
couponT0	2	couponF0	0
reaT2	18	reaF2	0
definiteF0	2	definiteT0	0
deutschT0	1	deutschF0	0
fatherT0	5	fatherF0	0
editorsT0	3	editorsF0	0
aktT4	2	aktF4	0
katT4	3	katF4	0
aroT2	2	aroF2	0
whitF0	2	whitT0	0
amisF0	2	amisT0	0
sufF4	10	sufT4	0
speF0	1	speT0	0
kansanT0	1	kansanF0	0
eboT4	9	eboF4	0
tastesF0	1	tastesT0	0
dashF0	2	dashT0	0
gnuT4	1	gnuF4	0
memberT0	3	memberF0	0
exactlyF0	11	exactlyT0	0
empireempireT0	1	empireempireF0	0
baitF0	1	baitT0	0
fileF0	25	fileT0	0
cpiasF0	1	cpiasT0	0
hpF2	11	hpT2	0
unuF4	4	unuT4	0
funkF0	2	funkT0	0
farewillF0	1	farewillT0	0
cloudedF0	1	cloudedT0	0
eestiF0	1	eestiT0	0
principalT0	1	principalF0	0
devotchkasF0	1	devotchkasT0	0
sinT4	43	sinF4	0
reductionsF0	1	reductionsT0	0
fgenF0	1	fgenT0	0
aclT0	1	aclF0	0
aquelesF0	1	aquelesT0	0
recF4	211	recT4	0
officiallyF0	2	officiallyT0	0
playingT0	2	playingF0	0
importationF0	2	importationT0	0
mathF0	14	mathT0	0
estradaT0	1	estradaF0	0
lisboaT0	4	lisboaF0	0
eraT2	9	eraF2	0
armT4	33	armF4	0
esbF4	1	esbT4	0
baetT0	1	baetF0	0
islocatedF0	1	islocatedT0	0
legionT0	2	legionF0	0
memorabiliaF0	1	memorabiliaT0	0
solicitorT0	2	solicitorF0	0
fyT1	10	fyF1	0
suppersF0	2	suppersT0	0
gugginheimT0	1	gugginheimF0	0
ediF2	1	ediT2	0
busT4	25	busF4	0
airnowT0	1	airnowF0	0
albaniaT0	3	albaniaF0	0
atopF0	3	atopT0	0
ineptF0	1	ineptT0	0
sluggishF0	2	sluggishT0	0
fogF2	2	fogT2	0
cabF4	11	cabT4	0
wolfT0	2	wolfF0	0
payableF0	1	payableT0	0
whitestoneF0	1	whitestoneT0	0
sceaT0	1	sceaF0	0
ziF1	20	ziT1	0
videF0	14	videT0	0
uctT2	6	uctF2	0
aniT2	6	aniF2	0
serverlarT0	1	serverlarF0	0
tylerT0	1	tylerF0	0
alenF0	2	alenT0	0
generatesF0	3	generatesT0	0
twF3	104	twT3	0
soundtrackF0	1	soundtrackT0	0
rieT4	1	rieF4	0
maF2	4	maT2	0
conciseF0	1	conciseT0	0
eliminateF0	1	eliminateT0	0
swT0	4	swF0	0
alcF4	5	alcT4	0
izF1	10	izT1	0
tioT2	2	tioF2	0
mccartneyF0	2	mccartneyT0	0
keptF0	13	keptT0	0
meteorT0	1	meteorF0	0
timbersT0	1	timbersF0	0
rwT1	5	rwF1	0
principleF0	1	principleT0	0
annemarieT0	1	annemarieF0	0
tucsonT0	1	tucsonF0	0
ketF4	2	ketT4	0
malF4	15	malT4	0
delaF0	8	delaT0	0
unpredictableF0	2	unpredictableT0	0
rxT0	1	rxF0	0
ripitT0	3	ripitF0	0
roarF0	2	roarT0	0
ngoT0	1	ngoF0	0
kanF4	4	kanT4	0
undressesF0	2	undressesT0	0
windF0	7	windT0	0
austinF0	2	austinT0	0
nosF2	15	nosT2	0
elementF0	4	elementT0	0
sickF0	1	sickT0	0
ostT2	60	ostF2	0
fthT2	2	fthF2	0
dominantF0	5	dominantT0	0
expressF0	1	expressT0	0
eruT2	2	eruF2	0
possuemF0	1	possuemT0	0
aryT2	373	aryF2	0
rockyT0	2	rockyF0	0
ampF0	99	ampT0	0
rearF0	2	rearT0	0
vieT0	1	vieF0	0
tisF2	5	tisT2	0
downloadableF0	2	downloadableT0	0
agamagganF0	1	agamagganT0	0
cerF4	78	cerT4	0
sedimentationT0	1	sedimentationF0	0
appellateF0	1	appellateT0	0
pacesT0	1	pacesF0	0
notifiedF0	3	notifiedT0	0
mjmT0	1	mjmF0	0
fcT3	6	fcF3	0
flavorF0	1	flavorT0	0
restF0	12	restT0	0
snowblowerF0	1	snowblowerT0	0
wahT4	1	wahF4	0
eedT2	37	eedF2	0
midshipmanF0	1	midshipmanT0	0
conjunctionF0	3	conjunctionT0	0
attitudeF0	5	attitudeT0	0
temF2	61	temT2	0
recordingsT0	3	recordingsF0	0
awaitingF0	3	awaitingT0	0
hillsT0	2	hillsF0	0
bcF1	5	bcT1	0
cardbF0	1	cardbT0	0
oatF4	1	oatT4	0
notionsF0	1	notionsT0	0
scareF0	2	scareT0	0
mahT4	3	mahF4	0
esperoT0	1	esperoF0	0
loucaF0	1	loucaT0	0
eliF4	10	eliT4	0
eneT2	7	eneF2	0
tudoF0	2	tudoT0	0
comboF0	1	comboT0	0
ramchargerF0	2	ramchargerT0	0
nusT2	12	nusF2	0
iteT2	186	iteF2	0
bubbleT0	2	bubbleF0	0
dvrT2	1	dvrF2	0
escaladeF0	1	escaladeT0	0
visitorT0	3	visitorF0	0
oreF2	441	oreT2	0
ofcT2	1	ofcF2	0
statisticallyF0	1	statisticallyT0	0
ynT3	1	ynF3	0
yopF4	1	yopT4	0
whateverT0	3	whateverF0	0
vocF0	3	vocT0	0
orgF0	20	orgT0	0
forcingF0	2	forcingT0	0
oodT2	55	oodF2	0
heiT4	4	heiF4	0
lieF4	11	lieT4	0
midF4	17	midT4	0
esF2	9	esT2	0
rareF0	18	rareT0	0
eiphoneF0	1	eiphoneT0	0
tranquillityF0	1	tranquillityT0	0
scaryF0	1	scaryT0	0
gettingF0	18	gettingT0	0
llF2	36	llT2	0
happenF0	10	happenT0	0
remF4	100	remT4	0
megadriveT0	1	megadriveF0	0
klyF2	14	klyT2	0
dogF4	2	dogT4	0
campbellT0	1	campbellF0	0
actualF0	7	actualT0	0
observationF0	1	observationT0	0
comthanksT0	1	comthanksF0	0
stillT0	6	stillF0	0
nenhumaF0	1	nenhumaT0	0
homburgT0	1	homburgF0	0
hemisphereT0	2	hemisphereF0	0
ivoF4	1	ivoT4	0
winT0	2	winF0	0
midT0	2	midF0	0
outrasF0	3	outrasT0	0
airF2	60	airT2	0
noyT2	1	noyF2	0
altoughT0	1	altoughF0	0
lkyF2	1	lkyT2	0
runeT0	1	runeF0	0
happeningF0	5	happeningT0	0
gonF4	14	gonT4	0
jiT3	28	jiF3	0
adsT2	25	adsF2	0
valuableF0	2	valuableT0	0
ricF0	1	ricT0	0
kilT4	8	kilF4	0
promptT0	3	promptF0	0
mattinaF0	2	mattinaT0	0
tuT1	1	tuF1	0
etaT0	1	etaF0	0
shoppingF0	13	shoppingT0	0
chestnutF0	1	chestnutT0	0
xpT2	8	xpF2	0
incluirF0	1	incluirT0	0
infantF0	1	infantT0	0
photoT0	9	photoF0	0
itiF2	5	itiT2	0
cacyF0	1	cacyT0	0
signonT0	4	signonF0	0
kupF2	6	kupT2	0
piF1	9	piT1	0
mutuaT0	1	mutuaF0	0
normallyF0	4	normallyT0	0
cyberstalkingF0	1	cyberstalkingT0	0
rksF2	46	rksT2	0
ursF2	95	ursT2	0
tarponF0	6	tarponT0	0
vinylF0	1	vinylT0	0
dpfF4	1	dpfT4	0
beiF4	50	beiT4	0
ilT1	109	ilF1	0
ftF0	8	ftT0	0
acceleratetheF0	1	acceleratetheT0	0
omnT4	1	omnF4	0
uteF4	3	uteT4	0
geT0	1	geF0	0
reinsfeltT0	2	reinsfeltF0	0
phoneF0	11	phoneT0	0
surF2	10	surT2	0
bugF0	32	bugT0	0
pdfT0	9	pdfF0	0
vansT0	1	vansF0	0
eatF4	17	eatT4	0
dsF3	2	dsT3	0
planheF0	1	planheT0	0
attendF0	5	attendT0	0
dntF2	10	dntT2	0
dgeF4	1	dgeT4	0
bayF2	9	bayT2	0
oohF2	1	oohT2	0
topicsF0	1	topicsT0	0
distributorsF0	1	distributorsT0	0
ritoF0	1	ritoT0	0
riverT0	11	riverF0	0
noahT0	2	noahF0	0
tvT0	16	tvF0	0
understandingF0	13	understandingT0	0
luF3	24	luT3	0
adF1	403	adT1	0
wodT4	1	wodF4	0
lieT0	3	lieF0	0
goingT0	11	goingF0	0
partridgeT0	1	partridgeF0	0
divisiT0	1	divisiF0	0
oxiF2	2	oxiT2	0
onmT4	1	onmF4	0
panelF0	5	panelT0	0
nieF2	2	nieT2	0
bseF4	1	bseT4	0
heureusementF0	1	heureusementT0	0
bromleyT0	1	bromleyF0	0
oidF2	18	oidT2	0
someoneT0	1	someoneF0	0
airilyF0	1	airilyT0	0
aebF2	1	aebT2	0
allahabadT0	1	allahabadF0	0
silviaF0	3	silviaT0	0
olyT4	5	olyF4	0
kindT0	3	kindF0	0
mousemoveF0	1	mousemoveT0	0
augusteT0	1	augusteF0	0
utT1	152	utF1	0
declinedF0	1	declinedT0	0
kobF2	1	kobT2	0
defaultsF0	1	defaultsT0	0
picF2	31	picT2	0
svoF4	3	svoT4	0
dessinF0	1	dessinT0	0
ovaF2	4	ovaT2	0
hilarityF0	1	hilarityT0	0
nyeT2	12	nyeF2	0
cynT4	2	cynF4	0
whyF4	14	whyT4	0
driverT0	7	driverF0	0
ptF0	1	ptT0	0
demandsF0	3	demandsT0	0
olkF2	1	olkT2	0
huT3	55	huF3	0
bioF4	8	bioT4	0
naiT2	11	naiF2	0
damnF0	2	damnT0	0
rsaF2	3	rsaT2	0
psF1	264	psT1	0
amendedF0	2	amendedT0	0
dtuarT0	1	dtuarF0	0
climbedF0	1	climbedT0	0
producerT0	1	producerF0	0
assezF0	2	assezT0	0
banjulT0	2	banjulF0	0
dhtT4	4	dhtF4	0
pleasecontactF0	1	pleasecontactT0	0
musicaF0	1	musicaT0	0
liT1	21	liF1	0
angT4	17	angF4	0
steadyF0	4	steadyT0	0
bandsF0	3	bandsT0	0
trendsF0	2	trendsT0	0
glasgowT0	6	glasgowF0	0
agraveF0	2	agraveT0	0
ljnF4	1	ljnT4	0
miglioriF0	2	miglioriT0	0
deadminesF0	1	deadminesT0	0
conveyingF0	1	conveyingT0	0
rightnaidheachdanT0	1	rightnaidheachdanF0	0
caliperT0	1	caliperF0	0
cpT3	16	cpF3	0
eveT4	72	eveF4	0
bossanbasicallyT0	1	bossanbasicallyF0	0
datacadT0	1	datacadF0	0
afcF0	1	afcT0	0
eastexT0	1	eastexF0	0
wwiibuidT0	1	wwiibuidF0	0
mezT2	1	mezF2	0
ireT4	6	ireF4	0
healthwiseT0	1	healthwiseF0	0
donextF0	1	donextT0	0
woodyF0	1	woodyT0	0
thitherF0	1	thitherT0	0
amhT4	1	amhF4	0
ulaT2	3	ulaF2	0
juaT4	5	juaF4	0
captainF0	5	captainT0	0
braunT0	1	braunF0	0
fiveF0	16	fiveT0	0
crsF0	1	crsT0	0
oxT3	12	oxF3	0
snorkelF0	6	snorkelT0	0
galvanizzatiF0	1	galvanizzatiT0	0
deT3	667	deF3	0
lisogorskyT0	1	lisogorskyF0	0
inaT2	60	inaF2	0
odeT2	12	odeF2	0
enjoyedF0	2	enjoyedT0	0
aspF4	9	aspT4	0
preventionT0	4	preventionF0	0
taT1	103	taF1	0
feiF0	1	feiT0	0
ubaT2	5	ubaF2	0
failT0	4	failF0	0
schF0	1	schT0	0
cuelloT0	1	cuelloF0	0
welcomedF0	1	welcomedT0	0
sacredF0	1	sacredT0	0
skateF0	1	skateT0	0
abiT4	2	abiF4	0
ijeT2	2	ijeF2	0
regardsT0	2	regardsF0	0
liaT4	5	liaF4	0
ahcT4	1	ahcF4	0
cydT4	1	cydF4	0
rokT2	2	rokF2	0
marshallT0	2	marshallF0	0
tannaT0	1	tannaF0	0
servicewecommunicateT0	1	servicewecommunicateF0	0
jokF4	1	jokT4	0
buiT4	12	buiF4	0
dieF2	12	dieT2	0
coremT0	1	coremF0	0
specsT0	1	specsF0	0
ceneterT0	1	ceneterF0	0
indianaT0	8	indianaF0	0
aneF0	2	aneT0	0
jesseT0	1	jesseF0	0
installationT0	3	installationF0	0
formatsF0	3	formatsT0	0
piqT4	1	piqF4	0
fasT0	1	fasF0	0
navalF0	9	navalT0	0
cluF4	11	cluT4	0
moviezF0	1	moviezT0	0
daiT2	2	daiF2	0
mechanicF0	2	mechanicT0	0
stormsF0	3	stormsT0	0
odraT0	1	odraF0	0
sageF0	1	sageT0	0
ectF2	212	ectT2	0
designateF0	1	designateT0	0
haleusT0	1	haleusF0	0
uniT2	2	uniF2	0
inspiredF0	3	inspiredT0	0
subjectT0	5	subjectF0	0
crimeF0	3	crimeT0	0
bwaF4	1	bwaT4	0
efyT0	1	efyF0	0
thursdayF0	1	thursdayT0	0
unsettledF0	1	unsettledT0	0
myrF4	1	myrT4	0
regulatoryF0	3	regulatoryT0	0
charityT0	1	charityF0	0
commissoT0	1	commissoF0	0
zooF4	6	zooT4	0
srsT0	1	srsF0	0
klF3	6	klT3	0
tblT2	1	tblF2	0
xecT4	2	xecF4	0
subscribeF0	3	subscribeT0	0
piaF4	7	piaT4	0
eenT2	42	eenF2	0
kazakhstanT0	1	kazakhstanF0	0
jimT4	4	jimF4	0
richT0	6	richF0	0
spF1	682	spT1	0
loiF4	1	loiT4	0
blistersF0	1	blistersT0	0
expertF0	9	expertT0	0
coveredF0	5	coveredT0	0
resizeF0	1	resizeT0	0
hosT4	8	hosF4	0
merestF0	1	merestT0	0
amosT0	3	amosF0	0
wireessT0	1	wireessF0	0
awF2	1	awT2	0
techT0	10	techF0	0
soF2	150	soT2	0
currentlyF0	10	currentlyT0	0
ghaF4	1	ghaT4	0
edmT4	5	edmF4	0
phillipT0	3	phillipF0	0
lbtT2	1	lbtF2	0
commonlyF0	3	commonlyT0	0
kliT4	1	kliF4	0
hdtT4	1	hdtF4	0
scholarshipF0	22	scholarshipT0	0
volunteerF0	1	volunteerT0	0
nationalistF0	1	nationalistT0	0
angezeigtF0	1	angezeigtT0	0
tajikistanT0	1	tajikistanF0	0
kvaT2	2	kvaF2	0
cbF1	1	cbT1	0
applyF0	12	applyT0	0
audioF0	17	audioT0	0
vikT4	2	vikF4	0
eirT4	1	eirF4	0
fitchF0	1	fitchT0	0
fluidT0	1	fluidF0	0
nearT0	10	nearF0	0
carmenT0	2	carmenF0	0
exampleT0	3	exampleF0	0
mmmmF0	1	mmmmT0	0
slovakiaT0	1	slovakiaF0	0
fabricaT0	130	fabricaF0	0
iconsT0	9	iconsF0	0
onyT2	8	onyF2	0
headT0	3	headF0	0
albertT0	3	albertF0	0
twaT2	1	twaF2	0
actT2	68	actF2	0
eerF2	19	eerT2	0
kinshipF0	1	kinshipT0	0
countyF0	19	countyT0	0
opponentsF0	2	opponentsT0	0
korbdlF0	1	korbdlT0	0
eriT4	4	eriF4	0
tsT3	7	tsF3	0
umbF4	2	umbT4	0
rockfordF0	2	rockfordT0	0
viaT4	4	viaF4	0
finalT0	1	finalF0	0
zooT0	9	zooF0	0
leverF0	1	leverT0	0
ordaT0	1	ordaF0	0
applicantsplaceF0	1	applicantsplaceT0	0
unknF0	1	unknT0	0
magneticT0	3	magneticF0	0
ohaT2	1	ohaF2	0
isdT4	4	isdF4	0
renamedF0	1	renamedT0	0
staffT0	2	staffF0	0
mmF0	4	mmT0	0
districtF0	14	districtT0	0
expiresF0	11	expiresT0	0
mniF4	1	mniT4	0
bundleF0	3	bundleT0	0
innerT0	2	innerF0	0
emergingT0	11	emergingF0	0
boyT4	6	boyF4	0
floodT0	6	floodF0	0
rthF4	1	rthT4	0
bhpF4	1	bhpT4	0
eupT4	1	eupF4	0
esnF2	12	esnT2	0
statusT0	12	statusF0	0
riaF2	21	riaT2	0
kolF2	3	kolT2	0
waistF0	1	waistT0	0
habbenF0	1	habbenT0	0
audiobooksF0	1	audiobooksT0	0
hotelT0	2	hotelF0	0
wheelchairF0	2	wheelchairT0	0
pavedF0	1	pavedT0	0
wharF0	1	wharT0	0
sexF2	12	sexT2	0
menT4	19	menF4	0
inorganicT0	16	inorganicF0	0
applicantF0	10	applicantT0	0
sbT1	5	sbF1	0
archaeologyT0	7	archaeologyF0	0
mixtureF0	1	mixtureT0	0
odsF2	25	odsT2	0
frameworkT0	1	frameworkF0	0
actuaT0	1	actuaF0	0
pushingF0	2	pushingT0	0
filledsimpleT0	1	filledsimpleF0	0
xiwF4	2	xiwT4	0
numberedF0	1	numberedT0	0
worldF0	168	worldT0	0
germanT0	11	germanF0	0
pasF4	156	pasT4	0
compatibleF0	2	compatibleT0	0
harshF0	1	harshT0	0
ebeT4	1	ebeF4	0
dreamgirlsT0	1	dreamgirlsF0	0
biggerF0	2	biggerT0	0
ucrT4	1	ucrF4	0
descriptionF0	2	descriptionT0	0
atsF0	1	atsT0	0
nkF1	136	nkT1	0
coxT4	1	coxF4	0
ysF2	1	ysT2	0
appreciateF0	5	appreciateT0	0
mkxF2	2	mkxT2	0
tlT0	2	tlF0	0
munitionsT0	5	munitionsF0	0
divertissementT0	1	divertissementF0	0
cmF0	2	cmT0	0
yinF2	1	yinT2	0
axF1	27	axT1	0
holdrsT0	11	holdrsF0	0
apoT4	2	apoF4	0
gifT4	14	gifF4	0
peaT4	12	peaF4	0
mtF3	1	mtT3	0
nisT4	20	nisF4	0
flowmasterT0	1	flowmasterF0	0
revisitF0	1	revisitT0	0
uluT2	2	uluF2	0
lasikF0	1	lasikT0	0
ivT1	3	ivF1	0
endsF0	6	endsT0	0
homF4	118	homT4	0
jouF4	24	jouT4	0
baF3	424	baT3	0
brewfestF0	1	brewfestT0	0
faiF4	43	faiT4	0
ambientT0	1	ambientF0	0
giftF0	24	giftT0	0
decideF0	11	decideT0	0
ivwT2	1	ivwF2	0
calendarT0	4	calendarF0	0
hooF2	1	hooT2	0
upgradedF0	1	upgradedT0	0
vgT3	1	vgF3	0
novembreF0	1	novembreT0	0
arcT4	49	arcF4	0
mannersF0	1	mannersT0	0
hacT4	7	hacF4	0
onwardsF0	1	onwardsT0	0
uveF2	7	uveT2	0
masturbateF0	1	masturbateT0	0
poemsF0	2	poemsT0	0
patientsF0	4	patientsT0	0
sveF4	1	sveT4	0
thankF0	4	thankT0	0
wnsF4	2	wnsT4	0
besF4	100	besT4	0
lubaantunT0	1	lubaantunF0	0
jigF4	1	jigT4	0
maisF0	14	maisT0	0
gtaF2	3	gtaT2	0
gpuT2	1	gpuF2	0
ljouwertT0	1	ljouwertF0	0
throwF0	3	throwT0	0
screenT0	6	screenF0	0
journalismF0	1	journalismT0	0
galleriesF0	3	galleriesT0	0
petrochemicalT0	16	petrochemicalF0	0
quietT0	1	quietF0	0
maxF2	11	maxT2	0
hbitoF0	1	hbitoT0	0
leiF4	9	leiT4	0
asfF4	1	asfT4	0
epiphoneF0	18	epiphoneT0	0
ateF4	2	ateT4	0
russertT0	1	russertF0	0
pamphletsT0	1	pamphletsF0	0
ipsT2	15	ipsF2	0
derivatoF0	1	derivatoT0	0
patchesT0	1	patchesF0	0
eventF0	13	eventT0	0
viaggioF0	1	viaggioT0	0
purchasesF0	1	purchasesT0	0
acceptF0	3	acceptT0	0
pyyF4	1	pyyT4	0
cehecT0	1	cehecF0	0
keeperF0	1	keeperT0	0
fllestrningF0	1	fllestrningT0	0
nmeT4	1	nmeF4	0
monT4	59	monF4	0
espanolT0	1	espanolF0	0
aurF0	1	aurT0	0
camronT0	9	camronF0	0
jaiF0	2	jaiT0	0
successfulF0	11	successfulT0	0
leeT4	7	leeF4	0
journalsT0	4	journalsF0	0
pgiT4	3	pgiF4	0
mongoliaT0	1	mongoliaF0	0
dsyF2	1	dsyT2	0
platformedF0	2	platformedT0	0
prosthesisF0	9	prosthesisT0	0
nationalityT0	3	nationalityF0	0
solemnF0	1	solemnT0	0
lovedT0	3	lovedF0	0
generatingF0	2	generatingT0	0
zusF4	2	zusT4	0
wiseT0	1	wiseF0	0
gatF2	1	gatT2	0
jaT1	5	jaF1	0
spuF4	3	spuT4	0
americaT0	33	americaF0	0
callT0	7	callF0	0
marysvilleT0	1	marysvilleF0	0
prizeT0	2	prizeF0	0
sfF1	3	sfT1	0
ltvT2	1	ltvF2	0
dangerousF0	3	dangerousT0	0
placesF0	14	placesT0	0
bemF0	3	bemT0	0
dagT4	1	dagF4	0
abyF2	5	abyT2	0
qclT4	1	qclF4	0
picturedF0	1	picturedT0	0
dmaF2	3	dmaT2	0
wwfT4	8	wwfF4	0
pmT3	1	pmF3	0
spokeF0	4	spokeT0	0
sexualT0	3	sexualF0	0
collectionF0	22	collectionT0	0
russoT0	1	russoF0	0
kepT4	1	kepF4	0
swellsF0	2	swellsT0	0
somewhatF0	5	somewhatT0	0
sightsF0	2	sightsT0	0
whipesF0	1	whipesT0	0
preschoolerssaturdayT0	2	preschoolerssaturdayF0	0
lucF4	1	lucT4	0
orkT2	260	orkF2	0
cubicF0	1	cubicT0	0
cellF0	1	cellT0	0
jbT0	2	jbF0	0
conceivedF0	1	conceivedT0	0
styT2	2	styF2	0
jointT0	2	jointF0	0
itoT2	3	itoF2	0
esrT4	1	esrF4	0
fulfilF0	2	fulfilT0	0
resT4	82	resF4	0
inspectionF0	3	inspectionT0	0
sirT0	4	sirF0	0
verraF0	1	verraT0	0
xesF2	14	xesT2	0
aimsF0	2	aimsT0	0
replicatingF0	1	replicatingT0	0
winnersT0	1	winnersF0	0
ballisticsF0	1	ballisticsT0	0
ijsF2	2	ijsT2	0
fableF0	2	fableT0	0
sidT4	4	sidF4	0
trunkF0	2	trunkT0	0
eonT2	7	eonF2	0
diedF0	6	diedT0	0
orbitT0	2	orbitF0	0
eritreamapT0	1	eritreamapF0	0
transparentF0	2	transparentT0	0
userpatT0	1	userpatF0	0
collectF0	13	collectT0	0
urgF4	2	urgT4	0
etcF2	24	etcT2	0
cketsF0	1	cketsT0	0
paoT4	3	paoF4	0
suddennessF0	1	suddennessT0	0
kihF2	1	kihT2	0
workingsF0	1	workingsT0	0
wasmT0	1	wasmF0	0
ijiF2	1	ijiT2	0
aramaicT0	1	aramaicF0	0
mknF2	1	mknT2	0
colonelT0	5	colonelF0	0
submittalsF0	3	submittalsT0	0
ozT1	2	ozF1	0
dgT1	1	dgF1	0
aragostaT0	1	aragostaF0	0
piperT0	1	piperF0	0
monticelloT0	1	monticelloF0	0
sarF2	11	sarT2	0
meditationF0	1	meditationT0	0
omnivoresF0	1	omnivoresT0	0
librariansandF0	2	librariansandT0	0
pelicanF0	2	pelicanT0	0
comprisedF0	1	comprisedT0	0
longT0	4	longF0	0
crieiT0	1	crieiF0	0
minF4	130	minT4	0
augustanT0	1	augustanF0	0
snorkelingF0	17	snorkelingT0	0
afaF2	1	afaT2	0
indulgedF0	1	indulgedT0	0
lonelinessF0	1	lonelinessT0	0
daF1	100	daT1	0
ajT1	1	ajF1	0
cruT4	14	cruF4	0
origheightT0	1	origheightF0	0
qcT2	2	qcF2	0
enemyT0	1	enemyF0	0
seemF0	7	seemT0	0
denmarkT0	1	denmarkF0	0
archeryF0	1	archeryT0	0
exportF0	2	exportT0	0
tribeF0	1	tribeT0	0
ambF4	4	ambT4	0
sumsF0	1	sumsT0	0
templateT0	1	templateF0	0
fewT2	2	fewF2	0
etaF4	1	etaT4	0
hiteF0	1	hiteT0	0
tricksF0	4	tricksT0	0
ltT0	3	ltF0	0
morF4	274	morT4	0
vegasF0	3	vegasT0	0
cefT2	1	cefF2	0
excT4	10	excF4	0
resolveF0	1	resolveT0	0
positionsF0	2	positionsT0	0
parcT0	1	parcF0	0
lioF4	2	lioT4	0
seepageT0	1	seepageF0	0
returnT0	1	returnF0	0
krT3	15	krF3	0
eviF4	9	eviT4	0
cortelyouT0	17	cortelyouF0	0
sandT0	2	sandF0	0
taoT0	1	taoF0	0
crewlessF0	1	crewlessT0	0
insuperableF0	1	insuperableT0	0
rtrF4	1	rtrT4	0
reyF2	7	reyT2	0
savT4	13	savF4	0
aadfF0	1	aadfT0	0
rekT2	1	rekF2	0
dentalT0	2	dentalF0	0
astF0	3	astT0	0
policyT0	6	policyF0	0
snowsuitT0	1	snowsuitF0	0
miniatureF0	3	miniatureT0	0
digestionF0	1	digestionT0	0
mightyT0	3	mightyF0	0
salT4	27	salF4	0
wydT4	1	wydF4	0
marginF0	6	marginT0	0
nagT4	1	nagF4	0
attachmentsT0	1	attachmentsF0	0
limT2	1	limF2	0
answerF0	10	answerT0	0
birdhousesF0	1	birdhousesT0	0
ngeF4	2	ngeT4	0
ihiF4	1	ihiT4	0
liveT0	22	liveF0	0
subaruF0	2	subaruT0	0
irrigationT0	1	irrigationF0	0
townshipT0	2	townshipF0	0
vF0	12	vT0	0
insT4	99	insF4	0
wlF1	2	wlT1	0
eslF4	1	eslT4	0
nwiF4	1	nwiT4	0
illnessF0	1	illnessT0	0
lichF0	1	lichT0	0
frightF0	1	frightT0	0
brookeT0	1	brookeF0	0
chemicalF0	2	chemicalT0	0
oryF2	234	oryT2	0
ofcookiesF0	1	ofcookiesT0	0
remT0	1	remF0	0
cartF0	5	cartT0	0
experienceF0	57	experienceT0	0
delleF0	1	delleT0	0
lastF0	69	lastT0	0
hairstyesT0	2	hairstyesF0	0
editT0	8	editF0	0
shallT0	5	shallF0	0
elsF4	27	elsT4	0
clearanceF0	1	clearanceT0	0
utanT0	2	utanF0	0
bingF0	1	bingT0	0
quicklyF0	12	quicklyT0	0
knF1	3	knT1	0
ironicallyT0	1	ironicallyF0	0
dbzT4	2	dbzF4	0
uleF2	5	uleT2	0
essentialT0	1	essentialF0	0
hanssonT0	1	hanssonF0	0
ibgF2	1	ibgT2	0
rldT2	90	rldF2	0
repositrioT0	1	repositrioF0	0
inlandF0	11	inlandT0	0
dollyF0	1	dollyT0	0
mbF1	10	mbT1	0
circularsF0	2	circularsT0	0
blondeT0	1	blondeF0	0
orcT0	2	orcF0	0
chuckwagonT0	1	chuckwagonF0	0
surfboardF0	1	surfboardT0	0
weaponF0	2	weaponT0	0
pulledF0	1	pulledT0	0
supportedF0	3	supportedT0	0
idiotaT0	1	idiotaF0	0
bosF4	6	bosT4	0
intoT0	3	intoF0	0
herdsmanF0	1	herdsmanT0	0
wtsT4	3	wtsF4	0
vulnerableF0	1	vulnerableT0	0
controllerF0	3	controllerT0	0
enyT2	1	enyF2	0
scansF0	2	scansT0	0
cfT3	3	cfF3	0
caseT0	2	caseF0	0
fimF2	2	fimT2	0
txtT2	1	txtF2	0
shotF0	5	shotT0	0
shippingF0	7	shippingT0	0
chatF0	5	chatT0	0
raoT2	2	raoF2	0
hecT0	2	hecF0	0
hiddenF0	3	hiddenT0	0
removalT0	1	removalF0	0
czT3	1	czF3	0
jolarilycuT0	1	jolarilycuF0	0
updateswesendT0	1	updateswesendF0	0
retrievalF0	1	retrievalT0	0
shaddaiT0	1	shaddaiF0	0
hasF2	254	hasT2	0
cuF2	1	cuT2	0
azeT4	6	azeF4	0
pretenceF0	1	pretenceT0	0
ifeF0	4	ifeT0	0
dublinT0	1	dublinF0	0
assistantT0	2	assistantF0	0
shockingF0	1	shockingT0	0
socialsF0	1	socialsT0	0
rousedF0	2	rousedT0	0
uxF1	13	uxT1	0
mrcuryF0	1	mrcuryT0	0
udaF4	1	udaT4	0
filmingF0	2	filmingT0	0
hourF0	17	hourT0	0
kleF2	2	kleT2	0
aidT2	7	aidF2	0
radiF0	1	radiT0	0
labelF0	3	labelT0	0
manufacturersT0	11	manufacturersF0	0
yellowF0	5	yellowT0	0
dynastyF0	1	dynastyT0	0
mulesF0	1	mulesT0	0
abeF2	10	abeT2	0
eadF0	1	eadT0	0
typicalF0	6	typicalT0	0
twiT4	4	twiF4	0
messagingT0	1	messagingF0	0
momentaryF0	2	momentaryT0	0
slaT4	3	slaF4	0
introducingF0	2	introducingT0	0
onT3	168	onF3	0
ningunoF0	2	ningunoT0	0
toddlerT0	1	toddlerF0	0
dukF4	1	dukT4	0
securitiesF0	14	securitiesT0	0
lectureF0	3	lectureT0	0
aldenT0	1	aldenF0	0
heyF2	183	heyT2	0
plumesF0	1	plumesT0	0
prF2	23	prT2	0
expresscardF0	1	expresscardT0	0
significancemanyT0	1	significancemanyF0	0
trnavaT0	14	trnavaF0	0
bondageT0	2	bondageF0	0
funzionaF0	1	funzionaT0	0
viT1	10	viF1	0
piadasF0	1	piadasT0	0
nsF3	8	nsT3	0
jeaF4	4	jeaT4	0
gatosT0	3	gatosF0	0
tunedF0	1	tunedT0	0
btlT2	4	btlF2	0
hcT1	1	hcF1	0
crigslistF0	1	crigslistT0	0
googlemapsT0	1	googlemapsF0	0
holdoutsF0	1	holdoutsT0	0
trapsF0	1	trapsT0	0
ohF3	8	ohT3	0
roundT0	3	roundF0	0
villageT0	12	villageF0	0
tooF0	43	tooT0	0
qualitT0	1	qualitF0	0
abaT2	2	abaF2	0
packetF0	1	packetT0	0
beatT0	1	beatF0	0
aveF2	518	aveT2	0
waxF2	1	waxT2	0
gnT1	102	gnF1	0
patchF0	6	patchT0	0
gourmetdebtT0	1	gourmetdebtF0	0
awesT0	1	awesF0	0
artsT0	18	artsF0	0
walF4	38	walT4	0
leanF0	2	leanT0	0
rangesF0	1	rangesT0	0
stT3	504	stF3	0
timT4	23	timF4	0
silhouetteF0	1	silhouetteT0	0
lesT0	12	lesF0	0
historicalT0	9	historicalF0	0
wingsF0	7	wingsT0	0
rmeF4	5	rmeT4	0
polyT0	1	polyF0	0
veteransT0	1	veteransF0	0
etreT0	1	etreF0	0
mashinesT0	1	mashinesF0	0
retainedF0	3	retainedT0	0
lurkF0	1	lurkT0	0
streetimageT0	1	streetimageF0	0
timelapseF0	1	timelapseT0	0
intentionF0	2	intentionT0	0
mentionF0	4	mentionT0	0
thompsonT0	1	thompsonF0	0
ucbT0	1	ucbF0	0
patriotismF0	1	patriotismT0	0
gdrsT0	13	gdrsF0	0
hoF3	641	hoT3	0
craigslisgF0	1	craigslisgT0	0
repositoriesF0	2	repositoriesT0	0
accessibilityF0	5	accessibilityT0	0
participemF0	1	participemT0	0
oxoT2	1	oxoF2	0
nuF1	7	nuT1	0
johnstoneT0	1	johnstoneF0	0
famF0	1	famT0	0
superfundF0	2	superfundT0	0
raryF0	2	raryT0	0
leoT4	2	leoF4	0
zuneT0	2	zuneF0	0
authorizingF0	1	authorizingT0	0
hiaF2	1	hiaT2	0
waF2	4	waT2	0
fastestF0	1	fastestT0	0
gizT4	2	gizF4	0
siyasiF0	1	siyasiT0	0
tongueF0	1	tongueT0	0
curtainT0	8	curtainF0	0
banishedF0	1	banishedT0	0
acrT4	19	acrF4	0
winF4	160	winT4	0
niF3	109	niT3	0
loudF0	1	loudT0	0
fabricationT0	1	fabricationF0	0
excitementF0	2	excitementT0	0
mwF0	1	mwT0	0
photoshopF0	1	photoshopT0	0
bloomfieldschottT0	1	bloomfieldschottF0	0
lvlF4	18	lvlT4	0
widestF0	1	widestT0	0
mheF4	1	mheT4	0
mfcT4	2	mfcF4	0
pleasantF0	4	pleasantT0	0
flashF0	7	flashT0	0
realmsT0	1	realmsF0	0
mkslaT0	1	mkslaF0	0
ashF2	29	ashT2	0
ixsT4	2	ixsF4	0
newspapersT0	2	newspapersF0	0
pooF4	17	pooT4	0
approachT0	1	approachF0	0
itsF2	197	itsT2	0
iroT4	2	iroF4	0
endeavorF0	1	endeavorT0	0
apsT0	1	apsF0	0
substituteF0	5	substituteT0	0
kedF0	1	kedT0	0
homemadeT0	1	homemadeF0	0
vagasT0	1	vagasF0	0
ispT2	4	ispF2	0
vioF4	14	vioT4	0
crossmemberT0	1	crossmemberF0	0
rigT2	2	rigF2	0
raqF4	12	raqT4	0
artilleryF0	8	artilleryT0	0
joyF0	4	joyT0	0
extinguishF0	1	extinguishT0	0
sriT0	1	sriF0	0
medT4	54	medF4	0
wilfF0	1	wilfT0	0
risF4	16	risT4	0
uponT0	7	uponF0	0
mrT1	6	mrF1	0
indignantF0	1	indignantT0	0
juyT0	1	juyF0	0
harperT0	1	harperF0	0
oirT4	1	oirF4	0
orcF4	12	orcT4	0
fireT0	9	fireF0	0
lamF4	4	lamT4	0
dissensionsF0	1	dissensionsT0	0
andcopperT0	1	andcopperF0	0
travailleF0	1	travailleT0	0
submergeT0	1	submergeF0	0
rT0	60	rF0	0
theycollectF0	1	theycollectT0	0
hyF3	26	hyT3	0
operationsF0	8	operationsT0	0
ruddyT0	1	ruddyF0	0
bilateralF0	1	bilateralT0	0
summonerT0	1	summonerF0	0
rementerT0	1	rementerF0	0
kunF4	1	kunT4	0
hamT4	5	hamF4	0
tauT4	1	tauF4	0
factorsF0	5	factorsT0	0
telecommunicationF0	1	telecommunicationT0	0
shoT4	88	shoF4	0
buyingF0	4	buyingT0	0
iruF2	2	iruT2	0
facultyT0	1	facultyF0	0
californiaT0	10	californiaF0	0
withF0	803	withT0	0
mistyT0	1	mistyF0	0
pvpT2	2	pvpF2	0
toF1	3272	toT1	0
leveldeliveryT0	1	leveldeliveryF0	0
heavilyF0	1	heavilyT0	0
literaryF0	1	literaryT0	0
consumerF0	1	consumerT0	0
avenueT0	3	avenueF0	0
puppiesT0	1	puppiesF0	0
songbirdF0	28	songbirdT0	0
moskovaT0	1	moskovaF0	0
minkiT0	1	minkiF0	0
corrosionT0	2	corrosionF0	0
emtF2	1	emtT2	0
insurgentsF0	1	insurgentsT0	0
minesF0	8	minesT0	0
rewF4	6	rewT4	0
wghF2	1	wghT2	0
vermissenF0	2	vermissenT0	0
wakeF0	2	wakeT0	0
yreF2	3	yreT2	0
oorF2	58	oorT2	0
specificationsF0	4	specificationsT0	0
guidedF0	1	guidedT0	0
freshF0	5	freshT0	0
typefacesF0	1	typefacesT0	0
mikeT0	7	mikeF0	0
stemsF0	1	stemsT0	0
adviceT0	2	adviceF0	0
gitT0	1	gitF0	0
rpF2	1	rpT2	0
yalF2	3	yalT2	0
aulT2	16	aulF2	0
rouT2	1	rouF2	0
sketchT0	1	sketchF0	0
gargantuaT0	2	gargantuaF0	0
yujF4	1	yujT4	0
craihslistF0	1	craihslistT0	0
lugF0	1	lugT0	0
nskT2	2	nskF2	0
jcF3	1	jcT3	0
kolozsvT0	1	kolozsvF0	0
amazinglyF0	1	amazinglyT0	0
clamsF0	1	clamsT0	0
buchananT0	2	buchananF0	0
spinT0	1	spinF0	0
utiF0	1	utiT0	0
nontimberF0	1	nontimberT0	0
wayneT0	1	wayneF0	0
territoryT0	1	territoryF0	0
takT4	15	takF4	0
rhapsT0	1	rhapsF0	0
jeuF4	2	jeuT4	0
pagesF0	40	pagesT0	0
specialtyF0	3	specialtyT0	0
suporteF0	1	suporteT0	0
samsungT0	1	samsungF0	0
lsT1	206	lsF1	0
ahT3	3	ahF3	0
dogT0	1	dogF0	0
twoF2	83	twoT2	0
ezT1	7	ezF1	0
baeF2	1	baeT2	0
gelT2	4	gelF2	0
topographicT0	2	topographicF0	0
houT2	1	houF2	0
gradualF0	1	gradualT0	0
selF4	99	selT4	0
xyT3	2	xyF3	0
satF0	1	satT0	0
ifF1	214	ifT1	0
voiF4	25	voiT4	0
lacF4	5	lacT4	0
shitbirdsT0	1	shitbirdsF0	0
blocksT0	2	blocksF0	0
artificiaF0	1	artificiaT0	0
surprisingF0	2	surprisingT0	0
anF1	1337	anT1	0
reyesT0	1	reyesF0	0
iarrataisF0	1	iarrataisT0	0
retrieveF0	1	retrieveT0	0
sorT4	11	sorF4	0
obsF4	22	obsT4	0
rwaT4	5	rwaF4	0
readT0	11	readF0	0
henryT0	5	henryF0	0
valiumT0	3	valiumF0	0
ayF0	3	ayT0	0
weaverF0	1	weaverT0	0
sloF4	66	sloT4	0
jeF1	39	jeT1	0
bowF0	2	bowT0	0
chlorideF0	1	chlorideT0	0
treatF0	2	treatT0	0
fateF0	3	fateT0	0
hyperspectralF0	2	hyperspectralT0	0
ainT2	68	ainF2	0
teajeviF0	1	teajeviT0	0
mvF1	4	mvT1	0
unharmedF0	1	unharmedT0	0
futbolF0	1	futbolT0	0
midskT0	1	midskF0	0
termosF0	1	termosT0	0
variableT0	1	variableF0	0
pdfF4	5	pdfT4	0
motF2	4	motT2	0
videohelpT0	1	videohelpF0	0
involvesF0	7	involvesT0	0
guidaT0	1	guidaF0	0
evoT4	3	evoF4	0
evaluatingT0	11	evaluatingF0	0
generalT0	19	generalF0	0
cincinnattiF0	1	cincinnattiT0	0
ahmT4	1	ahmF4	0
shipF0	104	shipT0	0
reflectedF0	1	reflectedT0	0
laneF0	1	laneT0	0
aerT2	2	aerF2	0
lewisT0	2	lewisF0	0
verizT0	1	verizF0	0
xeT3	3	xeF3	0
guideF0	53	guideT0	0
homesteadF0	1	homesteadT0	0
xrT0	1	xrF0	0
yaF0	3	yaT0	0
slowlyT0	2	slowlyF0	0
transmissionF0	2	transmissionT0	0
lldF2	1	lldT2	0
bioT0	2	bioF0	0
decT4	134	decF4	0
rowF4	2	rowT4	0
chamarF0	1	chamarT0	0
paiF4	37	paiT4	0
portapapelesF0	3	portapapelesT0	0
inkT2	31	inkF2	0
sonF2	128	sonT2	0
eryF2	252	eryT2	0
serviziT0	1	serviziF0	0
nakF4	4	nakT4	0
cosimoT0	7	cosimoF0	0
pursueF0	1	pursueT0	0
varmadisclaimerT0	1	varmadisclaimerF0	0
divorcedF0	2	divorcedT0	0
mxiF4	1	mxiT4	0
opeF4	132	opeT4	0
rneyF0	3	rneyT0	0
bikT4	3	bikF4	0
reoisF0	2	reoisT0	0
bbF2	1	bbT2	0
cenT4	143	cenF4	0
glyT2	2	glyF2	0
otF1	669	otT1	0
uroT2	3	uroF2	0
connectionF0	13	connectionT0	0
pyT1	17	pyF1	0
animalF0	6	animalT0	0
haoT2	2	haoF2	0
analT0	1	analF0	0
troopF0	1	troopT0	0
rgaF4	4	rgaT4	0
gotT4	9	gotF4	0
calisT0	1	calisF0	0
anaF4	27	anaT4	0
layingF0	3	layingT0	0
divorceT0	1	divorceF0	0
surnamesT0	1	surnamesF0	0
bysF4	1	bysT4	0
spencerF0	1	spencerT0	0
rtgageF0	2	rtgageT0	0
designersT0	1	designersF0	0
outT0	12	outF0	0
wmfT4	1	wmfF4	0
necessarytoF0	1	necessarytoT0	0
pekT4	35	pekF4	0
rdvT2	1	rdvF2	0
ofoF4	1	ofoT4	0
oncT4	12	oncF4	0
averagesF0	2	averagesT0	0
ysxF2	1	ysxT2	0
occupiedF0	6	occupiedT0	0
reiT4	3	reiF4	0
partsT0	8	partsF0	0
oxyT2	11	oxyF2	0
nuaF4	3	nuaT4	0
urT3	31	urF3	0
buickT0	1	buickF0	0
fwyT2	2	fwyF2	0
iepF0	1	iepT0	0
einF2	11	einT2	0
smotherF0	1	smotherT0	0
blackfinT0	1	blackfinF0	0
lusT4	1	lusF4	0
pocketT0	1	pocketF0	0
sondrioT0	2	sondrioF0	0
rgF1	30	rgT1	0
osF2	4	osT2	0
completionT0	1	completionF0	0
tendencyF0	1	tendencyT0	0
edisonF0	1	edisonT0	0
idiT4	1	idiF4	0
lxF0	1	lxT0	0
wallpaperT0	1	wallpaperF0	0
ughF4	3	ughT4	0
letterT0	1	letterF0	0
fieldF0	15	fieldT0	0
destinyF0	1	destinyT0	0
ardsF0	1	ardsT0	0
belizetobaccoT0	1	belizetobaccoF0	0
resultsF0	25	resultsT0	0
mmissiF0	1	mmissiT0	0
stationT0	1	stationF0	0
almF4	29	almT4	0
juvenileT0	1	juvenileF0	0
sanT2	56	sanF2	0
anaT0	1	anaF0	0
bibleF0	1	bibleT0	0
lasT4	39	lasF4	0
selectingF0	2	selectingT0	0
carpenterT0	1	carpenterF0	0
aloF2	2	aloT2	0
suburbanF0	1	suburbanT0	0
craftF0	1	craftT0	0
vacF4	11	vacT4	0
favouritesF0	1	favouritesT0	0
plateauT0	1	plateauF0	0
mlaF4	1	mlaT4	0
returningF0	3	returningT0	0
torrentF0	3	torrentT0	0
fayT4	2	fayF4	0
fungicideF0	1	fungicideT0	0
awesomelyF0	1	awesomelyT0	0
yorF2	1	yorT2	0
boliviaT0	1	boliviaF0	0
reliableF0	2	reliableT0	0
fazerF0	2	fazerT0	0
etherF0	1	etherT0	0
thumbF0	1	thumbT0	0
seF2	31	seT2	0
prontoT0	1	prontoF0	0
ohwF4	1	ohwT4	0
tnF2	1	tnT2	0
feeT0	8	feeF0	0
usdT2	2	usdF2	0
heresimpleT0	1	heresimpleF0	0
souhaiteF0	2	souhaiteT0	0
humT4	19	humF4	0
bodiesF0	1	bodiesT0	0
justifyF0	1	justifyT0	0
cartographysetT0	1	cartographysetF0	0
seattleT0	4	seattleF0	0
netfirmsT0	2	netfirmsF0	0
revisedF0	3	revisedT0	0
subconsciousF0	1	subconsciousT0	0
likT4	25	likF4	0
feeF4	102	feeT4	0
fromF0	619	fromT0	0
heeF2	1	heeT2	0
discretionF0	1	discretionT0	0
moinsF0	2	moinsT0	0
blewF0	1	blewT0	0
autosT0	2	autosF0	0
stationaryF0	1	stationaryT0	0
bukT2	1	bukF2	0
tyF1	582	tyT1	0
sessionF0	14	sessionT0	0
technicianT0	1	technicianF0	0
goT0	15	goF0	0
ojaF4	1	ojaT4	0
cwF0	1	cwT0	0
shrinersT0	1	shrinersF0	0
mafiaF0	2	mafiaT0	0
edsF2	144	edsT2	0
camachoT0	1	camachoF0	0
respectF0	2	respectT0	0
gymboreeF0	2	gymboreeT0	0
shoresF0	7	shoresT0	0
burstF0	1	burstT0	0
getT4	45	getF4	0
fooF4	41	fooT4	0
healthT0	16	healthF0	0
pelimiesT0	3	pelimiesF0	0
nicT0	2	nicF0	0
henolF0	2	henolT0	0
usT2	89	usF2	0
cilT2	6	cilF2	0
msT0	7	msF0	0
carT4	127	carF4	0
onsF2	623	onsT2	0
monitorF0	4	monitorT0	0
dadsT0	1	dadsF0	0
apiT0	1	apiF0	0
ineF2	288	ineT2	0
frenchT0	6	frenchF0	0
witT4	104	witF4	0
anythingF0	28	anythingT0	0
ulyF2	11	ulyT2	0
nksT2	41	nksF2	0
emulatorsF0	1	emulatorsT0	0
awnF2	5	awnT2	0
dietT0	11	dietF0	0
sittingF0	6	sittingT0	0
noonT0	1	noonF0	0
realisticF0	1	realisticT0	0
magazineF0	8	magazineT0	0
obiF4	1	obiT4	0
reflectionsT0	1	reflectionsF0	0
performanceF0	8	performanceT0	0
promotionalF0	3	promotionalT0	0
dskT2	1	dskF2	0
frequentF0	3	frequentT0	0
endeT0	2	endeF0	0
yulF2	1	yulT2	0
defesaF0	1	defesaT0	0
oceanF0	2	oceanT0	0
taiF0	1	taiT0	0
cultivationF0	1	cultivationT0	0
sefF0	1	sefT0	0
ductT0	1	ductF0	0
culturaF0	2	culturaT0	0
terminatesF0	1	terminatesT0	0
intelT0	1	intelF0	0
ojF1	1	ojT1	0
gtiT0	2	gtiF0	0
faqT2	7	faqF2	0
chopF0	1	chopT0	0
gaugetheF0	1	gaugetheT0	0
traderT0	1	traderF0	0
cnsT0	1	cnsF0	0
flamingF0	1	flamingT0	0
zhangT0	1	zhangF0	0
ndtF2	2	ndtT2	0
zyT1	4	zyF1	0
belizelocationT0	1	belizelocationF0	0
youforgetF0	5	youforgetT0	0
stiF2	4	stiT2	0
xxxT4	1	xxxF4	0
determinesF0	1	determinesT0	0
neyT2	29	neyF2	0
telnetT0	10	telnetF0	0
hondamaticF0	1	hondamaticT0	0
nysF2	2	nysT2	0
padstowF0	1	padstowT0	0
mpT3	2	mpF3	0
hatchT0	1	hatchF0	0
domesticateF0	1	domesticateT0	0
caF2	12	caT2	0
atollF0	2	atollT0	0
adjustedF0	1	adjustedT0	0
iguanasF0	1	iguanasT0	0
interiorF0	12	interiorT0	0
bzdT4	1	bzdF4	0
requiresT0	1	requiresF0	0
bmF1	3	bmT1	0
raeT2	2	raeF2	0
officeT0	46	officeF0	0
pusF4	6	pusT4	0
blowF0	5	blowT0	0
kteF4	1	kteT4	0
avyF2	8	avyT2	0
explainedT0	2	explainedF0	0
identificationT0	3	identificationF0	0
banqueT0	1	banqueF0	0
ozoF4	1	ozoT4	0
mtoF2	1	mtoT2	0
fauthF0	42	fauthT0	0
sorrowF0	1	sorrowT0	0
togT4	1	togF4	0
desireF0	4	desireT0	0
arrivalsF0	2	arrivalsT0	0
aibT4	1	aibF4	0
mugenF0	1	mugenT0	0
rusF2	1	rusT2	0
loanF0	10	loanT0	0
aviT4	2	aviF4	0
enterprisesT0	1	enterprisesF0	0
vtT0	4	vtF0	0
westernF0	4	westernT0	0
vehemenceF0	1	vehemenceT0	0
tamT2	12	tamF2	0
primarybackupT0	2	primarybackupF0	0
pessoasF0	2	pessoasT0	0
svT1	5	svF1	0
syrT4	1	syrF4	0
wahooF0	1	wahooT0	0
maskinerF0	1	maskinerT0	0
ryF3	1	ryT3	0
bartonT0	3	bartonF0	0
rqF1	1	rqT1	0
elaF2	29	elaT2	0
jacanaF0	3	jacanaT0	0
haeT2	1	haeF2	0
rkeT2	10	rkeF2	0
oddsF0	1	oddsT0	0
isnT4	1	isnF4	0
trnT4	14	trnF4	0
nogF4	2	nogT4	0
coatingsT0	16	coatingsF0	0
attractiF0	1	attractiT0	0
oofF4	1	oofT4	0
fullyF0	11	fullyT0	0
warriorT0	7	warriorF0	0
rodeF0	2	rodeT0	0
employmentF0	5	employmentT0	0
domesticT0	7	domesticF0	0
canadahT0	1	canadahF0	0
questT0	4	questF0	0
marblesF0	1	marblesT0	0
warcraftT0	46	warcraftF0	0
iriF4	1	iriT4	0
austraianT0	1	austraianF0	0
stsF2	109	stsT2	0
unpaintedF0	1	unpaintedT0	0
mudF2	1	mudT2	0
confirmF0	15	confirmT0	0
strenuousF0	1	strenuousT0	0
sspT2	1	sspF2	0
thyboT0	1	thyboF0	0
likingF0	1	likingT0	0
coupletF0	1	coupletT0	0
krakenF0	1	krakenT0	0
treasuresF0	4	treasuresT0	0
javadocT0	1	javadocF0	0
countrymenF0	1	countrymenT0	0
tftF4	1	tftT4	0
westfallF0	1	westfallT0	0
fireflyredF0	1	fireflyredT0	0
mfgF4	1	mfgT4	0
suffragistF0	1	suffragistT0	0
nouvelleF0	3	nouvelleT0	0
seekersF0	1	seekersT0	0
gurF4	2	gurT4	0
acteurF0	1	acteurT0	0
fellowsF0	1	fellowsT0	0
trainingF0	38	trainingT0	0
agrF4	28	agrT4	0
regionT0	8	regionF0	0
adjacencyT0	1	adjacencyF0	0
cfcT4	1	cfcF4	0
catalystsT0	32	catalystsF0	0
championsF0	1	championsT0	0
impalaT0	2	impalaF0	0
observeF0	5	observeT0	0
godF4	12	godT4	0
lueF2	48	lueT2	0
bezelF0	2	bezelT0	0
cpenT0	1	cpenF0	0
jigT0	1	jigF0	0
raidF0	1	raidT0	0
councilorF0	1	councilorT0	0
booT4	28	booF4	0
ianT2	95	ianF2	0
lowF0	17	lowT0	0
widF4	68	widT4	0
policeT0	11	policeF0	0
trialT0	1	trialF0	0
garF4	14	garT4	0
temashT0	1	temashF0	0
butrintF0	1	butrintT0	0
redoprintsT0	2	redoprintsF0	0
bartholomewT0	1	bartholomewF0	0
dusT2	5	dusF2	0
belleT0	2	belleF0	0
shiF4	187	shiT4	0
godT0	6	godF0	0
bloggiesT0	3	bloggiesF0	0
udiT2	1	udiF2	0
cofferdamsT0	1	cofferdamsF0	0
sylF4	1	sylT4	0
foundationsT0	1	foundationsF0	0
chromeF0	2	chromeT0	0
becF0	1	becT0	0
bokklubbF0	1	bokklubbT0	0
knowsF0	3	knowsT0	0
iszT2	1	iszF2	0
gomezF0	1	gomezT0	0
rtabeF0	2	rtabeT0	0
soundedF0	3	soundedT0	0
referencesF0	2	referencesT0	0
oulF2	2	oulT2	0
tikkiT0	4	tikkiF0	0
racetrackT0	1	racetrackF0	0
briocheF0	2	briocheT0	0
gothamistT0	1	gothamistF0	0
bellyT0	1	bellyF0	0
haT3	177	haF3	0
specialisedF0	12	specialisedT0	0
unaF4	20	unaT4	0
posthorsesF0	1	posthorsesT0	0
croF4	20	croT4	0
catT2	13	catF2	0
pptT4	1	pptF4	0
cussF0	1	cussT0	0
appsF0	3	appsT0	0
dossiersF0	1	dossiersT0	0
bckF4	2	bckT4	0
sawsF0	1	sawsT0	0
bouF2	1	bouT2	0
revealedF0	1	revealedT0	0
christensenT0	1	christensenF0	0
nutmegF0	2	nutmegT0	0
mafF0	1	mafT0	0
recognizeF0	2	recognizeT0	0
antiquesF0	1	antiquesT0	0
fouT4	30	fouF4	0
forecastsT0	1	forecastsF0	0
thepageF0	1	thepageT0	0
organizationalF0	1	organizationalT0	0
rasF2	15	rasT2	0
imeachtaF0	2	imeachtaT0	0
ubiquitousF0	1	ubiquitousT0	0
cahT4	1	cahF4	0
disregardedF0	1	disregardedT0	0
walkedF0	4	walkedT0	0
csvT2	1	csvF2	0
feT1	30	feF1	0
oriT4	20	oriF4	0
dineF0	1	dineT0	0
azyT4	1	azyF4	0
grF1	4	grT1	0
yedT2	4	yedF2	0
bankersF0	1	bankersT0	0
targetsF0	1	targetsT0	0
floorF0	13	floorT0	0
discoveredcheckT0	1	discoveredcheckF0	0
dvdF0	3	dvdT0	0
anyF0	194	anyT0	0
ngsF0	3	ngsT0	0
constitutionsF0	2	constitutionsT0	0
idF3	92	idT3	0
oneT2	117	oneF2	0
metersF0	8	metersT0	0
nsoF2	1	nsoT2	0
bieF4	10	bieT4	0
seasonalityT0	2	seasonalityF0	0
possessingF0	1	possessingT0	0
scubaF0	3	scubaT0	0
rosesF0	3	rosesT0	0
ixsoftwareT0	2	ixsoftwareF0	0
alF3	814	alT3	0
hT0	70	hF0	0
mpsF2	6	mpsT2	0
phF2	5	phT2	0
bigF2	18	bigT2	0
whoF4	178	whoT4	0
exT3	138	exF3	0
muF2	2	muT2	0
ereF2	542	ereT2	0
advertisingF0	12	advertisingT0	0
rightprovidesT0	1	rightprovidesF0	0
rourF0	1	rourT0	0
futurewireT0	7	futurewireF0	0
causesF0	9	causesT0	0
solineT0	1	solineF0	0
arabF0	1	arabT0	0
reeF2	213	reeT2	0
surgicalF0	1	surgicalT0	0
alwF4	59	alwT4	0
ifcF2	1	ifcT2	0
reportF0	31	reportT0	0
zinkF0	1	zinkT0	0
mnaF2	1	mnaT2	0
blessedF0	3	blessedT0	0
ladoF0	1	ladoT0	0
pedraT0	1	pedraF0	0
betaT0	2	betaF0	0
nolanT0	1	nolanF0	0
offenceF0	1	offenceT0	0
sweetestF0	1	sweetestT0	0
thoughtsF0	4	thoughtsT0	0
martinsburgF0	1	martinsburgT0	0
headlineF0	2	headlineT0	0
cryF4	9	cryT4	0
laF3	495	laT3	0
optimalF0	2	optimalT0	0
conformityF0	1	conformityT0	0
ochF4	1	ochT4	0
negotiableF0	1	negotiableT0	0
entryT0	11	entryF0	0
opT1	86	opF1	0
drT0	181	drF0	0
ureT2	62	ureF2	0
stevieT0	1	stevieF0	0
ibT1	2	ibF1	0
valentineT0	2	valentineF0	0
ulF3	3	ulT3	0
insulationF0	2	insulationT0	0
argumentsF0	5	argumentsT0	0
sifT2	2	sifF2	0
solF4	80	solT4	0
auT0	1	auF0	0
windsorT0	2	windsorF0	0
statementsF0	2	statementsT0	0
wneT4	1	wneF4	0
sevF4	46	sevT4	0
yelT4	4	yelF4	0
greipeslandT0	1	greipeslandF0	0
dakotahT0	1	dakotahF0	0
solelyF0	2	solelyT0	0
eilF4	2	eilT4	0
limitsF0	2	limitsT0	0
lkeF2	1	lkeT2	0
battleT0	3	battleF0	0
aldorF0	1	aldorT0	0
diverF0	2	diverT0	0
sendF0	22	sendT0	0
doroF0	1	doroT0	0
buldgingT0	1	buldgingF0	0
replacementT0	1	replacementF0	0
degF4	15	degT4	0
prizeusT0	1	prizeusF0	0
nemT4	1	nemF4	0
anoF0	5	anoT0	0
cyrF4	1	cyrT4	0
invitatiF0	1	invitatiT0	0
wjF3	2	wjT3	0
aliT4	5	aliF4	0
fbaulT0	1	fbaulF0	0
pthT2	2	pthF2	0
ngaT4	3	ngaF4	0
plumbingT0	3	plumbingF0	0
ruthlessF0	1	ruthlessT0	0
urdanetaT0	1	urdanetaF0	0
nltF4	1	nltT4	0
innocentF0	1	innocentT0	0
marioT0	1	marioF0	0
pierceT0	1	pierceF0	0
georgiaT0	8	georgiaF0	0
inoF2	36	inoT2	0
compriseF0	1	compriseT0	0
wonderfulF0	7	wonderfulT0	0
mexT4	25	mexF4	0
irrevocablyF0	1	irrevocablyT0	0
nycT4	3	nycF4	0
belmopanT0	5	belmopanF0	0
ohiT4	38	ohiF4	0
uidT2	5	uidF2	0
sagaT0	1	sagaF0	0
dissertationsT0	1	dissertationsF0	0
barterF0	1	barterT0	0
marketT0	15	marketF0	0
sabT4	4	sabF4	0
broadF0	2	broadT0	0
privaateF0	1	privaateT0	0
crazeanT0	1	crazeanF0	0
theatersT0	1	theatersF0	0
kidT2	1	kidF2	0
languidF0	1	languidT0	0
seemingF0	2	seemingT0	0
aconteceF0	1	aconteceT0	0
winedyF0	1	winedyT0	0
gjeT4	3	gjeF4	0
xusT2	1	xusF2	0
hisT0	12	hisF0	0
poopF0	1	poopT0	0
vaughanT0	1	vaughanF0	0
burnerF0	1	burnerT0	0
sincerelyF0	1	sincerelyT0	0
demT4	26	demF4	0
ktT1	1	ktF1	0
feaT4	12	feaF4	0
socialeT0	1	socialeF0	0
terminationF0	1	terminationT0	0
invitingF0	1	invitingT0	0
bumF4	1	bumT4	0
lawT0	2	lawF0	0
pomT2	1	pomF2	0
sereneF0	1	sereneT0	0
typeT0	17	typeF0	0
welcomeT0	21	welcomeF0	0
rabiesF0	1	rabiesT0	0
rocF4	29	rocT4	0
ltdT0	4	ltdF0	0
kadF4	1	kadT4	0
peoF4	103	peoT4	0
lF0	28	lT0	0
candourF0	1	candourT0	0
fsF1	25	fsT1	0
formingF0	3	formingT0	0
offspringF0	1	offspringT0	0
rhF0	1	rhT0	0
viewerT0	2	viewerF0	0
watT2	4	watF2	0
cancerT0	1	cancerF0	0
ministersF0	3	ministersT0	0
friendshipF0	2	friendshipT0	0
yborF0	1	yborT0	0
departureT0	4	departureF0	0
maconT0	1	maconF0	0
blizardF0	1	blizardT0	0
dollhandleyT0	1	dollhandleyF0	0
centrasT0	1	centrasF0	0
lawF4	37	lawT4	0
consolesourceT0	1	consolesourceF0	0
lesbianF0	4	lesbianT0	0
tkT1	3	tkF1	0
beatingF0	1	beatingT0	0
increaseF0	15	increaseT0	0
bannedT0	4	bannedF0	0
duluthF0	1	duluthT0	0
uncementsF0	1	uncementsT0	0
providersF0	15	providersT0	0
identifiesF0	1	identifiesT0	0
inboxF0	1	inboxT0	0
ipF1	241	ipT1	0
beeT4	8	beeF4	0
nuuF4	1	nuuT4	0
noneT0	1	noneF0	0
idoF2	7	idoT2	0
wavF4	5	wavT4	0
fancifulF0	1	fancifulT0	0
smallerF0	13	smallerT0	0
ticT4	8	ticF4	0
elementosF0	1	elementosT0	0
aprecoF0	1	aprecoT0	0
crustalF0	1	crustalT0	0
scT0	2	scF0	0
delwoodT0	1	delwoodF0	0
pierT0	2	pierF0	0
hisF4	235	hisT4	0
ubeF2	6	ubeT2	0
citT4	84	citF4	0
bambinaF0	1	bambinaT0	0
ukT0	15	ukF0	0
annuallyF0	2	annuallyT0	0
ebookF0	2	ebookT0	0
ghiT2	1	ghiF2	0
hecF4	2	hecT4	0
heF3	591	heT3	0
scramblingF0	1	scramblingT0	0
branderT0	1	branderF0	0
chevroletF0	7	chevroletT0	0
edoT2	11	edoF2	0
sqF0	2	sqT0	0
pcT3	7	pcF3	0
sirF4	1	sirT4	0
selfF0	15	selfT0	0
foaT4	1	foaF4	0
downloadF0	49	downloadT0	0
searsT0	1	searsF0	0
slideshowF0	1	slideshowT0	0
argF4	27	argT4	0
edenT0	15	edenF0	0
deyT2	1	deyF2	0
atkinsF0	2	atkinsT0	0
gaeryF0	1	gaeryT0	0
sulfideF0	1	sulfideT0	0
beyT4	8	beyF4	0
bluffsF0	2	bluffsT0	0
namF2	1	namT2	0
utilityF0	3	utilityT0	0
slT1	2	slF1	0
zeT1	511	zeF1	0
vsT1	5	vsF1	0
braceletF0	1	braceletT0	0
draftedF0	1	draftedT0	0
ghF1	198	ghT1	0
odyT2	14	odyF2	0
typeioT0	1	typeioF0	0
acuteF0	9	acuteT0	0
rioT4	7	rioF4	0
bowlF0	1	bowlT0	0
hoaxT0	1	hoaxF0	0
wiringF0	2	wiringT0	0
categoriesF0	26	categoriesT0	0
oonT2	14	oonF2	0
cinF4	5	cinT4	0
motorcyclesF0	3	motorcyclesT0	0
wraT4	6	wraF4	0
oregonT0	2	oregonF0	0
avaT2	18	avaF2	0
biT1	3	biF1	0
demandaisF0	1	demandaisT0	0
eyebrowsF0	1	eyebrowsT0	0
bisF0	1	bisT0	0
erectedF0	4	erectedT0	0
noticeF0	16	noticeT0	0
cutT2	10	cutF2	0
kuT0	6	kuF0	0
voidF0	3	voidT0	0
previewT0	1	previewF0	0
locatedsomeF0	1	locatedsomeT0	0
rykT2	1	rykF2	0
weighF0	1	weighT0	0
presseF0	1	presseT0	0
readersF0	2	readersT0	0
usmcT0	4	usmcF0	0
payT4	26	payF4	0
manualF0	5	manualT0	0
attendingF0	1	attendingT0	0
taitF0	2	taitT0	0
wmvF2	1	wmvT2	0
completelyF0	16	completelyT0	0
zusammenF0	2	zusammenT0	0
diwF4	1	diwT4	0
preserveF0	1	preserveT0	0
agentsF0	3	agentsT0	0
uaireF0	1	uaireT0	0
figureF0	7	figureT0	0
weakF0	1	weakT0	0
wmF0	1	wmT0	0
hindustanT0	1	hindustanF0	0
orientedF0	1	orientedT0	0
xterraF0	1	xterraT0	0
xoT3	1	xoF3	0
risksF0	1	risksT0	0
operatorsaT0	1	operatorsaF0	0
hostF0	6	hostT0	0
usfeelT0	1	usfeelF0	0
absT4	9	absF4	0
blizzardF0	1	blizzardT0	0
boiseF0	2	boiseT0	0
pieceF0	35	pieceT0	0
noT3	389	noF3	0
outF4	259	outT4	0
auxF4	1	auxT4	0
lifeF0	83	lifeT0	0
enhancedF0	4	enhancedT0	0
marT4	149	marF4	0
ityT2	275	ityF2	0
vinyF0	1	vinyT0	0
lesF4	46	lesT4	0
veredF0	2	veredT0	0
propreT0	1	propreF0	0
yraT2	1	yraF2	0
sboF4	1	sboT4	0
handicraftT0	1	handicraftF0	0
lgeT2	10	lgeF2	0
ladyF0	5	ladyT0	0
deathF0	9	deathT0	0
pugliaT0	1	pugliaF0	0
feelingF0	5	feelingT0	0
daniT0	1	daniF0	0
reducerT0	1	reducerF0	0
ajaT4	2	ajaF4	0
craT4	55	craF4	0
edgardoT0	1	edgardoF0	0
dicF4	8	dicT4	0
supersT0	1	supersF0	0
cameF0	23	cameT0	0
believeF0	17	believeT0	0
baiT4	1	baiF4	0
enormousF0	2	enormousT0	0
jacketF0	1	jacketT0	0
atoF4	16	atoT4	0
udF1	18	udT1	0
postfabricaT0	1	postfabricaF0	0
chileanF0	4	chileanT0	0
chestnykhaT0	2	chestnykhaF0	0
odiF2	1	odiT2	0
publicoF0	1	publicoT0	0
fabricantesT0	1	fabricantesF0	0
aboF2	4	aboT2	0
massF0	6	massT0	0
dangersT0	1	dangersF0	0
xiF3	2	xiT3	0
sportingF0	1	sportingT0	0
mitT4	5	mitF4	0
nimT0	2	nimF0	0
minskT0	1	minskF0	0
veiF4	4	veiT4	0
msnF4	1	msnT4	0
woundedF0	2	woundedT0	0
lessonF0	3	lessonT0	0
littleT0	6	littleF0	0
abouttheT0	1	abouttheF0	0
sheetedF0	1	sheetedT0	0
galF0	1	galT0	0
showerT0	48	showerF0	0
debatesT0	1	debatesF0	0
impliedT0	5	impliedF0	0
mackT0	1	mackF0	0
outstandingF0	9	outstandingT0	0
udeF0	1	udeT0	0
farmT0	6	farmF0	0
nkiT2	1	nkiF2	0
tightestF0	1	tightestT0	0
mapF0	23	mapT0	0
needT0	10	needF0	0
yusofT0	1	yusofF0	0
riginaF0	1	riginaT0	0
unrelatedF0	2	unrelatedT0	0
passengerF0	5	passengerT0	0
canadaT0	14	canadaF0	0
ownT4	6	ownF4	0
carrieT0	1	carrieF0	0
hostingF0	46	hostingT0	0
suckingF0	1	suckingT0	0
jakT4	1	jakF4	0
ganT4	3	ganF4	0
sentT0	1	sentF0	0
domT4	15	domF4	0
sectiF0	1	sectiT0	0
bacF4	84	bacT4	0
watersF0	30	watersT0	0
mdiF4	3	mdiT4	0
oboT4	1	oboF4	0
rockerT0	1	rockerF0	0
himF0	85	himT0	0
tradaF0	1	tradaT0	0
nokF0	1	nokT0	0
mulanaT0	1	mulanaF0	0
arsF2	117	arsT2	0
nortondesT0	1	nortondesF0	0
boiF4	4	boiT4	0
etiT2	1	etiF2	0
singerF0	1	singerT0	0
whatevsT0	1	whatevsF0	0
preformedT0	1	preformedF0	0
hospitalityF0	2	hospitalityT0	0
colombiaT0	2	colombiaF0	0
eitT2	4	eitF2	0
kernT0	1	kernF0	0
oixF2	1	oixT2	0
biaT4	1	biaF4	0
designspecificationsindependentT0	1	designspecificationsindependentF0	0
someF0	137	someT0	0
sidesF0	2	sidesT0	0
wyiteF0	1	wyiteT0	0
adicionaisF0	1	adicionaisT0	0
synF2	1	synT2	0
futingsF0	1	futingsT0	0
exigenciesF0	1	exigenciesT0	0
orgmondayT0	1	orgmondayF0	0
convictionF0	1	convictionT0	0
handedT0	1	handedF0	0
uryT2	47	uryF2	0
rugF4	2	rugT4	0
eleT4	10	eleF4	0
girT2	2	girF2	0
tosT2	10	tosF2	0
ordinaryF0	2	ordinaryT0	0
greenwichT0	2	greenwichF0	0
sudburyT0	1	sudburyF0	0
wednesdayT0	4	wednesdayF0	0
toolpathsF0	1	toolpathsT0	0
poT1	2	poF1	0
ystT2	1	ystF2	0
associationsF0	1	associationsT0	0
fcmT4	1	fcmF4	0
televisieT0	1	televisieF0	0
tickerF0	1	tickerT0	0
tributesF0	1	tributesT0	0
emfT2	1	emfF2	0
fmT3	1	fmF3	0
diaT2	69	diaF2	0
veroF0	1	veroT0	0
shopT0	12	shopF0	0
fabricaguillermoT0	1	fabricaguillermoF0	0
herbertT0	1	herbertF0	0
utoF4	2	utoT4	0
arT3	252	arF3	0
orF3	212	orT3	0
maybeT0	6	maybeF0	0
argyeT0	1	argyeF0	0
ugandaT0	1	ugandaF0	0
nestT0	1	nestF0	0
oalF2	5	oalT2	0
injusticeF0	2	injusticeT0	0
mahrattaT0	1	mahrattaF0	0
forestsF0	6	forestsT0	0
renownedF0	1	renownedT0	0
sheT4	53	sheF4	0
cavF4	17	cavT4	0
inputT0	1	inputF0	0
franchisingF0	4	franchisingT0	0
northeastT0	1	northeastF0	0
usandoF0	2	usandoT0	0
climaF0	1	climaT0	0
guagesF0	1	guagesT0	0
precautionaryF0	1	precautionaryT0	0
timasarchosT0	1	timasarchosF0	0
juT1	1	juF1	0
executionF0	1	executionT0	0
epT1	103	epF1	0
dciF4	2	dciT4	0
wxxiF0	1	wxxiT0	0
malesF0	3	malesT0	0
lagoonT0	1	lagoonF0	0
ensF2	38	ensT2	0
closeT0	5	closeF0	0
migrationT0	4	migrationF0	0
proposeF0	1	proposeT0	0
ttnT2	1	ttnF2	0
werF4	105	werT4	0
hordeT0	6	hordeF0	0
duiT2	2	duiF2	0
affairsT0	4	affairsF0	0
olanF0	1	olanT0	0
twentiethF0	1	twentiethT0	0
hwyT0	3	hwyF0	0
zumF0	2	zumT0	0
rcT1	32	rcF1	0
claF4	168	claT4	0
zoneF0	2	zoneT0	0
corsiT0	1	corsiF0	0
nseF2	45	nseT2	0
facebookT0	6	facebookF0	0
evaF2	2	evaT2	0
tesT2	130	tesF2	0
ahsF2	3	ahsT2	0
lakelandT0	4	lakelandF0	0
aetF4	1	aetT4	0
pogromF0	1	pogromT0	0
lysF4	1	lysT4	0
howT0	106	howF0	0
predominatedF0	1	predominatedT0	0
ongF4	3	ongT4	0
plentyT0	1	plentyF0	0
declarationT0	1	declarationF0	0
oerF2	1	oerT2	0
detectedF0	1	detectedT0	0
festiveF0	1	festiveT0	0
combatT0	1	combatF0	0
rightT0	11	rightF0	0
warningF0	6	warningT0	0
franzenT0	1	franzenF0	0
danfossT0	1	danfossF0	0
thrF4	207	thrT4	0
principemapT0	1	principemapF0	0
economicsF0	2	economicsT0	0
cubF4	7	cubT4	0
scenarioF0	3	scenarioT0	0
detailedF0	7	detailedT0	0
sideeneverT0	1	sideeneverF0	0
buyF2	25	buyT2	0
oroF2	1	oroT2	0
pornoF0	2	pornoT0	0
lcF1	1	lcT1	0
audF4	26	audT4	0
kerT2	28	kerF2	0
voiciT0	2	voiciF0	0
neeT2	4	neeF2	0
dyT3	21	dyF3	0
willingF0	3	willingT0	0
businessF0	53	businessT0	0
xtrT4	4	xtrF4	0
prescriptionF0	4	prescriptionT0	0
corozalT0	7	corozalF0	0
museumT0	4	museumF0	0
neiF2	1	neiT2	0
setT2	26	setF2	0
magicardT0	1	magicardF0	0
downtownF0	3	downtownT0	0
mfT3	2	mfF3	0
pursuantF0	1	pursuantT0	0
mischiefF0	1	mischiefT0	0
naF1	130	naT1	0
shqT2	1	shqF2	0
sceidealF0	1	sceidealT0	0
unlikeT0	2	unlikeF0	0
dansisiirF0	1	dansisiirT0	0
glossaryT0	3	glossaryF0	0
aiT2	2	aiF2	0
rfrT4	1	rfrF4	0
treatmentF0	11	treatmentT0	0
miT0	3	miF0	0
theirT0	5	theirF0	0
ebscoT0	2	ebscoF0	0
problemsT0	3	problemsF0	0
weblogF0	10	weblogT0	0
tunnelF0	1	tunnelT0	0
bmwF2	15	bmwT2	0
sigleT0	2	sigleF0	0
computingF0	1	computingT0	0
inconvenienceF0	1	inconvenienceT0	0
pointT0	7	pointF0	0
chiaraT0	1	chiaraF0	0
plzT2	1	plzF2	0
iniT4	9	iniF4	0
hearF0	9	hearT0	0
canopiesF0	1	canopiesT0	0
poeF4	19	poeT4	0
cuidaF0	2	cuidaT0	0
bdlF2	1	bdlT2	0
chinesedissertationT0	1	chinesedissertationF0	0
sapF4	4	sapT4	0
appnameT0	1	appnameF0	0
pieF0	5	pieT0	0
safeguardF0	2	safeguardT0	0
whT1	3	whF1	0
excellentF0	22	excellentT0	0
zoT1	4	zoF1	0
enterT0	6	enterF0	0
pleadF0	1	pleadT0	0
novaF0	3	novaT0	0
jailF0	2	jailT0	0
taglineF0	1	taglineT0	0
deeT2	4	deeF2	0
fiftyF0	6	fiftyT0	0
autodeskT0	2	autodeskF0	0
foiF0	5	foiT0	0
geometricsT0	1	geometricsF0	0
capabilityF0	5	capabilityT0	0
revealsF0	2	revealsT0	0
translateF0	3	translateT0	0
desF2	133	desT2	0
geekT0	1	geekF0	0
creationsT0	1	creationsF0	0
bringF0	15	bringT0	0
trailT0	7	trailF0	0
itT3	75	itF3	0
certificationT0	1	certificationF0	0
manhattanT0	1	manhattanF0	0
alkT2	12	alkF2	0
horseshoeF0	1	horseshoeT0	0
throwingF0	1	throwingT0	0
fusF4	2	fusT4	0
tuneF0	1	tuneT0	0
cycleF0	3	cycleT0	0
hotmailT0	1	hotmailF0	0
lizyF0	14	lizyT0	0
shadowT0	2	shadowF0	0
madF2	3	madT2	0
excavationF0	1	excavationT0	0
missingT0	1	missingF0	0
expendF0	1	expendT0	0
converterT0	2	converterF0	0
classifiedsT0	3	classifiedsF0	0
listensF0	1	listensT0	0
willT0	9	willF0	0
chanceF0	8	chanceT0	0
consolidatesT0	1	consolidatesF0	0
duaF4	3	duaT4	0
greggoryF0	1	greggoryT0	0
freedomF0	13	freedomT0	0
lambT0	1	lambF0	0
spaF4	55	spaT4	0
cheF4	101	cheT4	0
presureF0	1	presureT0	0
technologyF0	21	technologyT0	0
istF2	408	istT2	0
atiF0	1	atiT0	0
gleT2	16	gleF2	0
clusterF0	1	clusterT0	0
movementsF0	1	movementsT0	0
opicturesF0	1	opicturesT0	0
portsF0	5	portsT0	0
backupF0	2	backupT0	0
usbT4	3	usbF4	0
strugglesF0	1	strugglesT0	0
cheT0	2	cheF0	0
guidelineT0	1	guidelineF0	0
qualidadeF0	1	qualidadeT0	0
briefF0	2	briefT0	0
naoF0	3	naoT0	0
spsT2	1	spsF2	0
btfF2	1	btfT2	0
grandstandT0	1	grandstandF0	0
ompT2	1	ompF2	0
outlinedF0	2	outlinedT0	0
ifsT2	2	ifsF2	0
earthlieF0	1	earthlieT0	0
struttingF0	1	struttingT0	0
amongF0	12	amongT0	0
breadF0	1	breadT0	0
teF1	1157	teT1	0
advancedF0	6	advancedT0	0
speakT0	5	speakF0	0
sstF2	1	sstT2	0
netwF0	1	netwT0	0
frqnkF0	1	frqnkT0	0
stayedF0	2	stayedT0	0
cultrT0	1	cultrF0	0
umF2	12	umT2	0
magicalT0	1	magicalF0	0
marqueeF0	1	marqueeT0	0
browserT0	2	browserF0	0
monthsmoreT0	2	monthsmoreF0	0
tacT2	1	tacF2	0
saversT0	2	saversF0	0
informationF0	270	informationT0	0
negF4	26	negT4	0
submitsensitiveF0	1	submitsensitiveT0	0
valerieT0	1	valerieF0	0
searchableF0	5	searchableT0	0
bayonetF0	1	bayonetT0	0
dayF0	132	dayT0	0
fightersF0	1	fightersT0	0
cabT0	3	cabF0	0
hgF1	1	hgT1	0
voixF0	1	voixT0	0
chaT4	174	chaF4	0
looT4	31	looF4	0
migratoryT0	1	migratoryF0	0
guanacasteF0	1	guanacasteT0	0
dearT0	4	dearF0	0
gziT4	17	gziF4	0
ouF0	10	ouT0	0
rssT0	2	rssF0	0
educatorsT0	1	educatorsF0	0
ldF0	1	ldT0	0
enlargeT0	1	enlargeF0	0
cupF0	4	cupT0	0
visuaF0	1	visuaT0	0
ehF3	1	ehT3	0
imprezaT0	1	imprezaF0	0
refugeF0	4	refugeT0	0
apiF4	1	apiT4	0
eulF2	1	eulT2	0
sreT4	3	sreF4	0
lodgingF0	2	lodgingT0	0
ecourseF0	1	ecourseT0	0
handfulF0	3	handfulT0	0
manyendangeredF0	1	manyendangeredT0	0
redeF0	1	redeT0	0
claimF0	6	claimT0	0
kwhT4	1	kwhF4	0
iveF4	3	iveT4	0
oeT2	2	oeF2	0
assassinsF0	1	assassinsT0	0
hdT0	5	hdF0	0
achT4	2	achF4	0
imT0	34	imF0	0
cookeryT0	1	cookeryF0	0
highlightF0	1	highlightT0	0
odT3	4	odF3	0
tigF4	5	tigT4	0
wonT4	4	wonF4	0
turnstoneF0	1	turnstoneT0	0
disastersF0	1	disastersT0	0
pascalT0	4	pascalF0	0
favoriteF0	16	favoriteT0	0
subduedF0	1	subduedT0	0
quelquechoseF0	1	quelquechoseT0	0
oilT0	2	oilF0	0
slingoT0	1	slingoF0	0
dakF4	6	dakT4	0
kdF1	1	kdT1	0
considerationF0	1	considerationT0	0
chartingT0	1	chartingF0	0
motionT0	1	motionF0	0
swappedF0	2	swappedT0	0
havenT0	3	havenF0	0
doorF0	20	doorT0	0
hemselfesF0	1	hemselfesT0	0
exposeT0	1	exposeF0	0
bwF1	1	bwT1	0
amazedF0	3	amazedT0	0
sevilleT0	1	sevilleF0	0
islandsT0	21	islandsF0	0
zeuT4	2	zeuF4	0
usgsT0	1	usgsF0	0
crT1	12	crF1	0
overseasF0	1	overseasT0	0
yenT2	1	yenF2	0
resolvedF0	2	resolvedT0	0
ringT0	5	ringF0	0
livedF0	3	livedT0	0
limitationF0	4	limitationT0	0
signerF0	2	signerT0	0
shuttingF0	1	shuttingT0	0
reserveT0	4	reserveF0	0
disT4	97	disF4	0
derelT0	1	derelF0	0
decisionF0	5	decisionT0	0
radarT0	8	radarF0	0
rosT4	21	rosF4	0
wheF4	335	wheT4	0
zipsF0	1	zipsT0	0
shoesF0	1	shoesT0	0
voltsT0	1	voltsF0	0
glT3	58	glF3	0
accessoriesT0	3	accessoriesF0	0
eeT2	4	eeF2	0
niaT2	27	niaF2	0
tayF4	1	tayT4	0
worF4	478	worT4	0
tonganoxieT0	1	tonganoxieF0	0
femmeT0	2	femmeF0	0
ocrF4	1	ocrT4	0
allakhazamT0	4	allakhazamF0	0
anonymouslyF0	1	anonymouslyT0	0
gwT2	2	gwF2	0
purportF0	1	purportT0	0
tomassoT0	1	tomassoF0	0
vernonF0	2	vernonT0	0
losF4	23	losT4	0
keatonT0	1	keatonF0	0
ofT1	153	ofF1	0
nioF2	4	nioT2	0
mmorpgF0	1	mmorpgT0	0
bellsouthF0	1	bellsouthT0	0
predefinedF0	1	predefinedT0	0
pollutionT0	1	pollutionF0	0
loeT4	1	loeF4	0
interviewsT0	1	interviewsF0	0
oilF4	6	oilT4	0
kiwiF0	2	kiwiT0	0
rmatF0	1	rmatT0	0
snaT2	1	snaF2	0
calmnessF0	1	calmnessT0	0
fugitivesF0	1	fugitivesT0	0
mcfT4	1	mcfF4	0
ksT2	15	ksF2	0
enT3	252	enF3	0
incT0	6	incF0	0
oinF2	20	oinT2	0
backjackF0	1	backjackT0	0
betweenF0	42	betweenT0	0
galarragaT0	1	galarragaF0	0
navaT0	1	navaF0	0
criemF0	1	criemT0	0
flaggedF0	1	flaggedT0	0
pvtF2	1	pvtT2	0
factoryT0	5	factoryF0	0
dirtbikeF0	1	dirtbikeT0	0
conT4	328	conF4	0
autT4	56	autF4	0
insultsF0	3	insultsT0	0
milwaukeeF0	1	milwaukeeT0	0
capF0	2	capT0	0
mealsF0	1	mealsT0	0
prefabricatedT0	2	prefabricatedF0	0
customsF0	7	customsT0	0
somaT0	1	somaF0	0
reconstructionF0	1	reconstructionT0	0
cpeT2	2	cpeF2	0
sortF0	10	sortT0	0
towF2	3	towT2	0
dealF0	8	dealT0	0
olaF2	2	olaT2	0
ourT2	176	ourF2	0
honeymooningF0	1	honeymooningT0	0
iboF4	4	iboT4	0
laeF2	1	laeT2	0
reindeerF0	4	reindeerT0	0
aelF2	1	aelT2	0
authorizesF0	1	authorizesT0	0
administeringF0	1	administeringT0	0
hauntingF0	2	hauntingT0	0
doneT0	1	doneF0	0
consideredF0	14	consideredT0	0
assortmentF0	7	assortmentT0	0
borderF0	83	borderT0	0
rammedF0	1	rammedT0	0
dakT0	1	dakF0	0
movingF0	15	movingT0	0
igtT0	1	igtF0	0
junctionT0	1	junctionF0	0
iahF2	1	iahT2	0
descendantsT0	3	descendantsF0	0
coverageF0	4	coverageT0	0
iodF2	26	iodT2	0
harryT0	4	harryF0	0
bamF4	2	bamT4	0
skankF0	1	skankT0	0
streetblissT0	1	streetblissF0	0
addingtonT0	1	addingtonF0	0
stambubT0	1	stambubF0	0
pgcF4	1	pgcT4	0
prognosisT0	1	prognosisF0	0
disappearsF0	1	disappearsT0	0
clipboardT0	1	clipboardF0	0
unlockF0	1	unlockT0	0
erkT2	1	erkF2	0
durationF0	7	durationT0	0
uneF0	5	uneT0	0
avF3	129	avT3	0
credibilityF0	1	credibilityT0	0
purposeT0	5	purposeF0	0
bannerF0	11	bannerT0	0
banquetF0	1	banquetT0	0
gmT2	1	gmF2	0
edyT2	1	edyF2	0
raT3	150	raF3	0
feelT0	1	feelF0	0
kashardianT0	1	kashardianF0	0
romT0	3	romF0	0
disfiguredF0	1	disfiguredT0	0
fishF0	27	fishT0	0
msnT0	5	msnF0	0
congoT0	5	congoF0	0
polishedF0	1	polishedT0	0
knolF0	1	knolT0	0
dioF2	38	dioT2	0
dataresourceT0	1	dataresourceF0	0
othersitesF0	1	othersitesT0	0
difficultF0	10	difficultT0	0
ansT2	50	ansF2	0
dimF4	13	dimT4	0
cetF2	1	cetT2	0
gibsonT0	2	gibsonF0	0
eurT2	1	eurF2	0
sighedF0	1	sighedT0	0
holidayT0	3	holidayF0	0
asT2	68	asF2	0
centersF0	12	centersT0	0
themT0	1	themF0	0
genF4	115	genT4	0
arizonaF0	1	arizonaT0	0
khadgarT0	2	khadgarF0	0
versusT0	2	versusF0	0
accumulateF0	1	accumulateT0	0
splitF0	1	splitT0	0
uerT2	3	uerF2	0
poolT0	4	poolF0	0
soundlabT0	1	soundlabF0	0
hoqF0	1	hoqT0	0
grabT0	1	grabF0	0
nagwekarT0	1	nagwekarF0	0
xhptermF0	2	xhptermT0	0
callingF0	2	callingT0	0
ficF2	38	ficT2	0
homemF0	2	homemT0	0
nyT3	6	nyF3	0
chuT4	6	chuF4	0
concertF0	2	concertT0	0
dosF2	10	dosT2	0
horrellT0	1	horrellF0	0
oliviaT0	2	oliviaF0	0
sovF4	2	sovT4	0
discloseF0	4	discloseT0	0
layF2	70	layT2	0
rinkF0	1	rinkT0	0
nsaT2	2	nsaF2	0
rueT2	7	rueF2	0
virtuallyF0	1	virtuallyT0	0
laifT0	1	laifF0	0
valstisT0	1	valstisF0	0
wedT4	12	wedF4	0
depositionT0	1	depositionF0	0
hevurF0	1	hevurT0	0
marketingF0	10	marketingT0	0
gneF4	1	gneT4	0
epoF4	1	epoT4	0
lmF1	19	lmT1	0
corF4	92	corT4	0
erF3	46	erT3	0
culminateF0	1	culminateT0	0
uninitiatedF0	1	uninitiatedT0	0
dcoT4	57	dcoF4	0
wvF1	1	wvT1	0
gboT2	1	gboF2	0
starT0	2	starF0	0
shellF0	3	shellT0	0
whoT0	10	whoF0	0
aoF0	2	aoT0	0
stumbleuponT0	17	stumbleuponF0	0
doylestownT0	1	doylestownF0	0
isrF4	1	isrT4	0
murT4	1	murF4	0
extractsF0	1	extractsT0	0
alsT4	47	alsF4	0
arkF0	1	arkT0	0
assistanceT0	5	assistanceF0	0
poochareonT0	1	poochareonF0	0
eanF0	1	eanT0	0
agesF0	4	agesT0	0
ariF2	8	ariT2	0
fiF1	1	fiT1	0
safetyT0	12	safetyF0	0
fiaF4	1	fiaT4	0
balloonsF0	1	balloonsT0	0
wetF2	4	wetT2	0
neT3	537	neF3	0
adaF4	8	adaT4	0
settlingF0	1	settlingT0	0
countedF0	3	countedT0	0
znT2	1	znF2	0
creaturesnT0	1	creaturesnF0	0
ahoT2	1	ahoF2	0
frioT0	2	frioF0	0
yrF3	7	yrT3	0
graaeT0	1	graaeF0	0
apacheT0	1	apacheF0	0
sociabilityF0	1	sociabilityT0	0
statelyF0	1	statelyT0	0
homesT0	4	homesF0	0
veryF0	99	veryT0	0
navigatorsT0	1	navigatorsF0	0
permitsT0	2	permitsF0	0
pervertF0	1	pervertT0	0
joinT0	4	joinF0	0
etwF2	1	etwT2	0
clF1	1	clT1	0
aipT0	1	aipF0	0
etF1	658	etT1	0
ydeT2	3	ydeF2	0
safF4	23	safT4	0
chaplainF0	1	chaplainT0	0
fliptoppingT0	1	fliptoppingF0	0
centresF0	7	centresT0	0
foT1	76	foF1	0
udsT2	1	udsF2	0
rectangularF0	1	rectangularT0	0
wordF0	24	wordT0	0
udyF0	1	udyT0	0
ncaF2	3	ncaT2	0
voyT4	1	voyF4	0
daggettT0	1	daggettF0	0
undockF0	2	undockT0	0
gpsT4	1	gpsF4	0
cctvT0	1	cctvF0	0
sieryF0	1	sieryT0	0
mamaT0	1	mamaF0	0
coolerF0	2	coolerT0	0
skyplaceT0	1	skyplaceF0	0
amwhatT0	1	amwhatF0	0
institutionF0	2	institutionT0	0
fgF3	1	fgT3	0
impF2	2	impT2	0
guidanceT0	1	guidanceF0	0
aleF2	50	aleT2	0
layoutT0	3	layoutF0	0
dollarF0	4	dollarT0	0
maharashtraT0	1	maharashtraF0	0
kxF1	2	kxT1	0
structuringT0	1	structuringF0	0
supportsF0	9	supportsT0	0
tumT2	1	tumF2	0
traktorserviceT0	1	traktorserviceF0	0
guitarT0	4	guitarF0	0
imbibedF0	1	imbibedT0	0
monthF0	18	monthT0	0
goldT0	82	goldF0	0
skepticalF0	1	skepticalT0	0
oahT2	2	oahF2	0
photographersF0	3	photographersT0	0
investigationF0	2	investigationT0	0
impormasyonF0	2	impormasyonT0	0
overheardF0	1	overheardT0	0
trimmedF0	1	trimmedT0	0
basisF0	10	basisT0	0
networkingF0	3	networkingT0	0
iflaT0	1	iflaF0	0
dyoT2	1	dyoF2	0
guysF0	7	guysT0	0
interactiveT0	11	interactiveF0	0
etsT2	49	etsF2	0
bleedingF0	1	bleedingT0	0
tdF2	14	tdT2	0
parametersF0	1	parametersT0	0
prudenceT0	1	prudenceF0	0
linerT0	17	linerF0	0
engineeredT0	2	engineeredF0	0
touF4	121	touT4	0
engishT0	2	engishF0	0
vcF1	36	vcT1	0
warT4	125	warF4	0
giantsF0	1	giantsT0	0
bombersF0	1	bombersT0	0
pamperedF0	1	pamperedT0	0
hemF4	3	hemT4	0
ighT2	25	ighF2	0
transfersF0	5	transfersT0	0
obstaclesF0	3	obstaclesT0	0
chiF0	3	chiT0	0
inverseF0	2	inverseT0	0
nswF4	1	nswT4	0
encT4	37	encF4	0
linkuponT0	1	linkuponF0	0
rhpT4	1	rhpF4	0
galatasarayT0	1	galatasarayF0	0
crossT0	1	crossF0	0
statesF0	5	statesT0	0
barbequesF0	1	barbequesT0	0
obeT4	2	obeF4	0
proximoT0	2	proximoF0	0
nowT4	43	nowF4	0
triggerfishF0	1	triggerfishT0	0
hoeF2	5	hoeT2	0
pigT4	43	pigF4	0
wearyF0	1	wearyT0	0
usnT2	1	usnF2	0
groanedF0	1	groanedT0	0
hatsT0	1	hatsF0	0
equipmentT0	21	equipmentF0	0
sommerltenT0	2	sommerltenF0	0
dysF2	1	dysT2	0
dreamsF0	3	dreamsT0	0
hogF0	1	hogT0	0
tomF2	18	tomT2	0
opoF4	1	opoT4	0
withoutT0	9	withoutF0	0
onoT2	2	onoF2	0
universityT0	62	universityF0	0
iarF2	12	iarT2	0
ieF2	4	ieT2	0
analysisF0	18	analysisT0	0
upcF0	1	upcT0	0
noddedF0	1	noddedT0	0
positionnedF0	2	positionnedT0	0
vieF4	75	vieT4	0
pokT4	3	pokF4	0
twinT0	2	twinF0	0
peratesF0	1	peratesT0	0
drunkF0	1	drunkT0	0
fasF4	45	fasT4	0
jamT2	4	jamF2	0
concessionF0	1	concessionT0	0
unsT2	5	unsF2	0
vicksburgT0	1	vicksburgF0	0
loverF0	3	loverT0	0
obviouslyT0	1	obviouslyF0	0
hasnF0	3	hasnT0	0
inventoryF0	2	inventoryT0	0
malibanT0	1	malibanF0	0
experimentsF0	3	experimentsT0	0
andlandownersF0	1	andlandownersT0	0
weddingF0	14	weddingT0	0
fsrevolutionF0	1	fsrevolutionT0	0
registrationsF0	2	registrationsT0	0
worshipF0	1	worshipT0	0
markedF0	4	markedT0	0
lvlT0	5	lvlF0	0
densityT0	1	densityF0	0
gostoF0	2	gostoT0	0
afiF4	1	afiT4	0
tseT2	2	tseF2	0
kinT2	7	kinF2	0
capturedF0	1	capturedT0	0
leaF2	2	leaT2	0
lauT2	1	lauF2	0
bulletinsF0	1	bulletinsT0	0
informationsanT0	1	informationsanF0	0
bfrF4	1	bfrT4	0
accreditedF0	3	accreditedT0	0
aduF4	9	aduT4	0
uytF4	1	uytT4	0
huskyF0	1	huskyT0	0
uelF2	11	uelT2	0
manipulateF0	1	manipulateT0	0
webF0	218	webT0	0
tracesT0	1	tracesF0	0
anyoneT0	2	anyoneF0	0
craibslistF0	1	craibslistT0	0
pictureweT0	1	pictureweF0	0
pickupT0	5	pickupF0	0
bsuT4	1	bsuF4	0
troubleshootF0	1	troubleshootT0	0
orthographicF0	1	orthographicT0	0
uavT2	1	uavF2	0
howF4	151	howT4	0
nylonF0	1	nylonT0	0
continuouslyF0	3	continuouslyT0	0
nasT2	2	nasF2	0
ibatF0	2	ibatT0	0
briefingF0	1	briefingT0	0
yahT2	3	yahF2	0
damagesT0	10	damagesF0	0
knowledgeF0	9	knowledgeT0	0
sedF2	327	sedT2	0
navyF0	5	navyT0	0
impactT0	1	impactF0	0
tiT3	87	tiF3	0
ownersF0	5	ownersT0	0
mangrovesT0	1	mangrovesF0	0
reappearF0	1	reappearT0	0
buF3	676	buT3	0
seoulT0	3	seoulF0	0
saT2	1	saF2	0
lippedF0	1	lippedT0	0
uriF2	2	uriT2	0
firstT0	26	firstF0	0
aprilT0	15	aprilF0	0
gnoF4	1	gnoT4	0
tubroosF0	1	tubroosT0	0
earT2	71	earF2	0
metF2	17	metT2	0
pursuitF0	1	pursuitT0	0
buonF0	1	buonT0	0
midnightT0	4	midnightF0	0
scalaochtF0	1	scalaochtT0	0
mbsT2	1	mbsF2	0
flightF0	3	flightT0	0
honoraryF0	2	honoraryT0	0
owingF0	3	owingT0	0
rmanceF0	2	rmanceT0	0
phantomsF0	1	phantomsT0	0
sempreF0	1	sempreT0	0
oenT2	1	oenF2	0
bytheF0	1	bytheT0	0
curT4	34	curF4	0
exceedingF0	1	exceedingT0	0
wrT1	1	wrF1	0
interruptedF0	1	interruptedT0	0
sgtT0	1	sgtF0	0
movF0	1	movT0	0
duF1	12	duT1	0
serT4	101	serF4	0
peT1	97	peF1	0
tagF2	2	tagT2	0
efT1	29	efF1	0
prosperousF0	1	prosperousT0	0
lovefordsT0	1	lovefordsF0	0
snF3	52	snT3	0
taeF4	1	taeT4	0
racesF0	10	racesT0	0
taggedF0	2	taggedT0	0
okF0	5	okT0	0
bucF4	3	bucT4	0
issoF0	4	issoT0	0
gaieF0	1	gaieT0	0
attackingF0	2	attackingT0	0
almostF0	24	almostT0	0
pecarriesT0	1	pecarriesF0	0
exqF4	2	exqT4	0
granddaughterF0	1	granddaughterT0	0
spammingF0	3	spammingT0	0
mulF4	29	mulT4	0
thousandT0	1	thousandF0	0
moxT4	1	moxF4	0
specialsT0	1	specialsF0	0
iraF2	7	iraT2	0
channelsF0	4	channelsT0	0
aadF4	7	aadT4	0
bF0	81	bT0	0
mozambiqueT0	1	mozambiqueF0	0
otherwiseT0	1	otherwiseF0	0
ddrF4	1	ddrT4	0
peterT0	2	peterF0	0
classT0	3	classF0	0
frF2	17	frT2	0
interpretationF0	1	interpretationT0	0
elizabethT0	2	elizabethF0	0
hoodF0	2	hoodT0	0
losT0	8	losF0	0
bsT1	20	bsF1	0
behindF0	15	behindT0	0
rayT2	17	rayF2	0
saltF0	1	saltT0	0
dmanicureT0	1	dmanicureF0	0
initializationF0	1	initializationT0	0
cuttingT0	1	cuttingF0	0
investorT0	12	investorF0	0
lumF4	6	lumT4	0
admirationF0	4	admirationT0	0
spendingF0	1	spendingT0	0
dasT2	3	dasF2	0
anyhowT0	2	anyhowF0	0
otsT2	47	otsF2	0
silentlyF0	1	silentlyT0	0
bogT2	1	bogF2	0
rmT1	15	rmF1	0
azaF2	2	azaT2	0
doT3	162	doF3	0
galleryF0	10	galleryT0	0
pisT2	1	pisF2	0
jpegT0	3	jpegF0	0
toaF4	8	toaT4	0
industryT0	25	industryF0	0
socialistsT0	1	socialistsF0	0
mrwT2	1	mrwF2	0
daylightT0	1	daylightF0	0
capabiitiesF0	1	capabiitiesT0	0
suvT4	8	suvF4	0
abF3	413	abT3	0
nicF4	23	nicT4	0
professionnelsT0	1	professionnelsF0	0
coastF0	14	coastT0	0
salesF0	25	salesT0	0
rainF0	9	rainT0	0
televyzjeF0	1	televyzjeT0	0
fauxF0	2	fauxT0	0
comcaribbeanT0	1	comcaribbeanF0	0
plasticF0	12	plasticT0	0
uudisteagentuurF0	1	uudisteagentuurT0	0
upsF4	9	upsT4	0
blastingT0	1	blastingF0	0
enhanceF0	5	enhanceT0	0
mysticismF0	1	mysticismT0	0
balconyF0	3	balconyT0	0
senF2	16	senT2	0
ingF0	3	ingT0	0
teaT0	2	teaF0	0
matT2	9	matF2	0
ftpT4	1	ftpF4	0
evilT0	2	evilF0	0
blowoutF0	1	blowoutT0	0
diF3	807	diT3	0
ninaT0	1	ninaF0	0
deoT2	24	deoF2	0
maitriseT0	1	maitriseF0	0
prisonerF0	3	prisonerT0	0
puaF2	1	puaT2	0
talkingF0	7	talkingT0	0
vsyF4	1	vsyT4	0
dowT4	34	dowF4	0
fueT4	2	fueF4	0
vuF3	4	vuT3	0
servitorF0	1	servitorT0	0
olderT0	1	olderF0	0
oniF2	4	oniT2	0
logT2	97	logF2	0
tiledT0	1	tiledF0	0
replyF0	4	replyT0	0
iadT2	1	iadF2	0
dancingF0	3	dancingT0	0
butlerF0	1	butlerT0	0
brT2	3	brF2	0
alumniF0	2	alumniT0	0
foundersF0	1	foundersT0	0
eksisterendeF0	1	eksisterendeT0	0
bomF0	1	bomT0	0
increasedF0	6	increasedT0	0
luiT4	1	luiF4	0
sobF4	6	sobT4	0
lyiF4	4	lyiT4	0
appealsF0	1	appealsT0	0
cockF0	1	cockT0	0
encryptedemailF0	2	encryptedemailT0	0
proceduresF0	6	proceduresT0	0
collideF0	1	collideT0	0
lunaT0	2	lunaF0	0
mbmF2	1	mbmT2	0
queryF0	1	queryT0	0
giF0	2	giT0	0
realityF0	5	realityT0	0
whenF0	150	whenT0	0
nbF0	1	nbT0	0
docT4	26	docF4	0
wasteT0	7	wasteF0	0
superintendenceF0	1	superintendenceT0	0
empT2	23	empF2	0
adiT2	4	adiF2	0
secretaryT0	3	secretaryF0	0
unF1	122	unT1	0
connectT0	2	connectF0	0
corzineT0	1	corzineF0	0
turretT0	1	turretF0	0
airfareF0	1	airfareT0	0
vikingT0	1	vikingF0	0
periT0	2	periF0	0
sceneF0	5	sceneT0	0
nokiaF0	1	nokiaT0	0
complexF0	9	complexT0	0
unkF4	5	unkT4	0
askedF0	8	askedT0	0
upsT0	1	upsF0	0
piaT0	5	piaF0	0
semaineF0	1	semaineT0	0
jensT0	1	jensF0	0
articeF0	2	articeT0	0
funserverT0	1	funserverF0	0
bombF0	3	bombT0	0
bronzeF0	2	bronzeT0	0
wroF4	22	wroT4	0
expainsF0	1	expainsT0	0
echF4	1	echT4	0
kelF2	7	kelT2	0
lyricalF0	1	lyricalT0	0
christmasT0	8	christmasF0	0
sunT2	9	sunF2	0
touringT0	1	touringF0	0
uudF4	2	uudT4	0
runsF0	9	runsT0	0
rulezT0	1	rulezF0	0
roF3	231	roT3	0
ragF4	1	ragT4	0
ilmT2	2	ilmF2	0
yoT2	1	yoF2	0
grahamT0	26	grahamF0	0
romeoF0	2	romeoT0	0
respectingF0	2	respectingT0	0
calF4	97	calT4	0
ruT3	73	ruF3	0
basT4	29	basF4	0
plannerF0	2	plannerT0	0
nissanT0	20	nissanF0	0
depositF0	4	depositT0	0
ealF2	81	ealT2	0
yeT2	1	yeF2	0
accomodateF0	3	accomodateT0	0
sameT0	2	sameF0	0
quarterT0	1	quarterF0	0
adcF2	1	adcT2	0
clickF0	27	clickT0	0
bustF0	1	bustT0	0
sugarF0	6	sugarT0	0
baymenT0	1	baymenF0	0
ubF3	5	ubT3	0
cookieF0	7	cookieT0	0
attemptedF0	1	attemptedT0	0
joF1	2	joT1	0
vesF4	8	vesT4	0
hoverclassT0	14	hoverclassF0	0
boardF0	6	boardT0	0
formF0	38	formT0	0
rondellT0	1	rondellF0	0
acquisitionsF0	5	acquisitionsT0	0
fieF0	7	fieT0	0
eroF2	16	eroT2	0
heltonT0	1	heltonF0	0
foregoingF0	1	foregoingT0	0
gsF0	4	gsT0	0
farmersF0	2	farmersT0	0
edgF4	18	edgT4	0
usualF0	7	usualT0	0
gyfrwngF0	1	gyfrwngT0	0
cedricT0	2	cedricF0	0
constructedF0	12	constructedT0	0
dwgT2	4	dwgF2	0
recievesF0	1	recievesT0	0
ersT4	1	ersF4	0
isntF0	1	isntT0	0
tueT0	14	tueF0	0
globallyF0	1	globallyT0	0
stangnetT0	1	stangnetF0	0
conceptionT0	1	conceptionF0	0
alaT2	11	alaF2	0
szmF2	1	szmT2	0
tankT0	2	tankF0	0
upoT4	7	upoF4	0
exchangingF0	1	exchangingT0	0
ideF2	290	ideT2	0
usrrT0	1	usrrF0	0
tightF0	1	tightT0	0
amF2	65	amT2	0
edwT4	2	edwF4	0
gcT2	7	gcF2	0
xasT2	45	xasF2	0
surtosF0	1	surtosT0	0
nauF4	3	nauT4	0
certainF0	12	certainT0	0
eahT2	2	eahF2	0
gslF2	1	gslT2	0
tileT0	6	tileF0	0
atT1	237	atF1	0
vicT2	5	vicF2	0
peeF4	2	peeT4	0
mcF0	1	mcT0	0
fingersF0	3	fingersT0	0
wreF4	10	wreT4	0
saringF0	2	saringT0	0
establishedF0	16	establishedT0	0
rniaF0	1	rniaT0	0
perspectiveT0	11	perspectiveF0	0
husF2	9	husT2	0
handbookT0	2	handbookF0	0
travelingF0	17	travelingT0	0
rmaT4	1	rmaF4	0
phpF0	3	phpT0	0
particularlyF0	6	particularlyT0	0
kalT2	1	kalF2	0
moreletT0	1	moreletF0	0
jsT3	1	jsF3	0
skT2	3	skF2	0
smiteF0	1	smiteT0	0
tunaT0	1	tunaF0	0
wirF0	2	wirT0	0
customerF0	8	customerT0	0
manF2	195	manT2	0
slippingF0	1	slippingT0	0
rudolphT0	1	rudolphF0	0
pronouncingF0	1	pronouncingT0	0
ngT1	861	ngF1	0
providesF0	31	providesT0	0
zeaT4	3	zeaF4	0
ncertF0	1	ncertT0	0
laiT4	1	laiF4	0
cubT0	4	cubF0	0
vaF3	264	vaT3	0
ridaF0	2	ridaT0	0
resignF0	1	resignT0	0
hhhT2	2	hhhF2	0
lnrT2	1	lnrF2	0
cancelF0	4	cancelT0	0
modT4	99	modF4	0
rdT0	3	rdF0	0
forcesT0	1	forcesF0	0
areT2	75	areF2	0
usingT0	6	usingF0	0
planeF0	2	planeT0	0
auctioneersT0	1	auctioneersF0	0
skeletonsF0	1	skeletonsT0	0
releasesT0	2	releasesF0	0
municipalT0	1	municipalF0	0
insideT0	13	insideF0	0
vrpT0	1	vrpF0	0
josT2	1	josF2	0
convertsF0	5	convertsT0	0
attractsF0	3	attractsT0	0
engT0	3	engF0	0
centF0	3	centT0	0
whaT4	92	whaF4	0
fcaF0	1	fcaT0	0
zintneT0	1	zintneF0	0
dhlT2	1	dhlF2	0
tecF2	1	tecT2	0
adaptabilityF0	1	adaptabilityT0	0
chT1	229	chF1	0
effortT0	1	effortF0	0
emotionalT0	1	emotionalF0	0
teaF4	39	teaT4	0
johanT0	2	johanF0	0
tecladoF0	1	tecladoT0	0
transylvaniaT0	1	transylvaniaF0	0
mixF4	6	mixT4	0
culF4	45	culT4	0
ounceF0	2	ounceT0	0
queenT0	2	queenF0	0
sitF2	50	sitT2	0
engF4	38	engT4	0
dockedF0	6	dockedT0	0
numF2	6	numT2	0
welschT0	1	welschF0	0
oliF4	3	oliT4	0
bowmanT0	9	bowmanF0	0
ualT2	28	ualF2	0
inF3	1508	inT3	0
dressedF0	1	dressedT0	0
discussF0	2	discussT0	0
qualifiedF0	3	qualifiedT0	0
appleF0	2	appleT0	0
fwT3	2	fwF3	0
loadF0	9	loadT0	0
feralT0	3	feralF0	0
buitF0	2	buitT0	0
ishF4	2	ishT4	0
oraT2	1	oraF2	0
boatT0	4	boatF0	0
emulationT0	7	emulationF0	0
moreadT0	1	moreadF0	0
oublierF0	1	oublierT0	0
modelsT0	3	modelsF0	0
europeF0	4	europeT0	0
mjaT2	1	mjaF2	0
enqF4	3	enqT4	0
proxenosF0	1	proxenosT0	0
practicableF0	1	practicableT0	0
coralsF0	2	coralsT0	0
demonstrateF0	1	demonstrateT0	0
neighborF0	1	neighborT0	0
halfwayF0	1	halfwayT0	0
clothF0	2	clothT0	0
untoldF0	1	untoldT0	0
entriesF0	6	entriesT0	0
tracieT0	1	tracieF0	0
stavertonT0	1	stavertonF0	0
mlF1	10	mlT1	0
captureF0	4	captureT0	0
brasileiraF0	1	brasileiraT0	0
imbT2	1	imbF2	0
hospitalT0	4	hospitalF0	0
prizesaT0	1	prizesaF0	0
andfaxF0	1	andfaxT0	0
suppF0	1	suppT0	0
kenF0	2	kenT0	0
arrogantF0	1	arrogantT0	0
ashoreF0	3	ashoreT0	0
vehicleT0	2	vehicleF0	0
genoaT0	1	genoaF0	0
graF4	121	graT4	0
uvF3	1	uvT3	0
busesT0	2	busesF0	0
ntF2	2	ntT2	0
criglerT0	1	criglerF0	0
personalF0	27	personalT0	0
georgT0	1	georgF0	0
unprovidedF0	1	unprovidedT0	0
driveF0	31	driveT0	0
heaT2	1	heaF2	0
exyT2	5	exyF2	0
givesT0	13	givesF0	0
xiiT4	1	xiiF4	0
grandeurF0	1	grandeurT0	0
muknalT0	1	muknalF0	0
yetF0	16	yetT0	0
dislikesF0	1	dislikesT0	0
colonyT0	1	colonyF0	0
edT3	57	edF3	0
powT2	4	powF2	0
calculatorF0	1	calculatorT0	0
snoF2	10	snoT2	0
modifyF0	24	modifyT0	0
fitingsF0	12	fitingsT0	0
iduT2	1	iduF2	0
smaerF0	2	smaerT0	0
victimF0	2	victimT0	0
dxfT2	5	dxfF2	0
tabcT0	1	tabcF0	0
