taisF0	1	taisT0	0
lycraF0	1	lycraT0	0
mawF2	1	mawT2	0
flagsF0	1	flagsT0	0
dyestuffsT0	16	dyestuffsF0	0
officersT0	4	officersF0	0
iwF3	1	iwT3	0
nudF0	1	nudT0	0
painfulT0	1	painfulF0	0
descriptorF0	1	descriptorT0	0
groanF0	1	groanT0	0
detectionF0	1	detectionT0	0
dosageF0	1	dosageT0	0
printingF0	3	printingT0	0
revertedT0	2	revertedF0	0
uldF2	238	uldT2	0
caeF0	1	caeT0	0
coinF0	2	coinT0	0
judF4	8	judT4	0
gamblingplanetT0	1	gamblingplanetF0	0
genericT0	1	genericF0	0
adorarF0	1	adorarT0	0
sectionisF0	1	sectionisT0	0
htsF2	45	htsT2	0
primeiraF0	2	primeiraT0	0
electoralF0	2	electoralT0	0
wiF3	1727	wiT3	0
onlyemployeesT0	1	onlyemployeesF0	0
calgaryF0	1	calgaryT0	0
criteriaF0	8	criteriaT0	0
earthquakeT0	5	earthquakeF0	0
freeadobeT0	1	freeadobeF0	0
dmitryT0	2	dmitryF0	0
growthF0	3	growthT0	0
ultT2	33	ultF2	0
beganF0	15	beganT0	0
cciF4	1	cciT4	0
kwF1	1	kwT1	0
ogF3	1	ogT3	0
defianceT0	3	defianceF0	0
honF2	7	honT2	0
carbonT0	6	carbonF0	0
paoliT0	1	paoliF0	0
steeringF0	1	steeringT0	0
jilT4	2	jilF4	0
rebuiltF0	1	rebuiltT0	0
pdT1	4	pdF1	0
landF0	31	landT0	0
nhuT2	1	nhuF2	0
progressiveF0	1	progressiveT0	0
coalF0	1	coalT0	0
ssiF2	10	ssiT2	0
persuadeF0	2	persuadeT0	0
bathF0	3	bathT0	0
ctF2	3	ctT2	0
gadgetsT0	2	gadgetsF0	0
mainT0	13	mainF0	0
unluckyF0	1	unluckyT0	0
creatureF0	1	creatureT0	0
greatT0	12	greatF0	0
paysF0	5	paysT0	0
breF4	42	breT4	0
owT3	7	owF3	0
pytT4	12	pytF4	0
fromsantaT0	1	fromsantaF0	0
boysF0	2	boysT0	0
aesF4	2	aesT4	0
ogoF2	2	ogoT2	0
greatestF0	6	greatestT0	0
citationT0	1	citationF0	0
ssyT2	1	ssyF2	0
brandF0	5	brandT0	0
treksF0	2	treksT0	0
tuT0	1	tuF0	0
princessT0	3	princessF0	0
francaisF0	1	francaisT0	0
stomachF0	1	stomachT0	0
destinationsF0	15	destinationsT0	0
praF4	35	praT4	0
wycT4	1	wycF4	0
pelT2	2	pelF2	0
coronadoT0	1	coronadoF0	0
filthF0	1	filthT0	0
pqF2	3	pqT2	0
oideachasT0	1	oideachasF0	0
verseT0	1	verseF0	0
vistaF0	2	vistaT0	0
ranT2	3	ranF2	0
mediumT0	3	mediumF0	0
rveF4	1	rveT4	0
goneF0	9	goneT0	0
sciT4	18	sciF4	0
suspiciousF0	2	suspiciousT0	0
triumphantlyF0	1	triumphantlyT0	0
coverT0	1	coverF0	0
scopiamoT0	1	scopiamoF0	0
figuringF0	1	figuringT0	0
removingF0	2	removingT0	0
wearingF0	2	wearingT0	0
kaF3	38	kaT3	0
meccaT0	1	meccaF0	0
smaT2	2	smaF2	0
umiT2	1	umiF2	0
dkF0	1	dkT0	0
developT0	2	developF0	0
gigameshT0	2	gigameshF0	0
ortT2	75	ortF2	0
achievementF0	5	achievementT0	0
trailerT0	2	trailerF0	0
richardT0	5	richardF0	0
rdwF4	1	rdwT4	0
kesF4	2	kesT4	0
turneffeT0	7	turneffeF0	0
yzT0	1	yzF0	0
idvF4	1	idvT4	0
wecT4	1	wecF4	0
caterF0	1	caterT0	0
webappF0	2	webappT0	0
cautiousF0	1	cautiousT0	0
involveF0	1	involveT0	0
taxT0	2	taxF0	0
dexT2	59	dexF2	0
monumentT0	3	monumentF0	0
realisedF0	3	realisedT0	0
finF0	2	finT0	0
vulF4	2	vulT4	0
rolF4	22	rolT4	0
hillF0	1	hillT0	0
atlantaF0	1	atlantaT0	0
lviT2	3	lviF2	0
airinesF0	1	airinesT0	0
preparationT0	1	preparationF0	0
hapF4	50	hapT4	0
dobT4	1	dobF4	0
courtF0	11	courtT0	0
montrerF0	2	montrerT0	0
peacefulF0	5	peacefulT0	0
cosmetiqueT0	1	cosmetiqueF0	0
eltF2	17	eltT2	0
xhF3	2	xhT3	0
lookingT0	11	lookingF0	0
auditoriumsundayT0	1	auditoriumsundayF0	0
latT2	3	latF2	0
laceF0	1	laceT0	0
adingT0	1	adingF0	0
olzT2	1	olzF2	0
allF4	387	allT4	0
establishmentF0	1	establishmentT0	0
viT0	1	viF0	0
ltoF2	5	ltoT2	0
circlingF0	1	circlingT0	0
craigslisfF0	1	craigslisfT0	0
johnT0	10	johnF0	0
nicheF0	2	nicheT0	0
chevyT0	7	chevyF0	0
havT4	21	havF4	0
seoF0	1	seoT0	0
gioT4	3	gioF4	0
srpT2	1	srpF2	0
underlyingF0	1	underlyingT0	0
acqT4	4	acqF4	0
performsshouldF0	1	performsshouldT0	0
totalpowerF0	2	totalpowerT0	0
rhoT4	1	rhoF4	0
gmcT2	3	gmcF2	0
happinessF0	3	happinessT0	0
foranyF0	1	foranyT0	0
everybodyT0	1	everybodyF0	0
mostT0	33	mostF0	0
tajT4	1	tajF4	0
pregamelobbyT0	1	pregamelobbyF0	0
koeT4	2	koeF4	0
approvedT0	1	approvedF0	0
flsF2	1	flsT2	0
productionT0	3	productionF0	0
lilT2	2	lilF2	0
txF1	4	txT1	0
ethicF0	1	ethicT0	0
theaterT0	2	theaterF0	0
iggT2	5	iggF2	0
syntaxT0	1	syntaxF0	0
shorelineF0	1	shorelineT0	0
furnishesF0	1	furnishesT0	0
altogetherF0	1	altogetherT0	0
rtsF2	147	rtsT2	0
zylT2	9	zylF2	0
uhT2	1	uhF2	0
discoverF0	3	discoverT0	0
talkedF0	3	talkedT0	0
samT2	1	samF2	0
daintyF0	1	daintyT0	0
dsuswithT0	1	dsuswithF0	0
washesF0	1	washesT0	0
ridT4	9	ridF4	0
contractedF0	2	contractedT0	0
historicT0	4	historicF0	0
fonF4	10	fonT4	0
apocalypseT0	1	apocalypseF0	0
emergeT0	1	emergeF0	0
laxF2	1	laxT2	0
inspirationsF0	1	inspirationsT0	0
ickT2	90	ickF2	0
fixF0	2	fixT0	0
reF2	82	reT2	0
fotT4	1	fotF4	0
hpgT4	6	hpgF4	0
thatF0	724	thatT0	0
perhapsF0	8	perhapsT0	0
bulkheadsT0	1	bulkheadsF0	0
berF4	2	berT4	0
footerF0	1	footerT0	0
egyF2	7	egyT2	0
tunF4	8	tunT4	0
aF0	2386	aT0	0
humiliationF0	1	humiliationT0	0
lynkeusT0	1	lynkeusF0	0
betF2	1	betT2	0
permissionT0	1	permissionF0	0
btF3	3	btT3	0
stashesF0	1	stashesT0	0
proF0	1	proT0	0
antesF0	1	antesT0	0
millerbirdsT0	1	millerbirdsF0	0
lvoF0	1	lvoT0	0
soleF0	13	soleT0	0
gamingT0	2	gamingF0	0
vineyardsF0	2	vineyardsT0	0
feelingsF0	6	feelingsT0	0
queT2	33	queF2	0
onlineF0	80	onlineT0	0
terminF0	1	terminT0	0
forF0	1516	forT0	0
ohF2	9	ohT2	0
eisT2	5	eisF2	0
titlesF0	6	titlesT0	0
nreF2	1	nreT2	0
testsF0	3	testsT0	0
gisT0	6	gisF0	0
baconT0	1	baconF0	0
kwaF4	2	kwaT4	0
cehncT0	5	cehncF0	0
striveF0	2	striveT0	0
vruT4	1	vruF4	0
pegarF0	1	pegarT0	0
lopT2	2	lopF2	0
divingF0	23	divingT0	0
aprT0	27	aprF0	0
braziliansF0	1	braziliansT0	0
dozF4	1	dozT4	0
hpF1	15	hpT1	0
cabbageT0	1	cabbageF0	0
ociF2	1	ociT2	0
orderlyF0	1	orderlyT0	0
pointsF0	10	pointsT0	0
smF3	95	smT3	0
ibbT2	1	ibbF2	0
soulT0	1	soulF0	0
drawledF0	1	drawledT0	0
minerF0	1	minerT0	0
manlyT0	3	manlyF0	0
terielF0	2	terielT0	0
adherenceF0	1	adherenceT0	0
virtueF0	2	virtueT0	0
badF2	17	badT2	0
crsaF0	1	crsaT0	0
aqT3	1	aqF3	0
primariyF0	1	primariyT0	0
aptF2	3	aptT2	0
rightlatestT0	1	rightlatestF0	0
manageF0	6	manageT0	0
zedongT0	1	zedongF0	0
tightenF0	1	tightenT0	0
culvertT0	1	culvertF0	0
rumbleshotF0	1	rumbleshotT0	0
tellF0	21	tellT0	0
japaneseT0	13	japaneseF0	0
teannaT0	1	teannaF0	0
phenomenalF0	3	phenomenalT0	0
unbalancedF0	1	unbalancedT0	0
lanF2	32	lanT2	0
thesharingF0	1	thesharingT0	0
dickT0	2	dickF0	0
fusrapT0	1	fusrapF0	0
purF4	63	purT4	0
bmpT4	6	bmpF4	0
nfT1	2	nfF1	0
thyT2	2	thyF2	0
capuccinoF0	2	capuccinoT0	0
zzeF2	1	zzeT2	0
whatsF0	5	whatsT0	0
znaT4	1	znaF4	0
uayF2	2	uayT2	0
pohF0	1	pohT0	0
concernsF0	4	concernsT0	0
bikeT0	2	bikeF0	0
criagslistF0	1	criagslistT0	0
willfulF0	1	willfulT0	0
farmjngF0	1	farmjngT0	0
wakF4	3	wakT4	0
riesF0	3	riesT0	0
ywT3	1	ywF3	0
adpaterF0	1	adpaterT0	0
nzT1	3	nzF1	0
youthF0	2	youthT0	0
ecsF2	7	ecsT2	0
agfcT0	1	agfcF0	0
stellaT0	1	stellaF0	0
tmvT0	1	tmvF0	0
permitF0	24	permitT0	0
novT4	102	novF4	0
cmyT4	1	cmyF4	0
currenciesT0	1	currenciesF0	0
wroteF0	15	wroteT0	0
isitT0	1	isitF0	0
materialF0	12	materialT0	0
rightaT0	1	rightaF0	0
xedT2	42	xedF2	0
uptF2	2	uptT2	0
cornerT0	1	cornerF0	0
rdaT2	12	rdaF2	0
macF2	3	macT2	0
cartoonsF0	1	cartoonsT0	0
skepticT0	1	skepticF0	0
vanF2	10	vanT2	0
trsF2	8	trsT2	0
halfT0	5	halfF0	0
putF2	51	putT2	0
markersT0	1	markersF0	0
bonitaF0	3	bonitaT0	0
difficultyF0	5	difficultyT0	0
blogsT0	11	blogsF0	0
karaF0	1	karaT0	0
zlT3	1	zlF3	0
mosF2	15	mosT2	0
amaF4	27	amaT4	0
purityF0	1	purityT0	0
beauteousF0	3	beauteousT0	0
dedT2	84	dedF2	0
rulesF0	6	rulesT0	0
darrF0	1	darrT0	0
distinguishableF0	2	distinguishableT0	0
martyrologyT0	2	martyrologyF0	0
funT4	46	funF4	0
soldiersF0	1	soldiersT0	0
gamseF0	1	gamseT0	0
meT3	455	meF3	0
ciF3	119	ciT3	0
vilT2	13	vilF2	0
highaboveF0	1	highaboveT0	0
ckF1	312	ckT1	0
authorityT0	7	authorityF0	0
jointsF0	1	jointsT0	0
giuliaF0	3	giuliaT0	0
purT0	1	purF0	0
asmT2	1	asmF2	0
plazasF0	2	plazasT0	0
sevenF0	6	sevenT0	0
ngdT0	1	ngdF0	0
ugT3	1	ugF3	0
itfF4	5	itfT4	0
rdquoF0	5	rdquoT0	0
beautF0	2	beautT0	0
pedF4	10	pedT4	0
akuT2	1	akuF2	0
primaF0	2	primaT0	0
donT2	34	donF2	0
webbyT0	1	webbyF0	0
cgiF0	1	cgiT0	0
aadeF0	2	aadeT0	0
cemT4	23	cemF4	0
bandF0	11	bandT0	0
stateF0	22	stateT0	0
explorerT0	6	explorerF0	0
cathyF0	1	cathyT0	0
mimF4	4	mimT4	0
awsT2	1	awsF2	0
bcF0	3	bcT0	0
shrF4	5	shrT4	0
kimT2	4	kimF2	0
sauT4	4	sauF4	0
disparateF0	1	disparateT0	0
posteriorF0	1	posteriorT0	0
fanT4	8	fanF4	0
welcomegiftsT0	1	welcomegiftsF0	0
ndoT2	11	ndoF2	0
trailsF0	1	trailsT0	0
youT4	319	youF4	0
mereceF0	1	mereceT0	0
carsF0	18	carsT0	0
nexT2	3	nexF2	0
mitchellsF0	1	mitchellsT0	0
aucF4	2	aucT4	0
travesT0	1	travesF0	0
rwandaT0	4	rwandaF0	0
mugT4	2	mugF4	0
regimeT0	11	regimeF0	0
acreT0	1	acreF0	0
glbT4	1	glbF4	0
hedgeT0	22	hedgeF0	0
blF1	1	blT1	0
tryingT0	2	tryingF0	0
programaF0	1	programaT0	0
jspF4	1	jspT4	0
rneF2	3	rneT2	0
somF2	2	somT2	0
esF1	2904	esT1	0
trinidadT0	1	trinidadF0	0
llF1	1283	llT1	0
balesF0	1	balesT0	0
eiiT2	2	eiiF2	0
expireF0	3	expireT0	0
forefathersF0	1	forefathersT0	0
handicappedF0	1	handicappedT0	0
wallpapersdownloadT0	1	wallpapersdownloadF0	0
sigF4	71	sigT4	0
dallasT0	2	dallasF0	0
greetF0	1	greetT0	0
meetingnewT0	1	meetingnewF0	0
provideT0	3	provideF0	0
iconF0	1	iconT0	0
husekleppT0	1	husekleppF0	0
latamT0	11	latamF0	0
enlT4	1	enlF4	0
yakF2	4	yakT2	0
multilingualT0	1	multilingualF0	0
ntkT0	1	ntkF0	0
steelT0	4	steelF0	0
considerationsT0	1	considerationsF0	0
tarmaF0	1	tarmaT0	0
ntsT2	174	ntsF2	0
minorF0	5	minorT0	0
moreF0	256	moreT0	0
febT2	15	febF2	0
swinburneT0	1	swinburneF0	0
ilikF0	1	ilikT0	0
egoF2	6	egoT2	0
gabonmapT0	1	gabonmapF0	0
realtorF0	2	realtorT0	0
xpT1	12	xpF1	0
musicT0	13	musicF0	0
siterootF0	1	siterootT0	0
strippinF0	1	strippinT0	0
volkswagenT0	1	volkswagenF0	0
paladinT0	1	paladinF0	0
piF0	4	piT0	0
punT4	19	punF4	0
plainlyF0	1	plainlyT0	0
kaneF0	1	kaneT0	0
tdF1	16	tdT1	0
floridaT0	1	floridaF0	0
ilT0	2	ilF0	0
keepT0	5	keepF0	0
fmssT0	1	fmssF0	0
fctF0	1	fctT0	0
profitsF0	5	profitsT0	0
pvcT4	36	pvcF4	0
pcbT4	5	pcbF4	0
endeavorsF0	1	endeavorsT0	0
hfF1	1	hfT1	0
candyF0	3	candyT0	0
clarenceT0	1	clarenceF0	0
recomendamosF0	1	recomendamosT0	0
nastyF0	1	nastyT0	0
dsF2	7	dsT2	0
gainF0	11	gainT0	0
onorevoleT0	1	onorevoleF0	0
heaviestT0	1	heaviestF0	0
saoF4	1	saoT4	0
firsthandF0	1	firsthandT0	0
sofaF0	2	sofaT0	0
heF2	165	heT2	0
ncreteF0	1	ncreteT0	0
iesT2	131	iesF2	0
delayF0	1	delayT0	0
mediolanT0	2	mediolanF0	0
newsF0	85	newsT0	0
additionsF0	1	additionsT0	0
marshF0	1	marshT0	0
eiF1	6	eiT1	0
zunT4	2	zunF4	0
maryT0	4	maryF0	0
adF0	19	adT0	0
shutterF0	1	shutterT0	0
todosF0	3	todosT0	0
sieT2	4	sieF2	0
presentT0	1	presentF0	0
fedF4	12	fedT4	0
hubT4	1	hubF4	0
mardiT0	1	mardiF0	0
bhoF4	2	bhoT4	0
permittingF0	2	permittingT0	0
dothT0	1	dothF0	0
kiT1	49	kiF1	0
habitsF0	1	habitsT0	0
editiF0	1	editiT0	0
dpT1	3	dpF1	0
ravT4	10	ravF4	0
eyT1	179	eyF1	0
ageT2	115	ageF2	0
yoT1	13	yoF1	0
specificsF0	1	specificsT0	0
taurenT0	1	taurenF0	0
convertF0	5	convertT0	0
wkwF2	1	wkwT2	0
projetsF0	2	projetsT0	0
academicT0	2	academicF0	0
nstT2	2	nstF2	0
theT2	997	theF2	0
lentF0	1	lentT0	0
nnaF0	2	nnaT0	0
advertisingtheT0	1	advertisingtheF0	0
panT4	15	panF4	0
talksF0	3	talksT0	0
picturesT0	8	picturesF0	0
eeoT0	1	eeoF0	0
anchorwomanF0	1	anchorwomanT0	0
annF0	8	annT0	0
julietT0	1	julietF0	0
yoeF4	1	yoeT4	0
eyeF4	29	eyeT4	0
fitngsF0	1	fitngsT0	0
yisT2	5	yisF2	0
butT2	42	butF2	0
harvestingF0	1	harvestingT0	0
braT4	34	braF4	0
psF0	1	psT0	0
sumT2	2	sumF2	0
revT0	1	revF0	0
emT3	185	emF3	0
hatF0	5	hatT0	0
grosvenorT0	1	grosvenorF0	0
dyT2	1	dyF2	0
forleadF0	1	forleadT0	0
hugeF0	10	hugeT0	0
penF4	21	penT4	0
augustineT0	1	augustineF0	0
theretoF0	5	theretoT0	0
upstairsT0	1	upstairsF0	0
styleT0	3	styleF0	0
anymoreF0	2	anymoreT0	0
submarinesF0	1	submarinesT0	0
riggingF0	1	riggingT0	0
shawF0	1	shawT0	0
leanneT0	1	leanneF0	0
puntF0	1	puntT0	0
unfT4	2	unfF4	0
rightonlineT0	1	rightonlineF0	0
ddoT2	1	ddoF2	0
mpanyF0	3	mpanyT0	0
innF2	2	innT2	0
elesF0	1	elesT0	0
cpT2	1	cpF2	0
srrF4	1	srrT4	0
leisureF0	2	leisureT0	0
lassF0	1	lassT0	0
tinT2	27	tinF2	0
acuF4	10	acuT4	0
conicalF0	1	conicalT0	0
rtgF4	3	rtgT4	0
vitasF0	1	vitasT0	0
equatorialT0	2	equatorialF0	0
pizT4	4	pizF4	0
pobierzF0	1	pobierzT0	0
sideT0	2	sideF0	0
wasT2	4	wasF2	0
akronF0	2	akronT0	0
hedbergF0	1	hedbergT0	0
deT2	7	deF2	0
ottF4	12	ottT4	0
perpetuallyF0	2	perpetuallyT0	0
robF4	4	robT4	0
hopelessF0	1	hopelessT0	0
rightanT0	1	rightanF0	0
circuitT0	1	circuitF0	0
traysF0	1	traysT0	0
taylerF0	1	taylerT0	0
cimF4	1	cimT4	0
hurdF0	1	hurdT0	0
brightonT0	1	brightonF0	0
diagnosisT0	1	diagnosisF0	0
cashF0	5	cashT0	0
newlyF0	2	newlyT0	0
classroomF0	1	classroomT0	0
elpT2	121	elpF2	0
litT4	13	litF4	0
anglicanT0	1	anglicanF0	0
strivedF0	1	strivedT0	0
ossT2	13	ossF2	0
licenseT0	3	licenseF0	0
iseT2	32	iseF2	0
nativeT0	1	nativeF0	0
plainsT0	1	plainsF0	0
resultingF0	3	resultingT0	0
samplingT0	1	samplingF0	0
bishopsgateT0	1	bishopsgateF0	0
longtempsF0	1	longtempsT0	0
tejF4	1	tejT4	0
waF1	11	waT1	0
districtbelizeT0	1	districtbelizeF0	0
mustangF0	33	mustangT0	0
caveF0	5	caveT0	0
checklisteT0	2	checklisteF0	0
parT0	1	parF0	0
streetmarineT0	1	streetmarineF0	0
allocateT0	1	allocateF0	0
mahaffeyT0	1	mahaffeyF0	0
stangraveT0	1	stangraveF0	0
futureT0	3	futureF0	0
meoT2	5	meoF2	0
parentcompaniesF0	1	parentcompaniesT0	0
witnessF0	3	witnessT0	0
encompassesF0	1	encompassesT0	0
nutF4	5	nutT4	0
htT3	18	htF3	0
hedF2	102	hedT2	0
lorF4	6	lorT4	0
retiredT0	2	retiredF0	0
apesF0	1	apesT0	0
gaoT2	1	gaoF2	0
includingT0	6	includingF0	0
hifT2	1	hifF2	0
proprietorsF0	1	proprietorsT0	0
hintF0	2	hintT0	0
lotF2	46	lotT2	0
enduroF0	1	enduroT0	0
spF0	1	spT0	0
jahrestagungT0	9	jahrestagungF0	0
albumF0	2	albumT0	0
bassF0	4	bassT0	0
nutT0	1	nutF0	0
soF1	293	soT1	0
aidanF0	2	aidanT0	0
awF1	52	awT1	0
mecT4	5	mecF4	0
teenageF0	5	teenageT0	0
najF4	1	najT4	0
bluesF0	1	bluesT0	0
xxiF2	1	xxiT2	0
optionallyF0	1	optionallyT0	0
crazyT0	1	crazyF0	0
faroeF0	1	faroeT0	0
registerF0	3	registerT0	0
ttT1	35	ttF1	0
recognizingT0	1	recognizingF0	0
hurleyT0	1	hurleyF0	0
navigableF0	1	navigableT0	0
agsF2	6	agsT2	0
characterT0	5	characterF0	0
skyF4	7	skyT4	0
relevantF0	7	relevantT0	0
gyF3	8	gyT3	0
ddT3	1	ddF3	0
offF2	48	offT2	0
znanostT0	1	znanostF0	0
okstrT0	1	okstrF0	0
wallaceT0	2	wallaceF0	0
toinformationF0	1	toinformationT0	0
creatingT0	12	creatingF0	0
lindtveitT0	1	lindtveitF0	0
wcaF2	1	wcaT2	0
joinedF0	1	joinedT0	0
icoF2	4	icoT2	0
csF3	1	csT3	0
parcheT0	1	parcheF0	0
examplesT0	3	examplesF0	0
openedF0	14	openedT0	0
gasF2	6	gasT2	0
nalF2	277	nalT2	0
royalT0	2	royalF0	0
habT4	2	habF4	0
myT3	16	myF3	0
driversT0	2	driversF0	0
onlT4	74	onlF4	0
srieF0	1	srieT0	0
developmentF0	30	developmentT0	0
esprantF0	2	esprantT0	0
establishF0	7	establishT0	0
tixT2	1	tixF2	0
highlyT0	1	highlyF0	0
tlkT2	3	tlkF2	0
jpeT4	3	jpeF4	0
bruT4	4	bruF4	0
feeimportT0	1	feeimportF0	0
churchF0	3	churchT0	0
automaticF0	16	automaticT0	0
softlyF0	1	softlyT0	0
chemicalsT0	32	chemicalsF0	0
rightdailyT0	3	rightdailyF0	0
herselfT0	1	herselfF0	0
dazT4	1	dazF4	0
emsF2	93	emsT2	0
robinaT0	1	robinaF0	0
apprF0	2	apprT0	0
cdpT2	1	cdpF2	0
cbF0	1	cbT0	0
casT2	2	casF2	0
weT3	262	weF3	0
screenshotsT0	2	screenshotsF0	0
aimT2	5	aimF2	0
lockF0	5	lockT0	0
botF2	1	botT2	0
pearlsF0	1	pearlsT0	0
craphonsoF0	1	craphonsoT0	0
acaF4	16	acaT4	0
hanT2	14	hanF2	0
duringtheirF0	1	duringtheirT0	0
ceoT2	2	ceoF2	0
dhF3	6	dhT3	0
piecetoF0	1	piecetoT0	0
guitarsT0	1	guitarsF0	0
photographyF0	4	photographyT0	0
stripperF0	1	stripperT0	0
missionsF0	3	missionsT0	0
crwigslistF0	1	crwigslistT0	0
trafficT0	3	trafficF0	0
paymestoreT0	1	paymestoreF0	0
guidesT0	7	guidesF0	0
misT4	58	misF4	0
commercialsF0	1	commercialsT0	0
aktuelleF0	1	aktuelleT0	0
faureT0	1	faureF0	0
stretchesF0	1	stretchesT0	0
ravennaF0	3	ravennaT0	0
itbT4	1	itbF4	0
libidoF0	2	libidoT0	0
digestsF0	1	digestsT0	0
iphoneT0	4	iphoneF0	0
monthsF0	38	monthsT0	0
suoF4	1	suoT4	0
bidF4	1	bidT4	0
suitableF0	2	suitableT0	0
zdT1	1	zdF1	0
objF2	1	objT2	0
consistingT0	3	consistingF0	0
axF0	1	axT0	0
phiT2	1	phiF2	0
generatedT0	1	generatedF0	0
noT2	84	noF2	0
tamperingF0	5	tamperingT0	0
maggioriF0	1	maggioriT0	0
zzaT2	2	zzaF2	0
principlesT0	1	principlesF0	0
tlyF2	152	tlyT2	0
micF4	8	micT4	0
blibraryF0	1	blibraryT0	0
ourbillingF0	1	ourbillingT0	0
opdF4	1	opdT4	0
baF2	3	baT2	0
otsegoT0	2	otsegoF0	0
manateeT0	2	manateeF0	0
ripT2	6	ripF2	0
sailingF0	9	sailingT0	0
sersF0	2	sersT0	0
qibsT0	1	qibsF0	0
cocT4	4	cocF4	0
dougT0	2	dougF0	0
cottageF0	1	cottageT0	0
worngT0	1	worngF0	0
njF1	1	njT1	0
coisaF0	1	coisaT0	0
magT4	22	magF4	0
thoroughlyF0	3	thoroughlyT0	0
cauF4	35	cauT4	0
genuineF0	1	genuineT0	0
jaguarsT0	1	jaguarsF0	0
rathT0	1	rathF0	0
mssT4	1	mssF4	0
ibangF0	1	ibangT0	0
acerT0	1	acerF0	0
hidT4	6	hidF4	0
registryF0	2	registryT0	0
suburbiaT0	1	suburbiaF0	0
brokerF0	1	brokerT0	0
pointeT0	1	pointeF0	0
santonT0	1	santonF0	0
pollutedF0	2	pollutedT0	0
renewF0	2	renewT0	0
guideyourT0	1	guideyourF0	0
ayaF2	1	ayaT2	0
ukF3	3	ukT3	0
wwwF0	53	wwwT0	0
greeleyT0	2	greeleyF0	0
iaT1	257	iaF1	0
chlorinatedT0	1	chlorinatedF0	0
asyF4	1	asyT4	0
podcastedF0	1	podcastedT0	0
elementoF0	1	elementoT0	0
buildsF0	1	buildsT0	0
hydaulicT0	1	hydaulicF0	0
expectT0	1	expectF0	0
miyF2	1	miyT2	0
turksT0	1	turksF0	0
agustinT0	1	agustinF0	0
xinyeT0	11	xinyeF0	0
myraT0	1	myraF0	0
bowedF0	1	bowedT0	0
oyT1	17	oyF1	0
intuteT0	2	intuteF0	0
barT4	35	barF4	0
marbleF0	1	marbleT0	0
pleasureF0	7	pleasureT0	0
parasailingF0	1	parasailingT0	0
defF4	56	defT4	0
kblT0	1	kblF0	0
ttenF0	1	ttenT0	0
nobT4	10	nobF4	0
personT0	3	personF0	0
hulT4	3	hulF4	0
gearF0	7	gearT0	0
epeirosT0	1	epeirosF0	0
zzoF2	2	zzoT2	0
outofF0	1	outofT0	0
rightnewsT0	9	rightnewsF0	0
cutoffF0	1	cutoffT0	0
gemF4	2	gemT4	0
interviewF0	3	interviewT0	0
remedialT0	1	remedialF0	0
countT0	1	countF0	0
detrT0	1	detrF0	0
yayT4	1	yayF4	0
ignoringF0	14	ignoringT0	0
allanteF0	1	allanteT0	0
commetariesF0	1	commetariesT0	0
thingsF0	50	thingsT0	0
backT0	33	backF0	0
websF0	1	websT0	0
droppingF0	3	droppingT0	0
northwestcornerF0	1	northwestcornerT0	0
eqF3	35	eqT3	0
persistentF0	2	persistentT0	0
rhyT4	1	rhyF4	0
rorT4	1	rorF4	0
meagerF0	5	meagerT0	0
onpF4	2	onpT4	0
tsT2	1	tsF2	0
zilF2	2	zilT2	0
yeagerF0	1	yeagerT0	0
ourreferralF0	1	ourreferralT0	0
genaricF0	1	genaricT0	0
similaresF0	1	similaresT0	0
companiesF0	18	companiesT0	0
taxF4	13	taxT4	0
hordesF0	2	hordesT0	0
sfF0	1	sfT0	0
careerfargoT0	1	careerfargoF0	0
zoomF0	2	zoomT0	0
valuationF0	1	valuationT0	0
iiT3	8	iiF3	0
peacecorpsT0	1	peacecorpsF0	0
uiT1	7	uiF1	0
poeticsF0	1	poeticsT0	0
bulF4	21	bulT4	0
sheriffT0	3	sheriffF0	0
softwareT0	8	softwareF0	0
pmT2	91	pmF2	0
expressedF0	1	expressedT0	0
abandoningF0	1	abandoningT0	0
tamilnaduindiaphenT0	1	tamilnaduindiaphenF0	0
ministriesT0	1	ministriesF0	0
anonymousF0	1	anonymousT0	0
rewardF0	1	rewardT0	0
plyT2	8	plyF2	0
blackF0	14	blackT0	0
horriblyF0	1	horriblyT0	0
namedescriptionT0	1	namedescriptionF0	0
oltF2	1	oltT2	0
bodT4	6	bodF4	0
htyT2	4	htyF2	0
etrT2	1	etrF2	0
palF0	1	palT0	0
loxT4	1	loxF4	0
addF0	28	addT0	0
agitatedF0	1	agitatedT0	0
notepadF0	1	notepadT0	0
ennT2	1	ennF2	0
immF4	26	immT4	0
rightnaT0	1	rightnaF0	0
adultsF0	5	adultsT0	0
spartaakF0	1	spartaakT0	0
ecamouflageT0	1	ecamouflageF0	0
monticelloaT0	1	monticelloaF0	0
valgteT0	1	valgteF0	0
hotT2	4	hotF2	0
besidesF0	4	besidesT0	0
alleyT0	2	alleyF0	0
lteF2	2	lteT2	0
lyrF4	5	lyrT4	0
hitchhikerT0	1	hitchhikerF0	0
dpsF0	1	dpsT0	0
rangerF0	3	rangerT0	0
hafF4	1	hafT4	0
codeT0	6	codeF0	0
formerT0	3	formerF0	0
urnT2	3	urnF2	0
usaT4	37	usaF4	0
xybT4	2	xybF4	0
wrongT0	3	wrongF0	0
cempT0	19	cempF0	0
diverslightweightT0	1	diverslightweightF0	0
ottomanisationT0	1	ottomanisationF0	0
saeF4	3	saeT4	0
multiT0	2	multiF0	0
orlF4	3	orlT4	0
butterflyT0	1	butterflyF0	0
cssT4	18	cssF4	0
multimediaT0	1	multimediaF0	0
terminologyT0	1	terminologyF0	0
muF1	2	muT1	0
movedF0	9	movedT0	0
recieveF0	2	recieveT0	0
modeT0	5	modeF0	0
friendyF0	1	friendyT0	0
debtF0	20	debtT0	0
fxT1	1	fxF1	0
possibilitiesF0	1	possibilitiesT0	0
egF3	11	egT3	0
drawerF0	1	drawerT0	0
weblogsT0	15	weblogsF0	0
compiledF0	2	compiledT0	0
bspF2	679	bspT2	0
auF3	119	auT3	0
teachesF0	2	teachesT0	0
hirF4	7	hirT4	0
fallF0	6	fallT0	0
lhT1	1	lhF1	0
troT2	4	troF2	0
yeuxT0	12	yeuxF0	0
predecessorF0	1	predecessorT0	0
inlF4	13	inlT4	0
accommodationsF0	8	accommodationsT0	0
personallyF0	20	personallyT0	0
obligationsF0	1	obligationsT0	0
versiF0	3	versiT0	0
cusT2	7	cusF2	0
rebelsF0	1	rebelsT0	0
daF0	25	daT0	0
smartT0	1	smartF0	0
mbF0	2	mbT0	0
tobaccoT0	2	tobaccoF0	0
bohemiaT0	1	bohemiaF0	0
keeT4	6	keeF4	0
dtF1	7	dtT1	0
consequenceF0	2	consequenceT0	0
countyhmrdF0	1	countyhmrdT0	0
llsT2	27	llsF2	0
eeT1	235	eeF1	0
augustT0	22	augustF0	0
captivityF0	1	captivityT0	0
sesT2	39	sesF2	0
ditesF0	2	ditesT0	0
wyT3	3	wyF3	0
maiT2	1	maiF2	0
bjartmarT0	1	bjartmarF0	0
attractF0	6	attractT0	0
dutF4	7	dutT4	0
masalaT0	1	masalaF0	0
dispenserF0	1	dispenserT0	0
atzF2	1	atzT2	0
burundimapT0	1	burundimapF0	0
annoyF0	2	annoyT0	0
bombedF0	1	bombedT0	0
rapidlyT0	1	rapidlyF0	0
danceF0	8	danceT0	0
cioF2	5	cioT2	0
westinghouseT0	1	westinghouseF0	0
viewF0	28	viewT0	0
wilyF0	1	wilyT0	0
scimeannaF0	1	scimeannaT0	0
beforeF0	79	beforeT0	0
ridesF0	4	ridesT0	0
vowsF0	1	vowsT0	0
mismoF0	1	mismoT0	0
resistanceF0	2	resistanceT0	0
fitzroyT0	1	fitzroyF0	0
omyT2	2	omyF2	0
shampooF0	1	shampooT0	0
individualgameF0	5	individualgameT0	0
memT4	28	memF4	0
sociologistF0	1	sociologistT0	0
awiT2	1	awiF2	0
riseF0	3	riseT0	0
iewF2	85	iewT2	0
medsF0	4	medsT0	0
derF2	288	derT2	0
xtF1	75	xtT1	0
yearF0	112	yearT0	0
rinT4	9	rinF4	0
invalidF0	1	invalidT0	0
miaT2	1	miaF2	0
specialistF0	3	specialistT0	0
snacksF0	3	snacksT0	0
hlT1	1	hlF1	0
retT2	15	retF2	0
boutiquesF0	1	boutiquesT0	0
nipF0	1	nipT0	0
advisersF0	1	advisersT0	0
bentF0	1	bentT0	0
cheapT0	6	cheapF0	0
websiteT0	55	websiteF0	0
monumentumT0	1	monumentumF0	0
technicalT0	13	technicalF0	0
malarT0	1	malarF0	0
suowerF0	1	suowerT0	0
cestT0	3	cestF0	0
rehT4	2	rehF4	0
acF1	21	acT1	0
furF4	35	furT4	0
wksT2	1	wksF2	0
motorcycleF0	1	motorcycleT0	0
tenF0	12	tenT0	0
lotionF0	1	lotionT0	0
tothemF0	1	tothemT0	0
renovationF0	1	renovationT0	0
challengeF0	13	challengeT0	0
aaF3	15	aaT3	0
arrF2	1	arrT2	0
wsF3	1	wsT3	0
flirtF0	1	flirtT0	0
mesF2	182	mesT2	0
theremovalF0	1	theremovalT0	0
saT1	31	saF1	0
cateringF0	4	cateringT0	0
directoryF0	100	directoryT0	0
vijayT0	1	vijayF0	0
gaT3	179	gaF3	0
pbeT2	1	pbeF2	0
worldwideT0	12	worldwideF0	0
startedT0	3	startedF0	0
rankedF0	3	rankedT0	0
communiplexT0	3	communiplexF0	0
knF0	1	knT0	0
skyscannerT0	1	skyscannerF0	0
updT4	18	updF4	0
ikeF4	3	ikeT4	0
lovF0	1	lovT0	0
bublT0	2	bublF0	0
ioF1	83	ioT1	0
aggF4	6	aggT4	0
licenceF0	2	licenceT0	0
othersF0	25	othersT0	0
hackingF0	2	hackingT0	0
syF1	62	syT1	0
lerF4	1	lerT4	0
allT0	143	allF0	0
gamesF0	65	gamesT0	0
parentsT0	3	parentsF0	0
keptupF0	1	keptupT0	0
rescuedF0	1	rescuedT0	0
pressF0	8	pressT0	0
meyT2	1	meyF2	0
retrospectiveF0	1	retrospectiveT0	0
padT4	5	padF4	0
scF3	222	scT3	0
ieiT2	2	ieiF2	0
ehrT4	2	ehrF4	0
nanF0	1	nanT0	0
usuT4	3	usuF4	0
htmT4	13	htmF4	0
cfT2	1	cfF2	0
clinicalF0	3	clinicalT0	0
ncrF4	1	ncrT4	0
dispersedF0	1	dispersedT0	0
yglesiasT0	1	yglesiasF0	0
ukeF2	2	ukeT2	0
czT2	2	czF2	0
unempT0	1	unempF0	0
ssoT2	4	ssoF2	0
larT4	10	larF4	0
agencyF0	5	agencyT0	0
poremF0	1	poremT0	0
indicateF0	8	indicateT0	0
ductsF0	4	ductsT0	0
iamT2	4	iamF2	0
ranceT0	2	ranceF0	0
skaT4	2	skaF4	0
cuF1	3	cuT1	0
ckyF0	1	ckyT0	0
rdyF2	3	rdyT2	0
medicaT0	1	medicaF0	0
amberF0	1	amberT0	0
checkedT0	1	checkedF0	0
meryF0	1	meryT0	0
cartridgeT0	1	cartridgeF0	0
xonT2	1	xonF2	0
wordpressT0	10	wordpressF0	0
shapedF0	2	shapedT0	0
votersF0	2	votersT0	0
mosaicsF0	1	mosaicsT0	0
venT4	19	venF4	0
platingF0	1	platingT0	0
instructorF0	3	instructorT0	0
cleveF0	1	cleveT0	0
cantorinhaF0	1	cantorinhaT0	0
lenT4	83	lenF4	0
tleF2	87	tleT2	0
nilF4	1	nilT4	0
heightF0	14	heightT0	0
mortonT0	1	mortonF0	0
vbaT0	1	vbaF0	0
nevT4	6	nevF4	0
supportingF0	2	supportingT0	0
hlaT4	1	hlaF4	0
fighterF0	1	fighterT0	0
competitorsF0	1	competitorsT0	0
igaF2	1	igaT2	0
brooklineF0	1	brooklineT0	0
onT2	61	onF2	0
rochesterT0	13	rochesterF0	0
gamT4	77	gamF4	0
ppF3	6	ppT3	0
ressentiesF0	1	ressentiesT0	0
yicF2	1	yicT2	0
buildingsF0	7	buildingsT0	0
loansF0	3	loansT0	0
prF1	27	prT1	0
seriesF0	13	seriesT0	0
babF4	9	babT4	0
benzT0	2	benzF0	0
hevF4	1	hevT4	0
digimapordnanceT0	1	digimapordnanceF0	0
splesT0	1	splesF0	0
mmaF2	3	mmaT2	0
phaF4	7	phaT4	0
tahF0	1	tahT0	0
gusF2	21	gusT2	0
teamF0	10	teamT0	0
ancillaryT0	1	ancillaryF0	0
nsF2	33	nsT2	0
tadT0	2	tadF0	0
seagrassT0	2	seagrassF0	0
valF4	61	valT4	0
maryboroughT0	1	maryboroughF0	0
rnF3	9	rnT3	0
compromisingF0	1	compromisingT0	0
girlsF0	5	girlsT0	0
demiF0	1	demiT0	0
gbT2	11	gbF2	0
evtF2	3	evtT2	0
bojF2	1	bojT2	0
headingsF0	1	headingsT0	0
feiaF0	1	feiaT0	0
categorizedF0	1	categorizedT0	0
julT2	17	julF2	0
itemT0	3	itemF0	0
disponemosF0	1	disponemosT0	0
rtoT2	2	rtoF2	0
cottonF0	3	cottonT0	0
modelF0	14	modelT0	0
postingsF0	3	postingsT0	0
gisF4	1	gisT4	0
creditT0	1	creditF0	0
rtyT2	12	rtyF2	0
tonightF0	5	tonightT0	0
quiF2	5	quiT2	0
stampareF0	1	stampareT0	0
codyT0	2	codyF0	0
icaT2	190	icaF2	0
indianapolisF0	2	indianapolisT0	0
bckerF0	2	bckerT0	0
fcT2	32	fcF2	0
hopesF0	1	hopesT0	0
obsoleteF0	2	obsoleteT0	0
inioT0	1	inioF0	0
ablF4	38	ablT4	0
emailpatT0	1	emailpatF0	0
tameF0	1	tameT0	0
warriorsF0	2	warriorsT0	0
suppliesfuelT0	1	suppliesfuelF0	0
transmissionsT0	2	transmissionsF0	0
consumersF0	1	consumersT0	0
whileT0	18	whileF0	0
flT3	81	flF3	0
ohioT0	38	ohioF0	0
acsT2	1	acsF2	0
vtF3	1	vtT3	0
programmingF0	7	programmingT0	0
fuaimeF0	1	fuaimeT0	0
wiiT4	3	wiiF4	0
eireT0	1	eireF0	0
belliedF0	1	belliedT0	0
eastwardF0	1	eastwardT0	0
egyptT0	1	egyptF0	0
showingF0	40	showingT0	0
ocsF2	3	ocsT2	0
oldT4	12	oldF4	0
centralF0	9	centralT0	0
bzT3	1	bzF3	0
srbF0	1	srbT0	0
chronologicallyF0	1	chronologicallyT0	0
accF2	1	accT2	0
ardT2	182	ardF2	0
podF4	20	podT4	0
bbsT2	7	bbsF2	0
thoT2	1	thoF2	0
saoT0	4	saoF0	0
relocateF0	2	relocateT0	0
circumstanceT0	1	circumstanceF0	0
probF0	1	probT0	0
moiF2	4	moiT2	0
ravieF0	1	ravieT0	0
dchF4	1	dchT4	0
attireF0	2	attireT0	0
waaF4	1	waaT4	0
hilasT0	1	hilasF0	0
whifeF0	1	whifeT0	0
niF2	1	niT2	0
topT4	59	topF4	0
woosterT0	7	woosterF0	0
radioactiveT0	5	radioactiveF0	0
firmsF0	1	firmsT0	0
memoryF0	6	memoryT0	0
sponsoredF0	4	sponsoredT0	0
censusT0	5	censusF0	0
sueF4	1	sueT4	0
neitherF0	6	neitherT0	0
violentF0	4	violentT0	0
hoversF0	1	hoversT0	0
vetF2	3	vetT2	0
omoT2	1	omoF2	0
curationT0	4	curationF0	0
coT3	1325	coF3	0
filtersF0	1	filtersT0	0
flexT0	1	flexF0	0
erdF2	5	erdT2	0
mtF2	1	mtT2	0
jpgT2	4	jpgF2	0
nxT3	1	nxF3	0
netF0	20	netT0	0
meteorsF0	5	meteorsT0	0
astaF0	2	astaT0	0
rpF1	7	rpT1	0
judgmentsF0	1	judgmentsT0	0
environmentallyF0	4	environmentallyT0	0
browsersF0	4	browsersT0	0
youngerF0	1	youngerT0	0
uaF3	1	uaT3	0
vivT2	1	vivF2	0
maleF0	3	maleT0	0
xboxT0	120	xboxF0	0
eachT0	20	eachF0	0
cooksT0	1	cooksF0	0
mrT0	6	mrF0	0
thsF2	53	thsT2	0
archiF0	1	archiT0	0
fathersF0	1	fathersT0	0
submissivenessF0	1	submissivenessT0	0
plaF0	2	plaT0	0
awaysF0	1	awaysT0	0
brassF0	1	brassT0	0
aueF2	1	aueT2	0
situationsF0	6	situationsT0	0
eakF2	59	eakT2	0
publicationsF0	12	publicationsT0	0
fruF4	8	fruT4	0
ysF1	213	ysT1	0
recessionF0	1	recessionT0	0
interredT0	1	interredF0	0
emeT2	4	emeF2	0
errorsF0	2	errorsT0	0
jinT2	2	jinF2	0
begunF0	1	begunT0	0
partnersT0	1	partnersF0	0
lettersF0	5	lettersT0	0
goraxF0	1	goraxT0	0
fbT3	1	fbF3	0
youdT0	2	youdF0	0
yyyT0	1	yyyF0	0
rulT4	24	rulF4	0
supraF0	1	supraT0	0
diversifyF0	3	diversifyT0	0
hadT2	10	hadF2	0
costumesT0	1	costumesF0	0
controlchannelsT0	2	controlchannelsF0	0
eceT2	28	eceF2	0
bbuF4	1	bbuT4	0
hardF0	38	hardT0	0
femalesF0	3	femalesT0	0
ccaF2	1	ccaT2	0
ithF2	824	ithT2	0
debT4	15	debF4	0
unusualF0	2	unusualT0	0
ndyT2	8	ndyF2	0
gosT4	1	gosF4	0
daveyF0	2	daveyT0	0
residingF0	2	residingT0	0
critiquesF0	2	critiquesT0	0
plT3	170	plF3	0
dinF2	1	dinT2	0
outlandF0	1	outlandT0	0
egeF2	23	egeT2	0
democraticT0	3	democraticF0	0
rentalsF0	1	rentalsT0	0
hovF4	15	hovT4	0
framedF0	2	framedT0	0
fabF0	1	fabT0	0
teF0	23	teT0	0
rightmacedonianT0	1	rightmacedonianF0	0
listenersF0	1	listenersT0	0
centreF0	9	centreT0	0
jeeznyF0	1	jeeznyT0	0
elfT2	6	elfF2	0
moskvyT0	1	moskvyF0	0
hopF0	4	hopT0	0
uthF0	1	uthT0	0
harmamauthorityamT0	1	harmamauthorityamF0	0
donatedF0	2	donatedT0	0
tieneF0	1	tieneT0	0
dhaT2	1	dhaF2	0
aylithT0	1	aylithF0	0
envT4	16	envF4	0
ewsF2	120	ewsT2	0
scotiaF0	1	scotiaT0	0
trackF0	11	trackT0	0
petT4	28	petF4	0
surryT0	1	surryF0	0
iuT1	2	iuF1	0
priT2	2	priF2	0
uuF3	2	uuT3	0
driftF0	4	driftT0	0
witchcraftT0	1	witchcraftF0	0
savannahsF0	2	savannahsT0	0
ecT3	28	ecF3	0
ahT2	2	ahF2	0
reconstructiF0	1	reconstructiT0	0
inconsistenciesT0	1	inconsistenciesF0	0
contributeF0	6	contributeT0	0
ndeT2	4	ndeF2	0
guruT0	2	guruF0	0
colouredF0	1	colouredT0	0
adrianF0	1	adrianT0	0
enhancementsF0	2	enhancementsT0	0
mexicanasF0	1	mexicanasT0	0
preF0	7	preT0	0
volumesF0	1	volumesT0	0
pieroT0	2	pieroF0	0
anF0	381	anT0	0
cosF2	2	cosT2	0
extensionF0	5	extensionT0	0
umF1	94	umT1	0
aussiF0	8	aussiT0	0
paypalT0	15	paypalF0	0
issF2	17	issT2	0
helmetT0	1	helmetF0	0
assessedF0	2	assessedT0	0
alongF0	30	alongT0	0
donationsF0	1	donationsT0	0
wesF2	1	wesT2	0
skeF4	10	skeT4	0
geraF0	2	geraT0	0
jeF0	35	jeT0	0
emblemsF0	1	emblemsT0	0
rosettastoneF0	1	rosettastoneT0	0
athF0	1	athT0	0
smsT4	3	smsF4	0
ruinsT0	2	ruinsF0	0
ltF3	4	ltT3	0
hipT2	60	hipF2	0
sentenceT0	1	sentenceF0	0
graphicsT0	2	graphicsF0	0
torT2	159	torF2	0
ryF2	8	ryT2	0
rapF4	13	rapT4	0
investmentT0	1	investmentF0	0
tumblerF0	1	tumblerT0	0
enormityF0	1	enormityT0	0
slotsF0	39	slotsT0	0
uaeF2	1	uaeT2	0
idnF2	4	idnT2	0
ondT2	3	ondF2	0
cumF2	1	cumT2	0
excuseF0	2	excuseT0	0
ruledragonT0	1	ruledragonF0	0
iceF2	207	iceT2	0
elaborateF0	1	elaborateT0	0
linksthiswebT0	1	linksthiswebF0	0
dryF2	6	dryT2	0
befT2	1	befF2	0
programtheT0	2	programtheF0	0
obrF4	2	obrT4	0
escritaF0	1	escritaT0	0
sarstoonT0	1	sarstoonF0	0
hehT4	1	hehF4	0
intermT0	1	intermF0	0
admissionT0	1	admissionF0	0
urlT4	23	urlF4	0
innovativeF0	7	innovativeT0	0
useT0	26	useF0	0
bioventingT0	1	bioventingF0	0
yesF0	10	yesT0	0
elseF0	27	elseT0	0
cheatF0	3	cheatT0	0
roomF0	11	roomT0	0
beamF0	1	beamT0	0
ervF4	1	ervT4	0
aldF2	2	aldT2	0
objectT0	1	objectF0	0
everyF0	75	everyT0	0
bbF1	2	bbT1	0
migratedF0	1	migratedT0	0
lottieT0	1	lottieF0	0
incudesF0	2	incudesT0	0
wishF0	32	wishT0	0
relF4	125	relT4	0
agT3	105	agF3	0
ctrT4	3	ctrF4	0
kieF4	1	kieT4	0
careersT0	1	careersF0	0
tongliT0	1	tongliF0	0
lappingF0	1	lappingT0	0
telF2	14	telT2	0
protestF0	2	protestT0	0
ljF3	1	ljT3	0
makF4	186	makT4	0
magtekT0	1	magtekF0	0
additionalF0	46	additionalT0	0
jefT4	6	jefF4	0
exclusiveinterviewF0	1	exclusiveinterviewT0	0
currencyT0	1	currencyF0	0
cyberT0	1	cyberF0	0
issueF0	10	issueT0	0
totF4	47	totT4	0
vertT0	1	vertF0	0
faxT4	12	faxF4	0
splitsF0	1	splitsT0	0
rodF2	2	rodT2	0
ceskeT0	1	ceskeF0	0
resultT0	2	resultF0	0
clanricardT0	1	clanricardF0	0
focusedF0	2	focusedT0	0
homeF0	83	homeT0	0
extF0	3	extT0	0
exploreF0	13	exploreT0	0
xyT2	2	xyF2	0
oxlT4	11	oxlF4	0
generosityF0	1	generosityT0	0
switzerlandT0	1	switzerlandF0	0
commonT0	11	commonF0	0
otrioF0	1	otrioT0	0
makesF0	21	makesT0	0
bellF0	1	bellT0	0
approvalF0	1	approvalT0	0
robbinsT0	2	robbinsF0	0
jobF2	21	jobT2	0
ifF0	210	ifT0	0
requestF0	20	requestT0	0
shuffleT0	1	shuffleF0	0
illustriousT0	1	illustriousF0	0
dzT1	2	dzF1	0
placementF0	3	placementT0	0
ameF0	2	ameT0	0
reporterF0	1	reporterT0	0
clubsF0	1	clubsT0	0
mriduT0	1	mriduF0	0
usbugiT0	1	usbugiF0	0
shallowerF0	2	shallowerT0	0
conteF0	1	conteT0	0
ebtF2	20	ebtT2	0
emyT2	2	emyF2	0
propertiesT0	1	propertiesF0	0
preconfiguredF0	1	preconfiguredT0	0
veterinaryF0	1	veterinaryT0	0
guessT0	2	guessF0	0
miamiT0	1	miamiF0	0
mieF2	3	mieT2	0
yabuF0	1	yabuT0	0
ditT2	10	ditF2	0
nneT2	18	nneF2	0
retireT0	2	retireF0	0
bitT4	3	bitF4	0
vidF4	83	vidT4	0
exceededF0	5	exceededT0	0
fariaF0	1	fariaT0	0
patentsF0	1	patentsT0	0
uF0	37	uT0	0
seeF0	121	seeT0	0
nitT2	13	nitF2	0
hetT2	11	hetF2	0
fairlyF0	5	fairlyT0	0
waaayF0	1	waaayT0	0
tanF4	9	tanT4	0
startinF0	1	startinT0	0
accomplishF0	1	accomplishT0	0
superintendF0	1	superintendT0	0
mereF0	2	mereT0	0
dorF2	5	dorT2	0
gambiamapT0	2	gambiamapF0	0
craigslietF0	1	craigslietT0	0
settlinF0	1	settlinT0	0
seF1	983	seT1	0
rubbishF0	1	rubbishT0	0
draT2	2	draF2	0
austF0	1	austT0	0
closestF0	2	closestT0	0
piquesF0	1	piquesT0	0
buongF0	1	buongT0	0
installingT0	5	installingF0	0
kielT0	1	kielF0	0
lirF0	1	lirT0	0
inteeF0	1	inteeT0	0
ugoT2	4	ugoF2	0
rtT3	9	rtF3	0
boobyF0	3	boobyT0	0
hospitableF0	1	hospitableT0	0
travelsF0	2	travelsT0	0
solvedF0	1	solvedT0	0
promoF0	2	promoT0	0
geF3	319	geT3	0
womT4	23	womF4	0
alsoT0	47	alsoF0	0
commercialiF0	1	commercialiT0	0
tyF0	2	tyT0	0
rightincludesT0	3	rightincludesF0	0
napT4	7	napF4	0
ggF1	8	ggT1	0
optT4	19	optF4	0
storageareasT0	1	storageareasF0	0
hopefulF0	5	hopefulT0	0
zupT2	1	zupF2	0
inspiringF0	5	inspiringT0	0
mountainseF0	1	mountainseT0	0
kerryT0	1	kerryF0	0
imposedF0	1	imposedT0	0
impactsF0	1	impactsT0	0
yeuT4	12	yeuF4	0
channelF0	6	channelT0	0
usT1	226	usF1	0
nomeT0	1	nomeF0	0
popgadgetT0	7	popgadgetF0	0
ddyT2	19	ddyF2	0
moodT0	2	moodF0	0
nakedT0	1	nakedF0	0
displaytypesT0	1	displaytypesF0	0
tibT4	3	tibF4	0
arbT4	2	arbF4	0
handlersF0	1	handlersT0	0
tearsF0	1	tearsT0	0
hyrT4	3	hyrF4	0
absorbentsT0	2	absorbentsF0	0
workshopF0	2	workshopT0	0
gamecubeT0	2	gamecubeF0	0
rechercheF0	1	rechercheT0	0
successionF0	1	successionT0	0
infirmaryF0	1	infirmaryT0	0
balF4	25	balT4	0
imF3	213	imT3	0
administratorF0	2	administratorT0	0
overviewT0	11	overviewF0	0
dalF2	5	dalT2	0
tunnelsT0	1	tunnelsF0	0
sorryF0	4	sorryT0	0
swaT2	1	swaF2	0
leioF0	1	leioT0	0
woqF4	2	woqT4	0
ynnT2	1	ynnF2	0
ricaF0	2	ricaT0	0
docsF0	3	docsT0	0
easF4	86	easT4	0
placenciawhiteT0	1	placenciawhiteF0	0
vorF4	1	vorT4	0
undF0	7	undT0	0
displayedF0	12	displayedT0	0
valleyT0	2	valleyF0	0
gutterspeakT0	1	gutterspeakF0	0
astoriaT0	1	astoriaF0	0
manuallyF0	1	manuallyT0	0
answeredF0	4	answeredT0	0
preloadF0	1	preloadT0	0
snowF0	2	snowT0	0
alF2	7	alT2	0
glitchesF0	2	glitchesT0	0
amyF0	1	amyT0	0
encreF0	1	encreT0	0
pullF0	3	pullT0	0
monoT0	1	monoF0	0
currentF0	24	currentT0	0
lawrenceT0	3	lawrenceF0	0
zipT4	4	zipF4	0
commissionT0	1	commissionF0	0
qcT1	2	qcF1	0
barcelonaT0	1	barcelonaF0	0
depF4	87	depT4	0
mpT2	5	mpF2	0
whichF0	251	whichT0	0
tadlpF0	1	tadlpT0	0
passingF0	6	passingT0	0
dfT1	9	dfF1	0
rubT4	2	rubF4	0
caF1	69	caT1	0
tilingT0	1	tilingF0	0
rstF2	115	rstT2	0
particularservicesF0	1	particularservicesT0	0
lulF4	3	lulT4	0
borderedF0	1	borderedT0	0
allowingF0	5	allowingT0	0
correctlyF0	6	correctlyT0	0
speackF0	1	speackT0	0
aweF0	1	aweT0	0
researchF0	19	researchT0	0
probleemsF0	1	probleemsT0	0
outsideT0	3	outsideF0	0
mlF0	1	mlT0	0
southwesternF0	1	southwesternT0	0
abrT4	4	abrF4	0
propertyF0	11	propertyT0	0
precisaF0	2	precisaT0	0
providesbothF0	1	providesbothT0	0
eatherF0	1	eatherT0	0
ugsF2	7	ugsT2	0
exposureF0	1	exposureT0	0
britishT0	14	britishF0	0
iyF1	5	iyT1	0
preventedT0	1	preventedF0	0
svT0	1	svF0	0
blockheadF0	1	blockheadT0	0
wgT1	4	wgF1	0
wyethF0	1	wyethT0	0
motherF0	13	motherT0	0
displaysF0	2	displaysT0	0
ornF2	16	ornT2	0
argoF0	1	argoT0	0
ogyF2	35	ogyT2	0
optimizationF0	1	optimizationT0	0
semF2	2	semT2	0
dizendoF0	1	dizendoT0	0
amuseF0	1	amuseT0	0
junT0	20	junF0	0
beesF0	1	beesT0	0
ccuF2	1	ccuT2	0
postedT0	102	postedF0	0
overlappingF0	1	overlappingT0	0
notwithstandingF0	1	notwithstandingT0	0
experiencesF0	4	experiencesT0	0
momT4	7	momF4	0
kmF1	2	kmT1	0
parF4	303	parT4	0
vrbgF0	1	vrbgT0	0
kkF3	1	kkT3	0
fezF2	1	fezT2	0
lautreF0	2	lautreT0	0
gellnerT0	1	gellnerF0	0
treatyF0	4	treatyT0	0
closingT0	1	closingF0	0
celebratedF0	1	celebratedT0	0
nheF2	1	nheT2	0
equipoF0	1	equipoT0	0
twitchesF0	1	twitchesT0	0
horT4	13	horF4	0
nbcF0	1	nbcT0	0
artistasF0	1	artistasT0	0
rabT4	1	rabF4	0
thermalT0	1	thermalF0	0
subsF0	1	subsT0	0
bridgeT0	1	bridgeF0	0
casualF0	2	casualT0	0
lexT4	1	lexF4	0
dneT2	1	dneF2	0
armyT0	29	armyF0	0
puertoT0	1	puertoF0	0
inspectionsT0	1	inspectionsF0	0
mpensatiT0	1	mpensatiF0	0
superbF0	2	superbT0	0
oppositeT0	2	oppositeF0	0
inspiradoF0	1	inspiradoT0	0
coloradoF0	5	coloradoT0	0
abumT0	2	abumF0	0
osiT2	1	osiF2	0
contributedF0	3	contributedT0	0
ftbolF0	1	ftbolT0	0
snubsF0	1	snubsT0	0
reachesF0	1	reachesT0	0
junF4	17	junT4	0
pvT3	39	pvF3	0
absorbingF0	1	absorbingT0	0
admiralsF0	1	admiralsT0	0
jetF4	2	jetT4	0
afferantF0	1	afferantT0	0
dolT4	7	dolF4	0
negativeF0	2	negativeT0	0
pmpT0	1	pmpF0	0
ponF4	1	ponT4	0
strongF0	18	strongT0	0
stockeF0	1	stockeT0	0
aftF2	62	aftT2	0
endT2	55	endF2	0
participationT0	1	participationF0	0
smashedF0	2	smashedT0	0
uimT2	1	uimF2	0
whitakerT0	1	whitakerF0	0
fraF4	37	fraT4	0
reachF0	4	reachT0	0
afrF4	7	afrT4	0
saphiticF0	1	saphiticT0	0
filesT0	3	filesF0	0
topicF0	7	topicT0	0
dramaF0	3	dramaT0	0
automotiveT0	1	automotiveF0	0
doomT0	3	doomF0	0
minglingF0	1	minglingT0	0
wideningF0	1	wideningT0	0
navigateF0	3	navigateT0	0
hinT4	7	hinF4	0
relateF0	1	relateT0	0
dilF4	3	dilT4	0
letF2	39	letT2	0
introducedF0	4	introducedT0	0
outputF0	5	outputT0	0
egaT2	2	egaF2	0
steveT0	2	steveF0	0
hitF2	21	hitT2	0
nelT4	1	nelF4	0
simT4	27	simF4	0
designcriteriaT0	1	designcriteriaF0	0
xxT3	1	xxF3	0
kaiT4	2	kaiF4	0
tudF4	4	tudT4	0
structuredbigT0	1	structuredbigF0	0
vaktydskrifteT0	1	vaktydskrifteF0	0
sparkF0	1	sparkT0	0
singersF0	2	singersT0	0
potT4	6	potF4	0
ledT4	2	ledF4	0
relativesF0	2	relativesT0	0
harmedF0	2	harmedT0	0
differenceeaseT0	1	differenceeaseF0	0
consensusF0	1	consensusT0	0
beitragseinreichungenT0	2	beitragseinreichungenF0	0
ertT2	27	ertF2	0
unF0	37	unT0	0
ludzieT0	1	ludzieF0	0
feT0	2	feF0	0
externalF0	4	externalT0	0
hafT0	1	hafF0	0
grF0	2	grT0	0
policyifT0	1	policyifF0	0
batT2	4	batF2	0
adrT2	23	adrF2	0
vjuT2	1	vjuF2	0
hodF2	10	hodT2	0
millsT0	1	millsF0	0
rangeF0	29	rangeT0	0
naturedF0	2	naturedT0	0
verdiiF0	1	verdiiT0	0
formattingF0	3	formattingT0	0
bluF4	27	bluT4	0
idF2	13	idT2	0
ballotsF0	2	ballotsT0	0
maF1	63	maT1	0
oisT2	2	oisF2	0
sayF4	52	sayT4	0
deaerT0	2	deaerF0	0
miF3	341	miT3	0
awardstoT0	1	awardstoF0	0
centraliaF0	1	centraliaT0	0
ilfF2	1	ilfT2	0
primordialF0	1	primordialT0	0
coqF4	1	coqT4	0
racerF0	1	racerT0	0
phF1	7	phT1	0
sayT0	1	sayF0	0
southwardF0	2	southwardT0	0
sceF2	2	sceT2	0
rentT0	1	rentF0	0
exT2	1	exF2	0
drainageT0	1	drainageF0	0
smidsyF0	1	smidsyT0	0
pleT2	25	pleF2	0
fullF0	52	fullT0	0
tristanF0	2	tristanT0	0
integratedF0	9	integratedT0	0
whetherF0	9	whetherT0	0
skeletonF0	1	skeletonT0	0
hlandT0	1	hlandF0	0
renF2	16	renT2	0
grassrootsF0	1	grassrootsT0	0
edinaT0	1	edinaF0	0
drF3	201	drT3	0
gregT0	1	gregF0	0
casesF0	12	casesT0	0
tubT2	1	tubF2	0
addonsF0	11	addonsT0	0
soloF0	3	soloT0	0
dennisT0	1	dennisF0	0
marinT0	1	marinF0	0
esaF4	3	esaT4	0
ipF0	3	ipT0	0
ttageF0	1	ttageT0	0
dramaticF0	1	dramaticT0	0
bourriaudT0	1	bourriaudF0	0
mooT2	1	mooF2	0
suchF0	73	suchT0	0
sandedF0	1	sandedT0	0
designedF0	28	designedT0	0
criticaF0	1	criticaT0	0
providerF0	9	providerT0	0
artF0	31	artT0	0
laF2	35	laT2	0
rnaT2	1	rnaF2	0
serelepiF0	2	serelepiT0	0
esaT0	1	esaF0	0
pagetrackerT0	1	pagetrackerF0	0
warenteeF0	1	warenteeT0	0
pelagosT0	1	pelagosF0	0
betrothedF0	1	betrothedT0	0
occursF0	5	occursT0	0
mixedT0	1	mixedF0	0
itailianF0	1	itailianT0	0
registrationF0	12	registrationT0	0
printF0	7	printT0	0
ghanaT0	1	ghanaF0	0
skiingF0	1	skiingT0	0
dominatedF0	1	dominatedT0	0
kkaT2	1	kkaF2	0
utdF4	2	utdT4	0
nikolaiT0	3	nikolaiF0	0
evauatiF0	1	evauatiT0	0
nnyT2	3	nnyF2	0
conceptoF0	1	conceptoT0	0
ckiT2	2	ckiF2	0
btwF4	2	btwT4	0
wayF0	105	wayT0	0
lliT2	3	lliF2	0
hydreaF0	1	hydreaT0	0
bedT4	3	bedF4	0
macomT0	1	macomF0	0
lockwordF0	1	lockwordT0	0
aeyT4	1	aeyF4	0
tryT2	65	tryF2	0
tipsvisitorsT0	1	tipsvisitorsF0	0
umsT2	16	umsF2	0
internalT0	1	internalF0	0
vreF4	1	vreT4	0
kossuthT0	1	kossuthF0	0
sharinglegalT0	1	sharinglegalF0	0
sloanT0	1	sloanF0	0
rtcT4	1	rtcF4	0
jeffT0	1	jeffF0	0
plassansT0	3	plassansF0	0
jealousF0	1	jealousT0	0
ownershipF0	5	ownershipT0	0
presentersT0	1	presentersF0	0
adequatelyF0	1	adequatelyT0	0
uudisedF0	1	uudisedT0	0
lagoonsF0	8	lagoonsT0	0
edgeF0	17	edgeT0	0
winterF0	7	winterT0	0
dealershipT0	2	dealershipF0	0
mewT4	2	mewF4	0
totallyT0	2	totallyF0	0
accountT0	8	accountF0	0
zandtT0	2	zandtF0	0
janT0	92	janF0	0
helF4	97	helT4	0
oakF2	2	oakT2	0
rexF2	2	rexT2	0
trialsF0	1	trialsT0	0
adrenalineF0	1	adrenalineT0	0
lonT4	23	lonF4	0
runnersF0	3	runnersT0	0
autogrillT0	1	autogrillF0	0
masharikiT0	1	masharikiF0	0
nerdF0	3	nerdT0	0
unregisteredF0	1	unregisteredT0	0
infF0	6	infT0	0
knightT0	4	knightF0	0
rizT2	1	rizF2	0
centerF0	41	centerT0	0
kosF4	1	kosT4	0
applicationsT0	4	applicationsF0	0
wholesomeF0	1	wholesomeT0	0
careT0	2	careF0	0
expF4	242	expT4	0
treT2	32	treF2	0
blaF4	30	blaT4	0
overlookingT0	1	overlookingF0	0
mauF4	1	mauT4	0
stadiumT0	1	stadiumF0	0
prizeausT0	1	prizeausF0	0
gT0	41	gF0	0
buccaneersF0	2	buccaneersT0	0
expT0	4	expF0	0
yeurF0	1	yeurT0	0
ehhT4	1	ehhF4	0
noxT2	1	noxF2	0
lendingF0	1	lendingT0	0
iosT2	4	iosF2	0
respectfulF0	2	respectfulT0	0
lipF2	9	lipT2	0
skanserT0	1	skanserF0	0
scanT0	2	scanF0	0
hydraulicF0	2	hydraulicT0	0
finishF0	9	finishT0	0
xboT4	120	xboF4	0
wouldnT0	1	wouldnF0	0
bitelyT0	1	bitelyF0	0
schoolsF0	12	schoolsT0	0
sempreeT0	1	sempreeF0	0
keyT4	8	keyF4	0
souF4	99	souT4	0
bringsF0	1	bringsT0	0
kingdomT0	5	kingdomF0	0
fsF0	2	fsT0	0
aprenderF0	2	aprenderT0	0
ladF2	6	ladT2	0
nuF0	1	nuT0	0
tamedF0	1	tamedT0	0
comT4	544	comF4	0
votesF0	6	votesT0	0
loginT0	3	loginF0	0
turndownF0	1	turndownT0	0
lineupT0	1	lineupF0	0
labF4	12	labT4	0
imperialF0	1	imperialT0	0
natT0	1	natF0	0
nickT0	1	nickF0	0
viewersT0	1	viewersF0	0
hhsF4	1	hhsT4	0
discountF0	4	discountT0	0
swiT4	8	swiF4	0
biologicalF0	1	biologicalT0	0
nolT4	2	nolF4	0
tkT0	2	tkF0	0
instaF0	1	instaT0	0
fixglobT0	1	fixglobF0	0
indigenousF0	1	indigenousT0	0
diggT0	5	diggF0	0
slandsF0	2	slandsT0	0
secretsT0	10	secretsF0	0
buckinghamT0	1	buckinghamF0	0
enrichingF0	2	enrichingT0	0
passengersF0	20	passengersT0	0
counselingT0	1	counselingF0	0
sangF0	1	sangT0	0
judgeT0	1	judgeF0	0
azerbaijanT0	4	azerbaijanF0	0
definitelyT0	1	definitelyF0	0
creepinessF0	1	creepinessT0	0
shineF0	1	shineT0	0
rnoF2	4	rnoT2	0
lesbiancheapT0	1	lesbiancheapF0	0
banF2	7	banT2	0
identifierF0	3	identifierT0	0
cyT3	8	cyF3	0
dahT2	1	dahF2	0
icF3	23	icT3	0
netsunxT0	1	netsunxF0	0
wysiwygF0	2	wysiwygT0	0
loungingF0	2	loungingT0	0
greenhouseT0	1	greenhouseF0	0
hepF0	7	hepT0	0
datT0	2	datF0	0
ntaF4	4	ntaT4	0
rightupdatedT0	1	rightupdatedF0	0
divF4	113	divT4	0
providedT0	4	providedF0	0
ukolF0	2	ukolT0	0
rarF2	8	rarT2	0
fredrikT0	1	fredrikF0	0
tifT0	1	tifF0	0
smellT0	1	smellF0	0
rollT0	1	rollF0	0
tadF4	2	tadT4	0
crawlF0	1	crawlT0	0
pcT2	19	pcF2	0
isT3	128	isF3	0
largestknownF0	1	largestknownT0	0
bahT4	5	bahF4	0
xitT2	7	xitF2	0
sprT2	1	sprF2	0
rlT1	63	rlF1	0
vehF4	16	vehT4	0
ecelbargerandleyT0	1	ecelbargerandleyF0	0
titesF0	1	titesT0	0
ceT3	320	ceF3	0
stableT0	17	stableF0	0
thT3	1589	thF3	0
rpgT4	1	rpgF4	0
formationT0	3	formationF0	0
helpF0	54	helpT0	0
attemptingF0	8	attemptingT0	0
scopesF0	2	scopesT0	0
instructionsF0	20	instructionsT0	0
cityT0	76	cityF0	0
ssT3	7	ssF3	0
uoniF0	1	uoniT0	0
basinT0	2	basinF0	0
kingF0	12	kingT0	0
librarywednesdayT0	5	librarywednesdayF0	0
detF0	2	detT0	0
olympianT0	1	olympianF0	0
associationF0	6	associationT0	0
recallF0	2	recallT0	0
changesF0	23	changesT0	0
flexibilityF0	1	flexibilityT0	0
biT0	1	biF0	0
jacksonvilleF0	1	jacksonvilleT0	0
akeF2	213	akeT2	0
pressureT0	3	pressureF0	0
ecoT2	1	ecoF2	0
oddT2	3	oddF2	0
coreF0	7	coreT0	0
replacesF0	1	replacesT0	0
riskT0	2	riskF0	0
bubF4	4	bubT4	0
computerT0	3	computerF0	0
xaxaxaT0	1	xaxaxaF0	0
antiqueF0	3	antiqueT0	0
awaF4	55	awaT4	0
segT4	3	segF4	0
nerF2	139	nerT2	0
successfullyF0	2	successfullyT0	0
chetumalT0	3	chetumalF0	0
mumF2	18	mumT2	0
ougT2	2	ougF2	0
olypicsT0	1	olypicsF0	0
fenF4	13	fenT4	0
kalundborgT0	1	kalundborgF0	0
rentasT0	1	rentasF0	0
linersT0	2	linersF0	0
cakF4	4	cakT4	0
demoT0	1	demoF0	0
onnT2	2	onnF2	0
penisT0	1	penisF0	0
tabT2	1	tabF2	0
yourselfT0	3	yourselfF0	0
aaeF2	5	aaeT2	0
odT2	1	odF2	0
camF2	1	camT2	0
masT2	33	masF2	0
certificateF0	14	certificateT0	0
wisT4	6	wisF4	0
excitingF0	7	excitingT0	0
truckF0	13	truckT0	0
generallyT0	4	generallyF0	0
ndsF2	251	ndsT2	0
baboonT0	1	baboonF0	0
rbgF2	1	rbgT2	0
snapperT0	3	snapperF0	0
floT2	1	floF2	0
jungeT0	1	jungeF0	0
frameworksF0	1	frameworksT0	0
efficientT0	1	efficientF0	0
taxisF0	5	taxisT0	0
featuringF0	4	featuringT0	0
verF4	189	verT4	0
renamesT0	2	renamesF0	0
eliteT0	1	eliteF0	0
ernF2	39	ernT2	0
travisF0	1	travisT0	0
geraldT0	1	geraldF0	0
soyouF0	1	soyouT0	0
oeuvresF0	1	oeuvresT0	0
csaT2	2	csaF2	0
whomF0	15	whomT0	0
mmoT4	3	mmoF4	0
operationF0	9	operationT0	0
rumsF0	1	rumsT0	0
dheidhinnF0	1	dheidhinnT0	0
hedgehogF0	1	hedgehogT0	0
prisonersF0	2	prisonersT0	0
hugoF0	1	hugoT0	0
yeT1	51	yeF1	0
soaF4	1	soaT4	0
obtainingF0	5	obtainingT0	0
shotsT0	2	shotsF0	0
slaterT0	1	slaterF0	0
dukeF0	1	dukeT0	0
lmswT0	1	lmswF0	0
corporateF0	4	corporateT0	0
chunkF0	1	chunkT0	0
loseF0	3	loseT0	0
callsF0	8	callsT0	0
yuwonoT0	1	yuwonoF0	0
pgnF2	1	pgnT2	0
echoF0	1	echoT0	0
collaborationF0	1	collaborationT0	0
patienceF0	1	patienceT0	0
includesF0	27	includesT0	0
europeanF0	1	europeanT0	0
didnF0	4	didnT0	0
hurF2	1	hurT2	0
hybF4	1	hybT4	0
fridayT0	9	fridayF0	0
insidelivingF0	1	insidelivingT0	0
aindaF0	3	aindaT0	0
qT0	32	qF0	0
silkF0	2	silkT0	0
doorwayF0	1	doorwayT0	0
onehonorsT0	1	onehonorsF0	0
appearF0	20	appearT0	0
nctF2	4	nctT2	0
rifT2	1	rifF2	0
nuvensT0	1	nuvensF0	0
arnT2	14	arnF2	0
latestF0	8	latestT0	0
grantedT0	1	grantedF0	0
seaF4	127	seaT4	0
boxT4	2	boxF4	0
farmerF0	1	farmerT0	0
bbuT0	1	bbuF0	0
moonT0	6	moonF0	0
attachmentF0	2	attachmentT0	0
inxF2	15	inxT2	0
kamF4	1	kamT4	0
workingF0	36	workingT0	0
highlightedF0	1	highlightedT0	0
generatorF0	4	generatorT0	0
rafF4	1	rafT4	0
fifT4	3	fifF4	0
grillsT0	1	grillsF0	0
borchardtF0	2	borchardtT0	0
travelerF0	6	travelerT0	0
mapcityT0	1	mapcityF0	0
curyT0	1	curyF0	0
terT2	242	terF2	0
beachF0	8	beachT0	0
counterterrorismT0	1	counterterrorismF0	0
northT0	32	northF0	0
eartsT0	1	eartsF0	0
oksanaF0	1	oksanaT0	0
ordinandasF0	1	ordinandasT0	0
doesnF0	11	doesnT0	0
joF0	1	joT0	0
vsT0	2	vsF0	0
isiF2	2	isiT2	0
rovF4	1	rovT4	0
artjroscopicF0	1	artjroscopicT0	0
equalledF0	1	equalledT0	0
duffT0	1	duffF0	0
aussiesT0	1	aussiesF0	0
editsF0	5	editsT0	0
expeditionF0	1	expeditionT0	0
scoF2	4	scoT2	0
abbreviationsF0	1	abbreviationsT0	0
uwsT2	4	uwsF2	0
farT0	2	farF0	0
ghF0	1	ghT0	0
iuaT4	1	iuaF4	0
nedT2	27	nedF2	0
sisF2	58	sisT2	0
farF4	74	farT4	0
breakfastF0	1	breakfastT0	0
icyF2	8	icyT2	0
waterwaysT0	3	waterwaysF0	0
enfF4	6	enfT4	0
antF4	20	antT4	0
exhibitionF0	8	exhibitionT0	0
fatF2	3	fatT2	0
goF3	324	goT3	0
memorandumT0	1	memorandumF0	0
fotosF0	1	fotosT0	0
scaT2	4	scaF2	0
wilbrahamT0	1	wilbrahamF0	0
editorT0	1	editorF0	0
gtrT0	3	gtrF0	0
ddsF2	2	ddsT2	0
grahaF0	1	grahaT0	0
untF4	33	untT4	0
justnessF0	1	justnessT0	0
fmT2	1	fmF2	0
googindexendT0	3	googindexendF0	0
caribbeanF0	1	caribbeanT0	0
patientF0	10	patientT0	0
emoT2	1	emoF2	0
wattzonT0	1	wattzonF0	0
oppurtunityF0	1	oppurtunityT0	0
heritageT0	4	heritageF0	0
tteF4	2	tteT4	0
arT2	3	arF2	0
mercuryT0	38	mercuryF0	0
suT1	18	suF1	0
shityouT0	2	shityouF0	0
orF2	676	orT2	0
underwayF0	1	underwayT0	0
plcT4	2	plcF4	0
consoleT0	3	consoleF0	0
politicsT0	1	politicsF0	0
hizT2	1	hizF2	0
escF2	1	escT2	0
fraserF0	1	fraserT0	0
attT4	19	attF4	0
respectivelyF0	5	respectivelyT0	0
smoF2	5	smoT2	0
rdF3	20	rdT3	0
lowlandF0	1	lowlandT0	0
epT0	3	epF0	0
iddF2	1	iddT2	0
thorizeF0	1	thorizeT0	0
cylindersF0	1	cylindersT0	0
barracudaT0	2	barracudaF0	0
siT3	198	siF3	0
exhustF0	1	exhustT0	0
exibirF0	1	exibirT0	0
thirdT0	7	thirdF0	0
missouriT0	2	missouriF0	0
tupF2	6	tupT2	0
infrastructureF0	3	infrastructureT0	0
wallsT0	2	wallsF0	0
abundantF0	2	abundantT0	0
blgT4	2	blgF4	0
roxF2	2	roxT2	0
guT3	136	guF3	0
ziF0	1	ziT0	0
smiT4	20	smiF4	0
traditionalT0	1	traditionalF0	0
omarT0	4	omarF0	0
essT2	97	essF2	0
lizbonaT0	1	lizbonaF0	0
montereyT0	2	montereyF0	0
deereF0	1	deereT0	0
xfT1	5	xfF1	0
leadsF0	2	leadsT0	0
keunstnerF0	1	keunstnerT0	0
tetF4	1	tetT4	0
fratelliT0	1	fratelliF0	0
albF4	4	albT4	0
sealT0	1	sealF0	0
emulatorF0	9	emulatorT0	0
naveenT0	1	naveenF0	0
msF3	12	msT3	0
commentT0	304	commentF0	0
drsT4	47	drsF4	0
andadvertisersF0	1	andadvertisersT0	0
shoeT0	1	shoeF0	0
nbsF4	679	nbsT4	0
quT3	58	quF3	0
rumpedF0	2	rumpedT0	0
retirementF0	1	retirementT0	0
opinionsF0	1	opinionsT0	0
attachF0	1	attachT0	0
kzxT4	1	kzxF4	0
beckF0	1	beckT0	0
perfectF0	10	perfectT0	0
convertibleF0	1	convertibleT0	0
mamF2	1	mamT2	0
oomT2	11	oomF2	0
vaueF0	1	vaueT0	0
slipsF0	1	slipsT0	0
akF3	4	akT3	0
shaverF0	1	shaverT0	0
educationalT0	2	educationalF0	0
questionnaireF0	1	questionnaireT0	0
georgeT0	7	georgeF0	0
daepartmentT0	1	daepartmentF0	0
civilworksT0	1	civilworksF0	0
affT2	3	affF2	0
ettF4	8	ettT4	0
wtbT0	1	wtbF0	0
improvetheF0	1	improvetheT0	0
highwayT0	13	highwayF0	0
drillingF0	1	drillingT0	0
majoritiesF0	1	majoritiesT0	0
toF0	3046	toT0	0
likedF0	5	likedT0	0
dependsF0	6	dependsT0	0
sitesforF0	1	sitesforT0	0
zonesF0	3	zonesT0	0
russT0	1	russF0	0
naF0	34	naT0	0
weightsF0	1	weightsT0	0
ggsT2	3	ggsF2	0
periodT0	4	periodF0	0
aiT1	28	aiF1	0
burgessT0	1	burgessF0	0
hvaT4	6	hvaF4	0
privatorumF0	1	privatorumT0	0
supernzbF0	1	supernzbT0	0
rzF1	1	rzT1	0
tirF2	3	tirT2	0
managerT0	7	managerF0	0
submissionsF0	3	submissionsT0	0
cesF2	274	cesT2	0
parcelF0	1	parcelT0	0
corelT0	1	corelF0	0
uninterestingF0	1	uninterestingT0	0
eiuT0	2	eiuF0	0
sektionT0	1	sektionF0	0
physicalT0	1	physicalF0	0
hileyT0	1	hileyF0	0
publishF0	10	publishT0	0
trustsF0	1	trustsT0	0
ppyF2	23	ppyT2	0
flcT4	2	flcF4	0
popF2	10	popT2	0
ffF3	22	ffT3	0
gprT4	1	gprF4	0
bridgetT0	1	bridgetF0	0
dfcT2	1	dfcF2	0
arvT4	2	arvF4	0
henF2	214	henT2	0
satelliteT0	3	satelliteF0	0
partitaF0	1	partitaT0	0
measurementsF0	1	measurementsT0	0
handT0	1	handF0	0
babesF0	1	babesT0	0
portionF0	4	portionT0	0
mapsimagesT0	1	mapsimagesF0	0
notF0	317	notT0	0
cecT4	90	cecF4	0
moT3	371	moF3	0
dealerT0	3	dealerF0	0
attackedF0	1	attackedT0	0
souleiadeT0	1	souleiadeF0	0
ndaF0	1	ndaT0	0
eroticaF0	1	eroticaT0	0
gcT1	8	gcF1	0
broF4	91	broT4	0
owyT2	1	owyF2	0
dxT3	6	dxF3	0
ordF2	127	ordT2	0
argeF0	4	argeT0	0
trapT0	1	trapF0	0
hopingF0	2	hopingT0	0
phantomT0	2	phantomF0	0
eligibleF0	2	eligibleT0	0
itT2	171	itF2	0
amiT2	8	amiF2	0
rewritestipcssF0	1	rewritestipcssT0	0
googvarT0	3	googvarF0	0
mensF0	2	mensT0	0
rheumatologieF0	1	rheumatologieT0	0
permitinternationalF0	1	permitinternationalT0	0
campeachyF0	1	campeachyT0	0
malariaF0	1	malariaT0	0
modsF0	2	modsT0	0
libyamapT0	1	libyamapF0	0
gunnarT0	4	gunnarF0	0
crdF4	1	crdT4	0
mourningF0	1	mourningT0	0
trustenT0	1	trustenF0	0
wireT0	1	wireF0	0
inbF4	1	inbT4	0
importT0	3	importF0	0
undisclosedF0	2	undisclosedT0	0
benT4	89	benF4	0
reggioF0	1	reggioT0	0
ctxF2	1	ctxT2	0
methodT0	1	methodF0	0
receiveF0	53	receiveT0	0
rghT2	10	rghF2	0
iemF2	1	iemT2	0
querF0	1	querT0	0
canonF0	3	canonT0	0
mindsF0	1	mindsT0	0
bertangueT0	2	bertangueF0	0
iomF2	1	iomT2	0
thatareF0	1	thatareT0	0
friendlyF0	10	friendlyT0	0
jokeF0	1	jokeT0	0
architecturalF0	1	architecturalT0	0
oksF4	1	oksT4	0
idatiF0	1	idatiT0	0
closetsF0	2	closetsT0	0
msicaT0	1	msicaF0	0
chartsT0	4	chartsF0	0
aiaT4	1	aiaF4	0
smartcutT0	2	smartcutF0	0
zifT4	1	zifF4	0
dirT4	36	dirF4	0
insultingF0	1	insultingT0	0
jonathanT0	1	jonathanF0	0
heartbrokenF0	1	heartbrokenT0	0
jalT2	1	jalF2	0
widowedF0	1	widowedT0	0
gordaF0	2	gordaT0	0
wowT4	85	wowF4	0
typT4	32	typF4	0
ffyF2	1	ffyT2	0
pcxT2	1	pcxF2	0
yeaT4	13	yeaF4	0
untingF0	1	untingT0	0
indF2	158	indT2	0
inventorF0	1	inventorT0	0
undoubtedlyF0	1	undoubtedlyT0	0
marlinT0	1	marlinF0	0
nbspF0	679	nbspT0	0
kevenT0	1	kevenF0	0
autismF0	1	autismT0	0
deliberateF0	2	deliberateT0	0
herT4	85	herF4	0
ecosystemsF0	3	ecosystemsT0	0
omT3	10	omF3	0
entrT0	1	entrF0	0
dreF2	7	dreT2	0
lynT4	2	lynF4	0
abolitionF0	2	abolitionT0	0
driT4	30	driF4	0
cantonF0	3	cantonT0	0
rightcyfleT0	1	rightcyfleF0	0
aprF4	5	aprT4	0
movementF0	4	movementT0	0
institutionsF0	6	institutionsT0	0
inventionsT0	1	inventionsF0	0
beseemF0	1	beseemT0	0
vrT1	1	vrF1	0
bixF4	2	bixT4	0
probablyT0	2	probablyF0	0
susF0	8	susT0	0
behF4	24	behT4	0
flmT4	1	flmF4	0
tranzT0	1	tranzF0	0
diagnosticF0	1	diagnosticT0	0
veicoliF0	1	veicoliT0	0
igcF0	1	igcT0	0
taentedF0	1	taentedT0	0
quillT0	1	quillF0	0
organizationjF0	1	organizationjT0	0
lidF4	4	lidT4	0
definitiveF0	2	definitiveT0	0
glimpseF0	1	glimpseT0	0
collectedF0	9	collectedT0	0
tnF1	3	tnT1	0
poetryT0	3	poetryF0	0
universiteitT0	1	universiteitF0	0
seismicF0	2	seismicT0	0
didF2	51	didT2	0
ehF2	2	ehT2	0
reviewsF0	14	reviewsT0	0
kawF4	4	kawT4	0
diamT0	2	diamF0	0
remainsF0	6	remainsT0	0
journalF0	6	journalT0	0
partingF0	2	partingT0	0
webloggersT0	3	webloggersF0	0
seatingF0	2	seatingT0	0
sequentialF0	2	sequentialT0	0
fabricanteF0	2	fabricanteT0	0
spiderT0	2	spiderF0	0
visayanT0	1	visayanF0	0
possibleT0	3	possibleF0	0
copiesF0	7	copiesT0	0
zenF4	1	zenT4	0
oeT1	9	oeF1	0
nonT2	19	nonF2	0
thirteenthF0	1	thirteenthT0	0
guatemalaT0	7	guatemalaF0	0
telephonecT0	1	telephonecF0	0
claimantF0	1	claimantT0	0
cicF4	1	cicT4	0
odfF4	1	odfT4	0
purchaserF0	2	purchaserT0	0
devT4	44	devF4	0
inittipT0	1	inittipF0	0
akaT2	2	akaF2	0
oiF1	15	oiT1	0
cabeF0	1	cabeT0	0
epiphomeF0	1	epiphomeT0	0
aseF4	2	aseT4	0
lesnarT0	1	lesnarF0	0
salvageF0	1	salvageT0	0
eitherT0	1	eitherF0	0
oljF2	1	oljT2	0
authorizationF0	1	authorizationT0	0
tablesT0	1	tablesF0	0
zanT4	2	zanF4	0
haT2	7	haF2	0
autoT0	7	autoF0	0
sntT2	1	sntF2	0
crT0	3	crF0	0
ethT2	5	ethF2	0
razF4	2	razT4	0
negroF0	1	negroT0	0
beencensoredF0	1	beencensoredT0	0
surpassesF0	1	surpassesT0	0
rejectF0	2	rejectT0	0
dufT4	1	dufF4	0
pancreasT0	1	pancreasF0	0
intotalF0	5	intotalT0	0
rfF1	5	rfT1	0
damsT0	7	damsF0	0
merrillF0	2	merrillT0	0
lengthsF0	1	lengthsT0	0
nobodyF0	2	nobodyT0	0
abbF4	5	abbT4	0
romeF0	1	romeT0	0
eacF0	1	eacT0	0
rockT0	21	rockF0	0
oweT2	1	oweF2	0
kateT0	1	kateF0	0
notonlyF0	1	notonlyT0	0
mseF2	1	mseT2	0
quaityF0	4	quaityT0	0
pipT4	29	pipF4	0
afbF0	2	afbT0	0
travelbelizeT0	5	travelbelizeF0	0
voudraisF0	1	voudraisT0	0
agriculturalT0	4	agriculturalF0	0
eliminationF0	2	eliminationT0	0
comparisonT0	1	comparisonF0	0
staffedF0	1	staffedT0	0
irrF4	5	irrT4	0
rdoF2	2	rdoT2	0
olioF0	1	olioT0	0
ofT0	119	ofF0	0
hapT0	2	hapF0	0
usarF0	3	usarT0	0
nhoF2	3	nhoT2	0
rapistF0	1	rapistT0	0
inquiryF0	2	inquiryT0	0
vidingF0	4	vidingT0	0
olfT2	13	olfF2	0
documentF0	23	documentT0	0
prendF0	1	prendT0	0
protocolsF0	4	protocolsT0	0
uffT2	2	uffF2	0
adelinesF0	1	adelinesT0	0
norF2	23	norT2	0
subsequentF0	3	subsequentT0	0
enT2	4	enF2	0
kasT4	1	kasF4	0
talT2	74	talF2	0
posterF0	7	posterT0	0
beginningT0	2	beginningF0	0
monicaT0	1	monicaF0	0
oceanographicF0	1	oceanographicT0	0
guiF2	1	guiT2	0
getsF0	3	getsT0	0
translationT0	1	translationF0	0
schematicF0	2	schematicT0	0
faintlyF0	1	faintlyT0	0
sandwichesF0	1	sandwichesT0	0
sssF2	1	sssT2	0
cayesT0	2	cayesF0	0
swedishT0	2	swedishF0	0
chordsT0	30	chordsF0	0
officesF0	10	officesT0	0
avatarF0	1	avatarT0	0
expressarF0	1	expressarT0	0
dateitT0	1	dateitF0	0
interpretF0	3	interpretT0	0
visitinternationalT0	1	visitinternationalF0	0
woT3	296	woF3	0
rendF0	2	rendT0	0
saleT0	19	saleF0	0
unfoldedF0	1	unfoldedT0	0
armsF0	8	armsT0	0
superiorinformationT0	1	superiorinformationF0	0
cosplayingT0	1	cosplayingF0	0
modifiedF0	5	modifiedT0	0
popularF0	16	popularT0	0
continuaF0	3	continuaT0	0
assaultgoesF0	1	assaultgoesT0	0
wimT0	1	wimF0	0
complianceF0	6	complianceT0	0
attributionT0	2	attributionF0	0
regionalF0	2	regionalT0	0
gouT2	1	gouF2	0
fishermenF0	1	fishermenT0	0
fcfF4	4	fcfT4	0
thunderstormF0	1	thunderstormT0	0
unhideT0	1	unhideF0	0
pibF2	1	pibT2	0
connectsF0	1	connectsT0	0
updatedF0	10	updatedT0	0
ackF4	5	ackT4	0
invF4	80	invT4	0
rescueprT0	1	rescueprF0	0
journalingF0	1	journalingT0	0
angelesT0	8	angelesF0	0
usaceT0	21	usaceF0	0
macedonianT0	3	macedonianF0	0
anatomiquesF0	1	anatomiquesT0	0
viragT0	1	viragF0	0
flyT2	7	flyF2	0
amhrnaochtF0	2	amhrnaochtT0	0
ensuingF0	1	ensuingT0	0
gueT2	4	gueF2	0
announcementT0	1	announcementF0	0
dangrigaT0	5	dangrigaF0	0
againstF0	15	againstT0	0
gmsF0	1	gmsT0	0
lniF4	1	lniT4	0
halT4	16	halF4	0
formsT0	5	formsF0	0
specialT0	12	specialF0	0
warrantF0	1	warrantT0	0
avF2	2	avT2	0
adiscussionF0	1	adiscussionT0	0
waterproofF0	1	waterproofT0	0
gmT1	1	gmF1	0
stallsF0	2	stallsT0	0
usageF0	5	usageT0	0
centraT0	1	centraF0	0
mtvT0	1	mtvF0	0
dollarsT0	2	dollarsF0	0
cipsT0	2	cipsF0	0
floodwallsT0	1	floodwallsF0	0
weazenedF0	1	weazenedT0	0
ffeF2	1	ffeT2	0
marvinT0	1	marvinF0	0
melgaardT0	2	melgaardF0	0
asT1	274	asF1	0
tutT4	1	tutF4	0
varT4	6	varF4	0
agentdateT0	15	agentdateF0	0
mbarlaT0	1	mbarlaF0	0
representativeF0	6	representativeT0	0
hobF4	2	hobT4	0
keiF4	1	keiT4	0
controllingF0	2	controllingT0	0
ticketsF0	9	ticketsT0	0
bicycleT0	1	bicycleF0	0
carfaxT0	1	carfaxF0	0
radT2	6	radF2	0
favF0	2	favT0	0
pnT1	2	pnF1	0
umcF2	1	umcT2	0
cowT4	1	cowF4	0
dynT2	1	dynF2	0
operatesF0	4	operatesT0	0
climateT0	40	climateF0	0
fitF4	49	fitT4	0
bydT4	1	bydF4	0
imgF0	2	imgT0	0
civilizationF0	9	civilizationT0	0
nyT2	26	nyF2	0
goiT4	11	goiF4	0
yyT1	2	yyF1	0
rebF4	3	rebT4	0
seaT0	36	seaF0	0
tilT4	8	tilF4	0
ferociousF0	1	ferociousT0	0
onceT0	12	onceF0	0
talkbackF0	1	talkbackT0	0
suitabeF0	1	suitabeT0	0
redF2	278	redT2	0
zulF0	1	zulT0	0
toursF0	10	toursT0	0
omittingF0	1	omittingT0	0
rbT1	3	rbF1	0
umeF0	1	umeT0	0
nahT2	3	nahF2	0
lolF0	6	lolT0	0
unbeatableT0	1	unbeatableF0	0
illT2	56	illF2	0
alarmT0	1	alarmF0	0
strF2	2	strT2	0
gilbertsonT0	2	gilbertsonF0	0
musicasF0	4	musicasT0	0
erF2	9	erT2	0
trustedT0	1	trustedF0	0
fodF4	1	fodT4	0
industriousF0	1	industriousT0	0
superiorF0	3	superiorT0	0
emmT4	2	emmF4	0
swF3	51	swT3	0
lpsF2	5	lpsT2	0
carvingsF0	2	carvingsT0	0
sxF2	4	sxT2	0
birgirT0	1	birgirF0	0
eslovacF0	1	eslovacT0	0
odrF2	1	odrT2	0
depthT0	2	depthF0	0
hollywoodF0	2	hollywoodT0	0
andrewT0	2	andrewF0	0
favoritesF0	17	favoritesT0	0
towardF0	3	towardT0	0
caninesF0	1	caninesT0	0
wakingF0	1	wakingT0	0
mpeteF0	2	mpeteT0	0
worriesF0	2	worriesT0	0
shoreF0	9	shoreT0	0
pubertyF0	1	pubertyT0	0
gagF4	1	gagT4	0
parentalF0	1	parentalT0	0
tolF2	4	tolT2	0
khalilT0	1	khalilF0	0
spiritT0	1	spiritF0	0
errT4	8	errF4	0
sveinungT0	1	sveinungF0	0
miflsF0	1	miflsT0	0
baseT0	1	baseF0	0
kouF2	1	kouT2	0
wicF4	1	wicT4	0
znT1	1	znF1	0
postalF0	3	postalT0	0
directionF0	6	directionT0	0
tipF4	11	tipT4	0
faseF0	1	faseT0	0
thirdpartiesF0	1	thirdpartiesT0	0
customF0	12	customT0	0
wwiF4	1	wwiT4	0
miraF0	2	miraT0	0
urtF0	1	urtT0	0
vijT4	1	vijF4	0
liveaboardF0	2	liveaboardT0	0
etF0	73	etT0	0
zonF4	5	zonT4	0
cornstarchT0	1	cornstarchF0	0
shortlyF0	2	shortlyT0	0
askT4	10	askF4	0
mpackageT0	1	mpackageF0	0
couplingT0	1	couplingF0	0
treatmentsF0	1	treatmentsT0	0
magazinesF0	1	magazinesT0	0
solidusF0	1	solidusT0	0
cksT2	21	cksF2	0
priestT0	1	priestF0	0
apostropheT0	1	apostropheF0	0
abhorrenceF0	1	abhorrenceT0	0
ixtT2	2	ixtF2	0
funeralT0	1	funeralF0	0
makeupT0	1	makeupF0	0
tatT4	1	tatF4	0
dippingF0	1	dippingT0	0
fusaT0	1	fusaF0	0
walnutT0	1	walnutF0	0
mazdaT0	3	mazdaF0	0
shipsT0	1	shipsF0	0
oceT2	1	oceF2	0
intercasinoT0	1	intercasinoF0	0
mayF0	100	mayT0	0
snnF2	1	snnT2	0
irpT2	2	irpF2	0
abundanceF0	2	abundanceT0	0
usshouldT0	1	usshouldF0	0
articlesF0	13	articlesT0	0
boardsT0	1	boardsF0	0
aboveT0	1	aboveF0	0
gnomishF0	1	gnomishT0	0
cpvT4	1	cpvF4	0
homeownersT0	3	homeownersF0	0
useF4	434	useT4	0
crfF2	1	crfT2	0
feminizationF0	1	feminizationT0	0
narT2	9	narF2	0
lizF2	1	lizT2	0
womensT0	3	womensF0	0
deliciousF0	3	deliciousT0	0
emissionT0	1	emissionF0	0
ethiopiamapT0	1	ethiopiamapF0	0
housesF0	9	housesT0	0
barrasT0	1	barrasF0	0
porF0	10	porT0	0
disclaimerF0	5	disclaimerT0	0
mmiF4	3	mmiT4	0
politiciansF0	1	politiciansT0	0
vcF0	1	vcT0	0
pstT0	3	pstF0	0
dipF0	1	dipT0	0
loadsF0	2	loadsT0	0
rotT2	1	rotF2	0
venturinT0	1	venturinF0	0
scholarsF0	3	scholarsT0	0
essendoF0	1	essendoT0	0
conferencesF0	2	conferencesT0	0
noticingF0	1	noticingT0	0
hurtingF0	2	hurtingT0	0
ocoT2	1	ocoF2	0
kF0	29	kT0	0
xtuF4	1	xtuT4	0
rpheumF0	1	rpheumT0	0
janF4	1	janT4	0
rightmakketT0	1	rightmakketF0	0
kusT4	1	kusF4	0
chicksF0	3	chicksT0	0
organizerF0	1	organizerT0	0
aposF0	160	aposT0	0
cagT4	1	cagF4	0
fleT2	2	fleF2	0
parisT0	10	parisF0	0
gleamsF0	1	gleamsT0	0
likeT0	10	likeF0	0
chapeT0	2	chapeF0	0
studyingF0	5	studyingT0	0
popupsF0	43	popupsT0	0
angleF0	1	angleT0	0
shareT0	6	shareF0	0
stT2	25	stF2	0
pitF4	4	pitT4	0
ieF1	95	ieT1	0
ausT4	31	ausF4	0
natF4	155	natT4	0
jeffreyT0	1	jeffreyF0	0
kongT0	1	kongF0	0
scamsF0	1	scamsT0	0
blockquoteF0	1	blockquoteT0	0
dresdenT0	2	dresdenF0	0
spadeF0	2	spadeT0	0
entitledF0	3	entitledT0	0
fresnoF0	9	fresnoT0	0
ndiF2	1	ndiT2	0
thanksT0	16	thanksF0	0
speekerF0	1	speekerT0	0
ltyF2	15	ltyT2	0
governingF0	1	governingT0	0
temaF0	1	temaT0	0
jetT0	1	jetF0	0
roumaniansT0	1	roumaniansF0	0
showgroundsbelmopanT0	1	showgroundsbelmopanF0	0
guyT2	1	guyF2	0
populationF0	28	populationT0	0
datF4	157	datT4	0
pngF2	2	pngT2	0
powerF0	34	powerT0	0
strobeT0	1	strobeF0	0
yscF2	1	yscT2	0
yusF4	1	yusT4	0
hdcT0	7	hdcF0	0
vivaldiT0	1	vivaldiF0	0
labT0	1	labF0	0
mentalT0	1	mentalF0	0
waitingF0	8	waitingT0	0
timelineF0	1	timelineT0	0
safeF0	13	safeT0	0
welcomingF0	1	welcomingT0	0
freelancerF0	1	freelancerT0	0
projectcollectionT0	1	projectcollectionF0	0
analysisiF0	1	analysisiT0	0
agoT2	9	agoF2	0
reubenT0	1	reubenF0	0
momentoF0	1	momentoT0	0
rtiF2	1	rtiT2	0
freeagentT0	1	freeagentF0	0
mioF2	1	mioT2	0
chrF0	1	chrT0	0
mfpF4	1	mfpT4	0
potableT0	1	potableF0	0
aosF4	1	aosT4	0
cathodicF0	4	cathodicT0	0
disposalF0	1	disposalT0	0
douceurF0	2	douceurT0	0
marketerT0	1	marketerF0	0
xerF2	1	xerT2	0
selectedF0	6	selectedT0	0
sdF2	1	sdT2	0
hudT2	1	hudF2	0
portugueseT0	3	portugueseF0	0
ladieF0	1	ladieT0	0
captionsF0	1	captionsT0	0
bangedF0	1	bangedT0	0
maeF0	1	maeT0	0
ivT0	1	ivF0	0
databaseT0	2	databaseF0	0
seuF4	8	seuT4	0
characteristicF0	1	characteristicT0	0
copperT0	1	copperF0	0
cartographerscollectionT0	1	cartographerscollectionF0	0
rightstairT0	1	rightstairF0	0
juxF4	1	juxT4	0
departmentsF0	2	departmentsT0	0
gloveT0	1	gloveF0	0
lastsF0	1	lastsT0	0
agiF2	1	agiT2	0
vermontF0	1	vermontT0	0
imitatedF0	1	imitatedT0	0
optimizeF0	2	optimizeT0	0
noodleF0	1	noodleT0	0
aieF4	1	aieT4	0
denT2	32	denF2	0
eventsT0	15	eventsF0	0
envisionF0	1	envisionT0	0
entireT0	4	entireF0	0
mutsangF0	1	mutsangT0	0
yeahF0	2	yeahT0	0
fudT4	3	fudF4	0
piningF0	1	piningT0	0
yorkF0	14	yorkT0	0
burT4	14	burF4	0
lodT4	2	lodF4	0
wkF1	3	wkT1	0
dinnersT0	2	dinnersF0	0
ofreceraF0	1	ofreceraT0	0
itlT4	1	itlF4	0
darT2	14	darF2	0
wvF0	1	wvT0	0
acronymF0	1	acronymT0	0
iumT2	24	iumF2	0
rosenT0	1	rosenF0	0
omsF2	28	omsT2	0
beefedT0	1	beefedF0	0
eoT1	34	eoF1	0
resembledF0	2	resembledT0	0
ciaT2	13	ciaF2	0
duF0	10	duT0	0
peT0	2	peF0	0
eyeT0	1	eyeF0	0
efT0	1	efF0	0
singsonT0	1	singsonF0	0
ecologistF0	1	ecologistT0	0
aicT2	3	aicF2	0
snF2	1	snT2	0
rrsF4	2	rrsT4	0
empresaF0	1	empresaT0	0
fetT4	4	fetF4	0
atpktaT0	1	atpktaF0	0
gymF4	6	gymT4	0
birdsifT0	1	birdsifF0	0
shesF0	3	shesT0	0
weshareT0	1	weshareF0	0
consentedF0	1	consentedT0	0
zelT2	1	zelF2	0
pelosF0	1	pelosT0	0
tchT4	1	tchF4	0
vlF1	17	vlT1	0
happierF0	1	happierT0	0
seiT2	1	seiF2	0
kuF3	6	kuT3	0
viceF0	1	viceT0	0
rightlugaT0	1	rightlugaF0	0
passionateF0	1	passionateT0	0
divorcesT0	1	divorcesF0	0
identicalF0	2	identicalT0	0
nchF4	1	nchT4	0
saveT0	5	saveF0	0
convincedF0	3	convincedT0	0
gradeF0	1	gradeT0	0
aboutF0	260	aboutT0	0
curtainsT0	2	curtainsF0	0
texasT0	44	texasF0	0
pregnantF0	2	pregnantT0	0
ovnT4	1	ovnF4	0
considerableF0	3	considerableT0	0
streetnationalT0	2	streetnationalF0	0
egiT4	1	egiF4	0
zoologicalT0	1	zoologicalF0	0
frF1	17	frT1	0
squareT0	4	squareF0	0
trT3	260	trF3	0
legalT0	4	legalF0	0
printableF0	1	printableT0	0
bsT0	3	bsF0	0
fpF3	2	fpT3	0
prickF0	1	prickT0	0
hispanicF0	1	hispanicT0	0
maximaF0	1	maximaT0	0
pwdT2	1	pwdF2	0
transactionsF0	1	transactionsT0	0
eweT2	3	eweF2	0
julianT0	3	julianF0	0
andF0	3922	andT0	0
angelF0	3	angelT0	0
ensembleT0	3	ensembleF0	0
customersupportT0	1	customersupportF0	0
doT2	50	doF2	0
ooT1	25	ooF1	0
applicableF0	6	applicableT0	0
expenditureT0	1	expenditureF0	0
intT2	24	intF2	0
gatewaysF0	1	gatewaysT0	0
diabolusT0	1	diabolusF0	0
contemplantF0	1	contemplantT0	0
ottT0	1	ottF0	0
fromearlyF0	2	fromearlyT0	0
ohnF2	2	ohnT2	0
abF2	10	abT2	0
ratingT0	5	ratingF0	0
stormF0	3	stormT0	0
harddriveF0	1	harddriveT0	0
hangoutsT0	1	hangoutsF0	0
warcT0	20	warcF0	0
boundedF0	1	boundedT0	0
placeF0	51	placeT0	0
montelepreT0	1	montelepreF0	0
tacomaF0	3	tacomaT0	0
arenaF0	1	arenaT0	0
everythingT0	9	everythingF0	0
trusteesT0	1	trusteesF0	0
hostilityF0	1	hostilityT0	0
hangingsF0	1	hangingsT0	0
folT2	4	folF2	0
islandF0	87	islandT0	0
stationsF0	1	stationsT0	0
theatreT0	4	theatreF0	0
interchangesF0	1	interchangesT0	0
hangarF0	4	hangarT0	0
mineF0	6	mineT0	0
faoiF0	2	faoiT0	0
isoT2	17	isoF2	0
heckT0	1	heckF0	0
tbcT0	6	tbcF0	0
diF2	25	diT2	0
novamenteF0	1	novamenteT0	0
weighedF0	1	weighedT0	0
hulmeT0	2	hulmeF0	0
toolbarF0	2	toolbarT0	0
stuccoF0	1	stuccoT0	0
vuF2	2	vuT2	0
adjF4	14	adjT4	0
skiF0	2	skiT0	0
borF4	102	borT4	0
hangsT0	1	hangsF0	0
morgueF0	1	morgueT0	0
brT1	4	brF1	0
distaT0	2	distaF0	0
truxksT0	1	truxksF0	0
authorF0	10	authorT0	0
unitsF0	14	unitsT0	0
calebT0	1	calebF0	0
simultaneousF0	2	simultaneousT0	0
ralT4	22	ralF4	0
easierF0	5	easierT0	0
localesF0	1	localesT0	0
pescovitzT0	1	pescovitzF0	0
bonT4	24	bonF4	0
usaplT0	1	usaplF0	0
filF2	4	filT2	0
cxasT0	1	cxasF0	0
pghT4	8	pghF4	0
pronouncedF0	1	pronouncedT0	0
ronF2	8	ronT2	0
neT2	12	neF2	0
harF2	3	harT2	0
commerciallyF0	1	commerciallyT0	0
perF0	74	perT0	0
aheadF0	5	aheadT0	0
advisoriesF0	1	advisoriesT0	0
portugueisF0	2	portugueisT0	0
dimensionsF0	1	dimensionsT0	0
holF4	40	holT4	0
jotF4	1	jotT4	0
smilingF0	2	smilingT0	0
apeloF0	1	apeloT0	0
nxeT2	1	nxeF2	0
ntyF0	1	ntyT0	0
cannotF0	24	cannotT0	0
textF0	44	textT0	0
ikT1	7	ikF1	0
umaF4	9	umaT4	0
uaaT2	1	uaaF2	0
geeF2	2	geeT2	0
risenF0	1	risenT0	0
dezF4	1	dezT4	0
shirtsF0	2	shirtsT0	0
prostiT0	1	prostiF0	0
differenceF0	8	differenceT0	0
ihioF0	1	ihioT0	0
diaryF0	4	diaryT0	0
lezT2	1	lezF2	0
placedT0	1	placedF0	0
monomarcaF0	1	monomarcaT0	0
khzT0	2	khzF0	0
economicT0	4	economicF0	0
giftsT0	8	giftsF0	0
imoF2	6	imoT2	0
friT2	46	friF2	0
merryF0	1	merryT0	0
writenovemberT0	1	writenovemberF0	0
ksT1	127	ksF1	0
storageT0	3	storageF0	0
buckT0	9	buckF0	0
weyT2	1	weyF2	0
ellF0	1	ellT0	0
childrenF0	11	childrenT0	0
solidworksT0	6	solidworksF0	0
autospiesT0	1	autospiesF0	0
leaderF0	6	leaderT0	0
othT2	4	othF2	0
carefullyF0	3	carefullyT0	0
endureF0	2	endureT0	0
leeannT0	1	leeannF0	0
msiT4	2	msiF4	0
definitellyF0	1	definitellyT0	0
haulinT0	2	haulinF0	0
avecF0	2	avecT0	0
gowF4	2	gowT4	0
scathingF0	1	scathingT0	0
bangkT0	1	bangkF0	0
coastsF0	2	coastsT0	0
geologicT0	1	geologicF0	0
hermosaF0	2	hermosaT0	0
nestaF0	1	nestaT0	0
charmingF0	1	charmingT0	0
aayF2	1	aayT2	0
ntainerF0	1	ntainerT0	0
ectopicF0	1	ectopicT0	0
rteT2	2	rteF2	0
graveyardT0	2	graveyardF0	0
udF0	5	udT0	0
owsF2	66	owsT2	0
rraF2	6	rraT2	0
aaedF0	1	aaedT0	0
zwtF0	1	zwtT0	0
faoinF0	5	faoinT0	0
tonF0	6	tonT0	0
calledF0	27	calledT0	0
esiT2	1	esiF2	0
azzT2	1	azzF2	0
recreationalF0	3	recreationalT0	0
accordedF0	1	accordedT0	0
hungryF0	1	hungryT0	0
imeF2	251	imeT2	0
secureT0	1	secureF0	0
steepF0	1	steepT0	0
jbmT0	1	jbmF0	0
minefieldF0	2	minefieldT0	0
predictingF0	1	predictingT0	0
ballT0	3	ballF0	0
holT0	3	holF0	0
giaF2	3	giaT2	0
ffaT2	2	ffaF2	0
collegeF0	18	collegeT0	0
oblongT0	1	oblongF0	0
papersF0	7	papersT0	0
wbsvaT0	1	wbsvaF0	0
harleyF0	2	harleyT0	0
wntF2	1	wntT2	0
barbaraT0	3	barbaraF0	0
josephT0	3	josephF0	0
companyF0	31	companyT0	0
vinT0	1	vinF0	0
omeT2	82	omeF2	0
oasT0	1	oasF0	0
pupT2	107	pupF2	0
ugeT2	1	ugeF2	0
amF1	207	amT1	0
jorT2	3	jorF2	0
extrasF0	1	extrasT0	0
commerceT0	3	commerceF0	0
decisionsT0	1	decisionsF0	0
repF0	1	repT0	0
atT0	36	atF0	0
apparelF0	1	apparelT0	0
sinnakonF0	1	sinnakonT0	0
gifsF0	5	gifsT0	0
dodT2	2	dodF2	0
usedF0	106	usedT0	0
yourF0	658	yourT0	0
iflgeT0	1	iflgeF0	0
emiF2	4	emiT2	0
oasF4	1	oasT4	0
fieldsF0	9	fieldsT0	0
praT0	3	praF0	0
somewhereT0	1	somewhereF0	0
amuF4	5	amuT4	0
burundiT0	2	burundiF0	0
raceT0	7	raceF0	0
vendutoF0	1	vendutoT0	0
simplycamT0	1	simplycamF0	0
jsT2	1	jsF2	0
ismT4	1	ismF4	0
skT1	62	skF1	0
waterT0	12	waterF0	0
essentialsT0	1	essentialsF0	0
tedF0	1	tedT0	0
quintanaT0	1	quintanaF0	0
gomF4	1	gomT4	0
valvesF0	1	valvesT0	0
controlF0	32	controlT0	0
gwT1	2	gwF1	0
flaggingF0	1	flaggingT0	0
consulsT0	1	consulsF0	0
refersF0	2	refersT0	0
diabeticT0	1	diabeticF0	0
niceF0	12	niceT0	0
serviceF0	50	serviceT0	0
sgsT0	1	sgsF0	0
conditioningF0	1	conditioningT0	0
appT2	1	appF2	0
vaF2	9	vaT2	0
cookinF0	1	cookinT0	0
smeticF0	1	smeticT0	0
bonesplitterF0	1	bonesplitterT0	0
gayT2	1	gayF2	0
versacadT0	1	versacadF0	0
developersT0	1	developersF0	0
ismpT0	1	ismpF0	0
vinF4	23	vinT4	0
xsF2	1	xsT2	0
bizF2	7	bizT2	0
druT2	1	druF2	0
sawmillF0	1	sawmillT0	0
pigletF0	1	pigletT0	0
uscT2	1	uscF2	0
informazioniF0	1	informazioniT0	0
saltwaterF0	2	saltwaterT0	0
suvsF0	1	suvsT0	0
goodF0	88	goodT0	0
wsyF2	1	wsyT2	0
gimpseF0	1	gimpseT0	0
aegT2	1	aegF2	0
advocateF0	1	advocateT0	0
brettT0	1	brettF0	0
conspiracyF0	1	conspiracyT0	0
binF4	7	binT4	0
ritF2	10	ritT2	0
alibreT0	1	alibreF0	0
romanT0	2	romanF0	0
suchasF0	1	suchasT0	0
nixF2	2	nixT2	0
amsT2	17	amsF2	0
pspT4	17	pspF4	0
zazT2	10	zazF2	0
chT0	3	chF0	0
rpsT2	26	rpsF2	0
runT2	9	runF2	0
picsT0	5	picsF0	0
strokesF0	1	strokesT0	0
explainT0	2	explainF0	0
expertsF0	4	expertsT0	0
majorityT0	2	majorityF0	0
fernandoT0	3	fernandoF0	0
docetF0	1	docetT0	0
officialT0	9	officialF0	0
adoredF0	2	adoredT0	0
irtF2	8	irtT2	0
sailF0	3	sailT0	0
danesT0	1	danesF0	0
killerF0	1	killerT0	0
inF2	1740	inT2	0
amcF2	1	amcT2	0
rustedF0	2	rustedT0	0
helpersF0	1	helpersT0	0
dependenceF0	1	dependenceT0	0
eileF0	2	eileT0	0
rdeF2	8	rdeT2	0
irreemplazableT0	1	irreemplazableF0	0
colorT0	1	colorF0	0
finalsT0	1	finalsF0	0
unholyF0	1	unholyT0	0
eksF4	1	eksT4	0
osF1	318	osT1	0
colinT0	1	colinF0	0
costT0	2	costF0	0
linF4	187	linT4	0
usuallyF0	21	usuallyT0	0
whT0	2	whF0	0
councilT0	4	councilF0	0
hydropowerT0	5	hydropowerF0	0
ocT3	56	ocF3	0
homelandsT0	1	homelandsF0	0
assF0	6	assT0	0
friendswelcomeT0	4	friendswelcomeF0	0
mosaicoT0	1	mosaicoF0	0
dupT4	1	dupF4	0
bacaT0	2	bacaF0	0
delT4	78	delF4	0
gainesvilleF0	1	gainesvilleT0	0
ntiT2	9	ntiF2	0
tavT2	1	tavF2	0
urdT2	3	urdF2	0
ntF1	1338	ntT1	0
freegamesF0	1	freegamesT0	0
trappingT0	1	trappingF0	0
teensF0	2	teensT0	0
equipeF0	1	equipeT0	0
pruF4	1	pruT4	0
tceqT0	2	tceqF0	0
egoldT0	3	egoldF0	0
liT0	5	liF0	0
gothaT0	6	gothaF0	0
targetingF0	1	targetingT0	0
paradeF0	1	paradeT0	0
visitorsF0	56	visitorsT0	0
nortT0	1	nortF0	0
revF4	107	revT4	0
readerF0	3	readerT0	0
edT2	20	edF2	0
mobilizationF0	1	mobilizationT0	0
nryF2	1	nryT2	0
unionF0	1	unionT0	0
sseT2	1	sseF2	0
mphF2	2	mphT2	0
repairT0	5	repairF0	0
ouiF4	3	ouiT4	0
