libT4	125	libF4	0
timefaqF0	1	timefaqT0	0
accuratelyF0	1	accuratelyT0	0
betweenbelizeT0	1	betweenbelizeF0	0
nfoT2	75	nfoF2	0
quaF2	2	quaT2	0
syntheticF0	3	syntheticT0	0
tankedF0	1	tankedT0	0
iysT4	1	iysF4	0
midstoryF0	2	midstoryT0	0
statescentralT0	1	statescentralF0	0
cacF4	3	cacT4	0
wuF3	1	wuT3	0
ortT4	1	ortF4	0
periodicallyF0	1	periodicallyT0	0
diseasesT0	1	diseasesF0	0
caeF2	1	caeT2	0
wwF1	57	wwT1	0
lbF3	3	lbT3	0
euF1	24	euT1	0
fundacionesF0	1	fundacionesT0	0
sacT4	2	sacF4	0
concernedF0	5	concernedT0	0
cordlessT0	1	cordlessF0	0
linT2	15	linF2	0
weekendF0	4	weekendT0	0
securitysT0	1	securitysF0	0
damelT0	1	damelF0	0
tyrannyF0	2	tyrannyT0	0
triT0	2	triF0	0
ikeT2	29	ikeF2	0
negroesF0	1	negroesT0	0
vividlyF0	1	vividlyT0	0
prizescanT0	1	prizescanF0	0
cgT3	2	cgF3	0
gmcT4	3	gmcF4	0
arriveT0	1	arriveF0	0
pacificT0	3	pacificF0	0
rightbreakingT0	4	rightbreakingF0	0
npT3	2	npF3	0
kwF3	2	kwT3	0
liabilityF0	1	liabilityT0	0
oceT4	9	oceF4	0
ujhF2	1	ujhT2	0
nudF2	2	nudT2	0
enhF4	13	enhT4	0
forgotF0	5	forgotT0	0
shadeF0	1	shadeT0	0
alteredT0	1	alteredF0	0
pdT3	9	pdF3	0
uisF2	8	uisT2	0
uniformsF0	1	uniformsT0	0
ollF2	6	ollT2	0
ssiF4	1	ssiT4	0
recoveryF0	1	recoveryT0	0
ckeF2	1	ckeT2	0
mondeF0	2	mondeT0	0
aigT0	2	aigF0	0
absoluteT0	1	absoluteF0	0
ogT1	111	ogF1	0
containsT0	1	containsF0	0
familieF0	1	familieT0	0
leftF0	69	leftT0	0
amiableF0	1	amiableT0	0
snnF4	1	snnT4	0
wntF4	1	wntT4	0
modificationsF0	6	modificationsT0	0
handingF0	1	handingT0	0
workwithF0	1	workwithT0	0
abdF4	1	abdT4	0
minimalistF0	1	minimalistT0	0
imaginaoF0	1	imaginaoT0	0
urgeF0	1	urgeT0	0
mauritiusmapT0	1	mauritiusmapF0	0
eaeF0	1	eaeT0	0
tracedF0	1	tracedT0	0
byrT2	1	byrF2	0
portineriaF0	2	portineriaT0	0
wikT4	27	wikF4	0
telT0	1	telF0	0
roT0	1	roF0	0
canterburyT0	1	canterburyF0	0
alabamaT0	1	alabamaF0	0
needsT0	2	needsF0	0
pelT4	15	pelF4	0
describeF0	4	describeT0	0
caiT4	2	caiF4	0
financialT0	1	financialF0	0
enthusiastsT0	1	enthusiastsF0	0
minneapolisF0	1	minneapolisT0	0
kaT1	14	kaF1	0
ekF1	37	ekT1	0
holdT0	1	holdF0	0
ranT4	12	ranF4	0
afF0	1	afT0	0
organisationsF0	1	organisationsT0	0
ucoF2	1	ucoT2	0
yohannesT0	1	yohannesF0	0
gentlemenF0	2	gentlemenT0	0
rurF4	2	rurT4	0
lbyF2	5	lbyT2	0
mingF0	2	mingT0	0
papT4	5	papF4	0
ibooxF0	4	ibooxT0	0
becomeF0	26	becomeT0	0
jstF2	2	jstT2	0
shellsF0	2	shellsT0	0
dkF2	1	dkT2	0
sueT2	1	sueF2	0
meanF0	19	meanT0	0
iyaT2	3	iyaF2	0
auditoriumT0	2	auditoriumF0	0
jolF4	3	jolT4	0
palestiniansT0	2	palestiniansF0	0
contactsT0	12	contactsF0	0
hnT1	11	hnF1	0
ceremonytheT0	1	ceremonytheF0	0
moniekT0	1	moniekF0	0
simplestF0	1	simplestT0	0
episT0	1	episF0	0
monkF0	1	monkT0	0
finF2	6	finT2	0
draggingF0	1	draggingT0	0
heavenT0	1	heavenF0	0
overallF0	1	overallT0	0
lizF4	14	lizT4	0
mailfireT0	1	mailfireF0	0
ordinanceF0	1	ordinanceT0	0
distributeT0	1	distributeF0	0
tobetterF0	1	tobetterT0	0
revampingF0	1	revampingT0	0
dellF0	1	dellT0	0
bliT4	6	bliF4	0
aboardF0	3	aboardT0	0
nonprofitF0	2	nonprofitT0	0
toolsT0	15	toolsF0	0
couriousF0	1	couriousT0	0
faciitiesF0	1	faciitiesT0	0
aysT2	28	aysF2	0
happeningsT0	1	happeningsF0	0
foldingF0	1	foldingT0	0
pidF2	8	pidT2	0
hyjT4	1	hyjF4	0
cF0	129	cT0	0
metalF0	6	metalT0	0
affittiT0	3	affittiF0	0
abstractlyF0	1	abstractlyT0	0
dheF4	1	dheT4	0
pageT0	30	pageF0	0
dynamicF0	5	dynamicT0	0
uysT2	1	uysF2	0
copyT0	3	copyF0	0
cayF2	2	cayT2	0
assuranceF0	2	assuranceT0	0
lookF0	31	lookT0	0
futF4	22	futT4	0
naxF2	1	naxT2	0
vocalF0	1	vocalT0	0
gmtcontentT0	11	gmtcontentF0	0
ffresnoF0	1	ffresnoT0	0
rtantT0	1	rtantF0	0
sightingF0	5	sightingT0	0
ptF1	89	ptT1	0
raysF0	1	raysT0	0
enriqueT0	1	enriqueF0	0
tightlyT0	1	tightlyF0	0
ousT2	34	ousF2	0
visitT0	13	visitF0	0
rallF0	1	rallT0	0
wonderingF0	2	wonderingT0	0
draeneT0	2	draeneF0	0
coordinatesF0	1	coordinatesT0	0
lilT4	2	lilF4	0
networksF0	2	networksT0	0
regretF0	1	regretT0	0
occupationF0	5	occupationT0	0
twentyF0	6	twentyT0	0
rtsF4	5	rtsT4	0
pornF0	4	pornT0	0
blockersF0	5	blockersT0	0
kalmansT0	1	kalmansF0	0
prematureF0	2	prematureT0	0
terrainT0	1	terrainF0	0
egT1	22	egF1	0
proprietaryF0	1	proprietaryT0	0
htaF2	2	htaT2	0
proF2	1	proT2	0
pstT2	3	pstF2	0
statisticsF0	6	statisticsT0	0
agatesT0	1	agatesF0	0
interactivityF0	1	interactivityT0	0
heabenT0	1	heabenF0	0
bookingF0	1	bookingT0	0
fixF2	6	fixT2	0
gangT0	1	gangF0	0
frequentlyF0	7	frequentlyT0	0
topF0	34	topT0	0
steerF0	1	steerT0	0
excitmentF0	1	excitmentT0	0
chlorophenolT0	6	chlorophenolF0	0
strategyT0	2	strategyF0	0
smaT4	8	smaF4	0
gicF2	27	gicT2	0
seenF0	17	seenT0	0
kwaT2	2	kwaF2	0
addingF0	7	addingT0	0
betF4	80	betT4	0
needleF0	1	needleT0	0
stifledF0	1	stifledT0	0
robustF0	1	robustT0	0
ukoF4	2	ukoT4	0
lukeT0	1	lukeF0	0
infirmitiesF0	1	infirmitiesT0	0
returnsF0	1	returnsT0	0
pokerT0	3	pokerF0	0
writingsF0	1	writingsT0	0
notebookF0	1	notebookT0	0
queT4	28	queF4	0
weaknessF0	1	weaknessT0	0
obtF4	21	obtT4	0
aceF2	129	aceT2	0
sparerF0	1	sparerT0	0
forF2	1518	forT2	0
keepingF0	11	keepingT0	0
varF0	73	varT0	0
btT1	8	btF1	0
eisT4	4	eisF4	0
daulaF0	1	daulaT0	0
htrwT0	4	htrwF0	0
championF0	1	championT0	0
utfileF0	2	utfileT0	0
betT0	1	betF0	0
carolineT0	1	carolineF0	0
lxF1	1	lxT1	0
lopT4	1	lopF4	0
portraitF0	1	portraitT0	0
aprT2	27	aprF2	0
pvcF0	32	pvcT0	0
secretionsF0	1	secretionsT0	0
valenciaT0	1	valenciaF0	0
splF4	4	splT4	0
quiT0	1	quiF0	0
goT1	62	goF1	0
hrF1	3	hrT1	0
legoT0	2	legoF0	0
freshwaterF0	4	freshwaterT0	0
flankedF0	1	flankedT0	0
creektheT0	1	creektheF0	0
jabT4	3	jabF4	0
launchF0	12	launchT0	0
pianoT0	1	pianoF0	0
badF4	18	badT4	0
aptF4	5	aptT4	0
soiT4	5	soiF4	0
oosF2	1	oosT2	0
havingF0	27	havingT0	0
estatesT0	1	estatesF0	0
gaspeeT0	1	gaspeeF0	0
craisglistF0	1	craisglistT0	0
christianT0	4	christianF0	0
notifyusersF0	1	notifyusersT0	0
automationF0	4	automationT0	0
tilF0	1	tilT0	0
satisfactionofF0	1	satisfactionofT0	0
kekchiT0	2	kekchiF0	0
householdT0	1	householdF0	0
cadillacF0	15	cadillacT0	0
tunT2	7	tunF2	0
votariesF0	1	votariesT0	0
mitcalcT0	2	mitcalcF0	0
artificiallyF0	1	artificiallyT0	0
lanF4	67	lanT4	0
protestersT0	2	protestersF0	0
thyT4	2	thyF4	0
euphoricF0	1	euphoricT0	0
skinF0	4	skinT0	0
twxF4	1	twxT4	0
backdoorT0	1	backdoorF0	0
managedF0	4	managedT0	0
ciT1	7	ciF1	0
vedF0	1	vedT0	0
derivedF0	1	derivedT0	0
signifiesF0	1	signifiesT0	0
zonT2	3	zonF2	0
sandwichF0	2	sandwichT0	0
sxT0	2	sxF0	0
soarF0	1	soarT0	0
giveF0	35	giveT0	0
pohF2	1	pohT2	0
diversF0	3	diversT0	0
giuF4	3	giuT4	0
takeT0	11	takeF0	0
bydrT0	1	bydrF0	0
essT4	22	essF4	0
fhF3	5	fhT3	0
wmuF4	2	wmuT4	0
establishingF0	1	establishingT0	0
mexicoF0	2	mexicoT0	0
ecsF4	1	ecsT4	0
feudalF0	1	feudalT0	0
vipT0	2	vipF0	0
starvationF0	1	starvationT0	0
militaryF0	7	militaryT0	0
crackerT0	1	crackerF0	0
mammalF0	1	mammalT0	0
ripplesF0	1	ripplesT0	0
maeF2	2	maeT2	0
greedilyF0	1	greedilyT0	0
mtT0	2	mtF0	0
untitledT0	1	untitledF0	0
dadF2	5	dadT2	0
waterfallsF0	2	waterfallsT0	0
badT0	7	badF0	0
designsF0	5	designsT0	0
watchmanF0	1	watchmanT0	0
dlF1	2	dlT1	0
amaT2	11	amaF2	0
alienF0	1	alienT0	0
macF4	28	macT4	0
postcardsT0	2	postcardsF0	0
askF0	17	askT0	0
rackF0	1	rackT0	0
oaF1	5	oaT1	0
putF4	47	putT4	0
trsF4	9	trsT4	0
montyT0	2	montyF0	0
suneT0	1	suneF0	0
rethinkF0	1	rethinkT0	0
selezionatiF0	1	selezionatiT0	0
mednarodnihF0	1	mednarodnihT0	0
scuT4	3	scuF4	0
macT0	7	macF0	0
doubtfulF0	2	doubtfulT0	0
mosF4	129	mosT4	0
druidsT0	1	druidsF0	0
mswT2	1	mswF2	0
dedT4	1	dedF4	0
ricercaF0	1	ricercaT0	0
somF4	221	somT4	0
monachiumT0	1	monachiumF0	0
targetT0	2	targetF0	0
vdsT2	1	vdsF2	0
vislumbresencerreiT0	1	vislumbresencerreiF0	0
mouF2	2	mouT2	0
piecesT0	1	piecesF0	0
standardT0	7	standardF0	0
criedF0	1	criedT0	0
periodicalsT0	1	periodicalsF0	0
machineF0	11	machineT0	0
figuresF0	2	figuresT0	0
rafennaF0	1	rafennaT0	0
hartwickT0	1	hartwickF0	0
vilT4	13	vilF4	0
britT0	1	britF0	0
referralF0	1	referralT0	0
colleagueF0	1	colleagueT0	0
localF0	34	localT0	0
sasF2	10	sasT2	0
ultT4	6	ultF4	0
ckF3	4	ckT3	0
apadwesT0	2	apadwesF0	0
entitiesF0	3	entitiesT0	0
purT2	2	purF2	0
ngdT2	1	ngdF2	0
seraF0	1	seraT0	0
lleF2	30	lleT2	0
hydroelectricT0	4	hydroelectricF0	0
huntF0	2	huntT0	0
dutT2	1	dutF2	0
donT4	34	donF4	0
amatureF0	1	amatureT0	0
malawiT0	1	malawiF0	0
beF0	589	beT0	0
cgiF2	1	cgiT2	0
inspirationalF0	1	inspirationalT0	0
periodicF0	1	periodicT0	0
sculptureF0	1	sculptureT0	0
hostalT0	1	hostalF0	0
blurF0	1	blurT0	0
bcF2	3	bcT2	0
foundedF0	4	foundedT0	0
ceasedF0	1	ceasedT0	0
adoptedT0	2	adoptedF0	0
matchesF0	1	matchesT0	0
warlockT0	3	warlockF0	0
simonsT0	1	simonsF0	0
zolT4	5	zolF4	0
magnificentF0	5	magnificentT0	0
secadaT0	1	secadaF0	0
undecidedF0	1	undecidedT0	0
ueF1	271	ueT1	0
attendedF0	2	attendedT0	0
nexT4	11	nexF4	0
lutT4	1	lutF4	0
pissF0	2	pissT0	0
musesT0	1	musesF0	0
hullF0	2	hullT0	0
ldiT2	2	ldiF2	0
obviousF0	2	obviousT0	0
lebanonT0	1	lebanonF0	0
ttiF2	5	ttiT2	0
tortureT0	1	tortureF0	0
madeF0	79	madeT0	0
birdF0	10	birdT0	0
emersonF0	1	emersonT0	0
bilT4	10	bilF4	0
esF3	150	esT3	0
ofrespectF0	1	ofrespectT0	0
growingF0	9	growingT0	0
llF3	4	llT3	0
donateT0	1	donateF0	0
mikT4	10	mikF4	0
optionF0	11	optionT0	0
spirituaF0	1	spirituaT0	0
lnF1	30	lnT1	0
ferF2	70	ferT2	0
rightplesnaT0	1	rightplesnaF0	0
maudT0	1	maudF0	0
eioF2	1	eioT2	0
miltonT0	1	miltonF0	0
blacklistT0	1	blacklistF0	0
techniciansT0	1	techniciansF0	0
pinF2	4	pinT2	0
threatsF0	2	threatsT0	0
bbyF2	1	bbyT2	0
laboratoryF0	1	laboratoryT0	0
ntkT2	1	ntkF2	0
fordF0	22	fordT0	0
estuariesF0	2	estuariesT0	0
crewT0	1	crewF0	0
joursF0	2	joursT0	0
cecathodicT0	1	cecathodicF0	0
skeT2	1	skeF2	0
facilityT0	1	facilityF0	0
febT4	57	febF4	0
eacuteT0	7	eacuteF0	0
helplesslyF0	1	helplesslyT0	0
ichatT0	1	ichatF0	0
ideaT0	1	ideaF0	0
riversideT0	9	riversideF0	0
sablancaF0	1	sablancaT0	0
sendoF0	1	sendoT0	0
archivesF0	4	archivesT0	0
piF2	4	piT2	0
conditionF0	8	conditionT0	0
maidaaT0	2	maidaaF0	0
mprF4	1	mprT4	0
fanF0	6	fanT0	0
tribuneT0	3	tribuneF0	0
semblancesF0	1	semblancesT0	0
saunteredF0	1	saunteredT0	0
clarksonT0	3	clarksonF0	0
ilT2	2	ilF2	0
ftF1	182	ftT1	0
catiF0	1	catiT0	0
thefourthF0	1	thefourthT0	0
escapeT0	1	escapeF0	0
fctF2	1	fctT2	0
getherF0	2	getherT0	0
hartvilleF0	1	hartvilleT0	0
commenceF0	2	commenceT0	0
winkingF0	1	winkingT0	0
thesecretT0	1	thesecretF0	0
pesquisaF0	1	pesquisaT0	0
hunT4	15	hunF4	0
takenT0	1	takenF0	0
heavyT0	3	heavyF0	0
sicF0	1	sicT0	0
hiF0	4	hiT0	0
kindaT0	1	kindaF0	0
tidT4	1	tidF4	0
segundaF0	1	segundaT0	0
skyT2	4	skyF2	0
abashF0	1	abashT0	0
kyF1	20	kyT1	0
politicalF0	6	politicalT0	0
eddT4	1	eddF4	0
promiseF0	3	promiseT0	0
stalledF0	1	stalledT0	0
swoF4	1	swoT4	0
exhibitingF0	1	exhibitingT0	0
cleopatraT0	1	cleopatraF0	0
adF2	19	adT2	0
sieT4	4	sieF4	0
processF0	35	processT0	0
urfT2	1	urfF2	0
ceremonialF0	6	ceremonialT0	0
harringtT0	1	harringtF0	0
anotherF0	58	anotherT0	0
inaugurazioneF0	1	inaugurazioneT0	0
rapidementF0	1	rapidementT0	0
cazafantasmasT0	1	cazafantasmasF0	0
goatF0	1	goatT0	0
gambiaT0	2	gambiaF0	0
appendixT0	2	appendixF0	0
classifiedxF0	1	classifiedxT0	0
saturdayT0	13	saturdayF0	0
ageT4	70	ageF4	0
starsF0	6	starsT0	0
yoT3	549	yoF3	0
internetT0	31	internetF0	0
wkwF4	1	wkwT4	0
universalF0	3	universalT0	0
zwtF2	1	zwtT2	0
keF1	452	keT1	0
blaT2	1	blaF2	0
ttsF2	4	ttsT2	0
rdsF0	4	rdsT0	0
meaningF0	5	meaningT0	0
restedF0	1	restedT0	0
nnaF2	40	nnaT2	0
firefoxT0	4	firefoxF0	0
listfoxT0	1	listfoxF0	0
annF2	8	annT2	0
eeoT2	1	eeoF2	0
subscritionF0	1	subscritionT0	0
butT4	51	butF4	0
aciT4	1	aciF4	0
wordsT0	1	wordsF0	0
playerF0	25	playerT0	0
bunaodhT0	1	bunaodhF0	0
enfantsT0	1	enfantsF0	0
faxF0	6	faxT0	0
psF2	1	psT2	0
revT2	2	revF2	0
transformationF0	2	transformationT0	0
springT0	1	springF0	0
hatF2	896	hatT2	0
bypT4	1	bypF4	0
guyT4	2	guyF4	0
nzoT2	3	nzoF2	0
expandedT0	7	expandedF0	0
grtisT0	1	grtisF0	0
liT2	5	liF2	0
portsmouthT0	1	portsmouthF0	0
forgetF0	15	forgetT0	0
sizeT0	11	sizeF0	0
luiginoT0	1	luiginoF0	0
ddoT4	1	ddoF4	0
tahF2	1	tahT2	0
advF4	114	advT4	0
outreachT0	1	outreachF0	0
innF4	16	innT4	0
biographiesF0	2	biographiesT0	0
offeringsF0	4	offeringsT0	0
esyF2	3	esyT2	0
swellingF0	2	swellingT0	0
engineershqT0	1	engineershqF0	0
scaryduckT0	1	scaryduckF0	0
metroF0	1	metroT0	0
normalT0	7	normalF0	0
twelveF0	5	twelveT0	0
stolenF0	1	stolenT0	0
nallT0	1	nallF0	0
hoosingF0	1	hoosingT0	0
wasT4	21	wasF4	0
hennepinT0	1	hennepinF0	0
seadepartureT0	1	seadepartureF0	0
autocadT0	19	autocadF0	0
wareT0	1	wareF0	0
scottF0	1	scottT0	0
gateusT0	1	gateusF0	0
samT4	8	samF4	0
grandparentsF0	1	grandparentsT0	0
patF4	54	patT4	0
treatiesF0	2	treatiesT0	0
abT0	3	abF0	0
mustF0	110	mustT0	0
deingF0	2	deingT0	0
breakingF0	6	breakingT0	0
lordT0	7	lordF0	0
wereF0	97	wereT0	0
honF4	23	honT4	0
articesF0	2	articesT0	0
riF0	2	riT0	0
nidsanF0	1	nidsanT0	0
urheberrechtshinweisauthorsT0	2	urheberrechtshinweisauthorsF0	0
elicitedF0	2	elicitedT0	0
rtriskT0	1	rtriskF0	0
mailingT0	1	mailingF0	0
commentaryT0	1	commentaryF0	0
frameT0	1	frameF0	0
gilpinT0	1	gilpinF0	0
penT2	9	penF2	0
paperbackT0	1	paperbackF0	0
diT0	7	diF0	0
recognitionT0	1	recognitionF0	0
questionsF0	37	questionsT0	0
rightbaltimaidT0	1	rightbaltimaidF0	0
storeF0	6	storeT0	0
opportunityF0	22	opportunityT0	0
tourismT0	145	tourismF0	0
tobF4	1	tobT4	0
prepaidT0	1	prepaidF0	0
variationF0	10	variationT0	0
dhangeF0	1	dhangeT0	0
preferredF0	1	preferredT0	0
jacksonT0	3	jacksonF0	0
parT2	3	parF2	0
labT2	2	labF2	0
geT1	298	geF1	0
meoT4	3	meoF4	0
comentriosF0	2	comentriosT0	0
gasT0	4	gasF0	0
ronT0	1	ronF0	0
hawkF0	3	hawkT0	0
tzF1	5	tzT1	0
nstT4	1	nstF4	0
hedF4	4	hedT4	0
aamT2	2	aamF2	0
exhF4	29	exhT4	0
tydskrifteT0	2	tydskrifteF0	0
briefingsF0	2	briefingsT0	0
detectT0	1	detectF0	0
illustrationsF0	1	illustrationsT0	0
lotF4	50	lotT4	0
umiT4	1	umiF4	0
irritarF0	1	irritarT0	0
spF2	1	spT2	0
gamblingF0	1	gamblingT0	0
egaT4	1	egaF4	0
gowT2	6	gowF2	0
wesleyT0	2	wesleyF0	0
suppliersT0	42	suppliersF0	0
titF2	2	titT2	0
dividendT0	1	dividendF0	0
runningT0	1	runningF0	0
eftF0	2	eftT0	0
calculatesF0	1	calculatesT0	0
stealthT0	1	stealthF0	0
awF3	67	awT3	0
nutT2	2	nutF2	0
soF3	615	soT3	0
gyT1	29	gyF1	0
backwardF0	1	backwardT0	0
walkT0	7	walkF0	0
wysF4	2	wysT4	0
nalF4	1	nalT4	0
axumT0	1	axumF0	0
copiandoF0	1	copiandoT0	0
puzzlingF0	1	puzzlingT0	0
nearbyF0	5	nearbyT0	0
strongestF0	1	strongestT0	0
consumerbestirT0	1	consumerbestirF0	0
hanT4	42	hanF4	0
cbF2	1	cbT2	0
inscribedF0	3	inscribedT0	0
joseT0	3	joseF0	0
pufT4	1	pufF4	0
fabricT0	2	fabricF0	0
stoneT0	11	stoneF0	0
fillionT0	1	fillionF0	0
cdF0	6	cdT0	0
ceanF0	1	ceanT0	0
vieniT0	1	vieniF0	0
archdukeT0	1	archdukeF0	0
birF2	1	birT2	0
icoF4	2	icoT4	0
criticismF0	3	criticismT0	0
kariT0	3	kariF0	0
stockingsT0	1	stockingsF0	0
gasF4	2	gasT4	0
hynF4	7	hynT4	0
economieT0	1	economieF0	0
hoursT0	2	hoursF0	0
sharedF0	3	sharedT0	0
tapT0	1	tapF0	0
milleF0	1	milleT0	0
surgesT0	1	surgesF0	0
listingsT0	3	listingsF0	0
airlineticketsF0	1	airlineticketsT0	0
symF4	13	symT4	0
bonusF0	11	bonusT0	0
renownT0	1	renownF0	0
sheetF0	2	sheetT0	0
automaticalyF0	1	automaticalyT0	0
mmF1	5	mmT1	0
russianT0	2	russianF0	0
themeT0	2	themeF0	0
atlasesT0	1	atlasesF0	0
determineF0	2	determineT0	0
cougarT0	2	cougarF0	0
suppiesF0	2	suppiesT0	0
gardnerF0	1	gardnerT0	0
aktualnoT0	2	aktualnoF0	0
iewF4	1	iewT4	0
onloadF0	1	onloadT0	0
seaT2	38	seaF2	0
emsF4	3	emsT4	0
writerF0	4	writerT0	0
radicayF0	1	radicayT0	0
dhT1	1	dhF1	0
botT0	1	botF0	0
injuredF0	3	injuredT0	0
cdpT4	1	cdpF4	0
syF3	100	syT3	0
yayF0	1	yayT0	0
firmwareT0	1	firmwareF0	0
casT4	36	casF4	0
botF4	56	botT4	0
dimerF0	1	dimerT0	0
emsT0	5	emsF0	0
aimT4	1	aimF4	0
magF0	1	magT0	0
swT1	7	swF1	0
mmaF4	2	mmaT4	0
siteF0	209	siteT0	0
friezeF0	1	friezeT0	0
lloF2	7	lloT2	0
birdingF0	9	birdingT0	0
melhoresF0	3	melhoresT0	0
aestheticsF0	2	aestheticsT0	0
ptsT2	53	ptsF2	0
ceoT4	3	ceoF4	0
vaccinationF0	1	vaccinationT0	0
finallyF0	14	finallyT0	0
poetsT0	1	poetsF0	0
manyF0	117	manyT0	0
bmtT2	3	bmtF2	0
mankatoF0	2	mankatoT0	0
seiT4	2	seiF4	0
smuT4	2	smuF4	0
abroadF0	3	abroadT0	0
consideringT0	1	consideringF0	0
cecilyF0	1	cecilyT0	0
helpingT0	3	helpingF0	0
inksF0	3	inksT0	0
appreciationF0	1	appreciationT0	0
changingT0	1	changingF0	0
ceiF4	2	ceiT4	0
crookedF0	1	crookedT0	0
deckF0	2	deckT0	0
parseF0	1	parseT0	0
soitF0	2	soitT0	0
artakF0	1	artakT0	0
nezT2	1	nezF2	0
objF4	8	objT4	0
zdT3	1	zdF3	0
bourbonF0	1	bourbonT0	0
cmF1	3	cmT1	0
standardizationT0	3	standardizationF0	0
ctT0	3	ctF0	0
ripT4	3	ripF4	0
axF2	1	axT2	0
phiT4	15	phiF4	0
couldnF0	6	couldnT0	0
campioanaF0	1	campioanaT0	0
darknessF0	1	darknessT0	0
droF4	22	droT4	0
trembleF0	1	trembleT0	0
bishopF0	1	bishopT0	0
throughT0	3	throughF0	0
bliantilF0	1	bliantilT0	0
valT2	12	valF2	0
rightlinksT0	1	rightlinksF0	0
erfF2	3	erfT2	0
resetF0	1	resetT0	0
vvF3	1	vvT3	0
endeavourF0	1	endeavourT0	0
bidT2	1	bidF2	0
ivT2	1	ivF2	0
weeksF0	20	weeksT0	0
ecaF2	1	ecaT2	0
oiaT2	1	oiaF2	0
ornT0	1	ornF0	0
sentraF0	1	sentraT0	0
rshT2	2	rshF2	0
ameF2	350	ameT2	0
noblesF0	2	noblesT0	0
mucF4	99	mucT4	0
craigalistF0	1	craigalistT0	0
flipF0	1	flipT0	0
privilegeF0	1	privilegeT0	0
tenemosF0	3	tenemosT0	0
cutsF0	1	cutsT0	0
ouoF0	1	ouoT0	0
rappelleF0	2	rappelleT0	0
forosT0	1	forosF0	0
creativeF0	13	creativeT0	0
mucT0	1	mucF0	0
kayF4	6	kayT4	0
facilitiesF0	17	facilitiesT0	0
ockF2	57	ockT2	0
sheaF0	1	sheaT0	0
markF0	9	markT0	0
everyoneT0	1	everyoneF0	0
chairF0	4	chairT0	0
effectiveT0	1	effectiveF0	0
tuT2	1	tuF2	0
daysT0	4	daysF0	0
atlT4	10	atlF4	0
boughtF0	4	boughtT0	0
mioT0	1	mioF0	0
shopsF0	9	shopsT0	0
oltF4	1	oltT4	0
dictiT0	1	dictiF0	0
incudingF0	4	incudingT0	0
nullT0	1	nullF0	0
divesF0	5	divesT0	0
veilleT0	1	veilleF0	0
asyT2	2	asyF2	0
whT2	2	whF2	0
cocktailsF0	1	cocktailsT0	0
wseF4	1	wseT4	0
silvaT0	5	silvaF0	0
kblT2	1	kblF2	0
jazF4	1	jazT4	0
notF2	341	notT2	0
wvF2	1	wvT2	0
bissaumapT0	1	bissaumapF0	0
orrF0	1	orrT0	0
readyT0	1	readyF0	0
catholicT0	1	catholicF0	0
dreggmanT0	1	dreggmanF0	0
micT2	16	micF2	0
templatesT0	18	templatesF0	0
bbF3	5	bbT3	0
discriminationT0	1	discriminationF0	0
ggaT2	1	ggaF2	0
advertiseF0	1	advertiseT0	0
nuceF0	1	nuceT0	0
inexorableF0	1	inexorableT0	0
originsT0	1	originsF0	0
enrF4	3	enrT4	0
repitoF0	1	repitoT0	0
iusF2	3	iusT2	0
guildT0	2	guildF0	0
garifunaT0	2	garifunaF0	0
reductionF0	4	reductionT0	0
appointF0	1	appointT0	0
llaT2	12	llaF2	0
beingT0	5	beingF0	0
flexibleT0	1	flexibleF0	0
jewelleryF0	1	jewelleryT0	0
hidF0	1	hidT0	0
suchactionF0	1	suchactionT0	0
feelsF0	3	feelsT0	0
xtF3	3	xtT3	0
wowF0	139	wowT0	0
eprF2	1	eprT2	0
sfF2	1	sfT2	0
oflT4	1	oflF4	0
regionsF0	4	regionsT0	0
passportsT0	1	passportsF0	0
truncationF0	1	truncationT0	0
eqT1	2	eqF1	0
hourlyF0	1	hourlyT0	0
wyeT4	1	wyeF4	0
exporterT0	1	exporterF0	0
belizeT0	482	belizeF0	0
bdaF4	1	bdaT4	0
googleT0	8	googleF0	0
farsiT0	1	farsiF0	0
idT0	10	idF0	0
thesearchF0	1	thesearchT0	0
mapsreasonablyT0	1	mapsreasonablyF0	0
clinicsF0	2	clinicsT0	0
skT3	12	skF3	0
umeF2	8	umeT2	0
etrT4	1	etrF4	0
addF2	28	addT2	0
updateF0	15	updateT0	0
usaF0	4	usaT0	0
hncT2	5	hncF2	0
orderedF0	1	orderedT0	0
unusuaF0	1	unusuaT0	0
pauloT0	1	pauloF0	0
brothersF0	5	brothersT0	0
sustainabilityT0	2	sustainabilityF0	0
rantF0	2	rantT0	0
bbmF4	1	bbmT4	0
hotT4	6	hotF4	0
uyF1	41	uyT1	0
tixT4	1	tixF4	0
dpsF2	1	dpsT2	0
rearrangementF0	1	rearrangementT0	0
deviantF0	2	deviantT0	0
monitoredF0	1	monitoredT0	0
existingT0	1	existingF0	0
couldT0	1	couldF0	0
higherF0	7	higherT0	0
breanneT0	1	breanneF0	0
bgrF4	1	bgrT4	0
pamperingF0	1	pamperingT0	0
podcastsT0	2	podcastsF0	0
kenmoreF0	1	kenmoreT0	0
georgevilleT0	1	georgevilleF0	0
ndaF2	15	ndaT2	0
collapseT0	1	collapseF0	0
dulF4	2	dulT4	0
medallionF0	1	medallionT0	0
drummingF0	2	drummingT0	0
utfT0	1	utfF0	0
bulT2	3	bulF2	0
gazetteerF0	1	gazetteerT0	0
hometownT0	1	hometownF0	0
troT4	4	troF4	0
electronicsF0	1	electronicsT0	0
aosT2	1	aosF2	0
msnbcF0	1	msnbcT0	0
shootingF0	4	shootingT0	0
shootF0	4	shootT0	0
mejorF0	4	mejorT0	0
hatersF0	1	hatersT0	0
detestadoF0	1	detestadoT0	0
proceedsF0	1	proceedsT0	0
cusT4	26	cusF4	0
statementcoversF0	1	statementcoversT0	0
daF2	25	daT2	0
avoidF0	12	avoidT0	0
damnedT0	1	damnedF0	0
awkT2	2	awkF2	0
lettingT0	1	lettingF0	0
pinataF0	1	pinataT0	0
dtF3	2	dtT3	0
wellnessT0	1	wellnessF0	0
enossalF0	1	enossalT0	0
scheduleF0	3	scheduleT0	0
goeF4	4	goeT4	0
claimedF0	2	claimedT0	0
eeT3	4	eeF3	0
breT2	1	breF2	0
haydenT0	1	haydenF0	0
crucialF0	1	crucialT0	0
ptaF4	1	ptaT4	0
civilT0	11	civilF0	0
choiceF0	16	choiceT0	0
redskinsT0	1	redskinsF0	0
wtbT2	1	wtbF2	0
ltT1	45	ltF1	0
territorialF0	2	territorialT0	0
gtF0	95	gtT0	0
diariesT0	1	diariesF0	0
cioT0	2	cioF0	0
curveF0	3	curveT0	0
organizaT0	1	organizaF0	0
cleanT0	3	cleanF0	0
upF0	182	upT0	0
theT4	1144	theF4	0
divisionT0	7	divisionF0	0
trustworthyF0	2	trustworthyT0	0
peerageF0	1	peerageT0	0
globalF0	13	globalT0	0
zulF2	1	zulT2	0
ademF0	1	ademT0	0
rveT2	6	rveF2	0
cagaryT0	1	cagaryF0	0
abbrF0	1	abbrT0	0
yemT4	4	yemF4	0
mkF3	3	mkT3	0
behaveF0	1	behaveT0	0
jqlnF0	4	jqlnT0	0
bedF0	9	bedT0	0
davilaT0	1	davilaF0	0
memF0	1	memT0	0
derF4	11	derT4	0
parksT0	10	parksF0	0
miaT4	1	miaF4	0
hlT3	1	hlF3	0
nipF2	1	nipT2	0
twitchT0	1	twitchF0	0
bleF2	471	bleT2	0
phonesT0	1	phonesF0	0
averyF0	1	averyT0	0
lesbianreadyT0	1	lesbianreadyF0	0
narT4	1	narF4	0
ancheF0	1	ancheT0	0
modernT0	2	modernF0	0
cookiesF0	17	cookiesT0	0
fargoF0	14	fargoT0	0
acF3	430	acT3	0
omiF4	1	omiT4	0
informF0	1	informT0	0
sleepF0	1	sleepT0	0
visionsF0	2	visionsT0	0
tenF2	72	tenT2	0
pipingF0	2	pipingT0	0
injT4	1	injF4	0
vadF4	1	vadT4	0
frontT0	6	frontF0	0
crusadeT0	1	crusadeF0	0
ciaT4	4	ciaF4	0
powerlevelingF0	2	powerlevelingT0	0
arrF4	64	arrT4	0
saT3	194	saF3	0
membraneT0	3	membraneF0	0
mckF4	1	mckT4	0
tubT4	4	tubF4	0
mirageT0	2	mirageF0	0
clearF0	16	clearT0	0
ioF3	3	ioT3	0
windowsF0	13	windowsT0	0
manifestT0	1	manifestF0	0
lovF2	2	lovT2	0
catsF0	1	catsT0	0
connecticutT0	2	connecticutF0	0
isaF2	13	isaT2	0
smugglersF0	1	smugglersT0	0
mgmT4	1	mgmF4	0
sinkF0	1	sinkT0	0
painsF0	1	painsT0	0
allT2	221	allF2	0
wondermentF0	1	wondermentT0	0
henrysaturdayT0	1	henrysaturdayF0	0
deleteF0	6	deleteT0	0
iftT2	3	iftF2	0
replicatedF0	1	replicatedT0	0
indicesT0	52	indicesF0	0
draenorT0	1	draenorF0	0
legsF0	5	legsT0	0
darksideF0	1	darksideT0	0
tvT1	20	tvF1	0
quietlyF0	1	quietlyT0	0
revolutionT0	3	revolutionF0	0
lofT4	1	lofF4	0
storedT0	1	storedF0	0
agitateT0	1	agitateF0	0
unbF4	6	unbT4	0
nanF2	2	nanT2	0
julT4	41	julF4	0
bhsF2	1	bhsT2	0
istoF0	2	istoT0	0
idealT0	2	idealF0	0
greeceF0	1	greeceT0	0
necessitiesF0	1	necessitiesT0	0
usmT4	4	usmF4	0
separatedF0	1	separatedT0	0
stalagtitesF0	1	stalagtitesT0	0
radyoT0	1	radyoF0	0
migF2	1	migT2	0
nowanT0	1	nowanF0	0
derT0	1	derF0	0
economistT0	2	economistF0	0
cuF3	212	cuT3	0
setsF0	3	setsT0	0
ckyF2	7	ckyT2	0
brokeF0	3	brokeT0	0
mooT4	13	mooF4	0
silentT0	1	silentF0	0
diningF0	3	diningT0	0
buoyF0	4	buoyT0	0
sT0	114	sF0	0
alaskaopenT0	1	alaskaopenF0	0
debreceniT0	1	debreceniF0	0
livingF0	16	livingT0	0
adamT0	2	adamF0	0
ofbT4	1	ofbF4	0
demandF0	5	demandT0	0
ppT1	5	ppF1	0
wheelF0	6	wheelT0	0
sundaysT0	2	sundaysF0	0
blyF2	27	blyT2	0
justiceT0	4	justiceF0	0
conservativeF0	1	conservativeT0	0
crashesF0	2	crashesT0	0
igaF4	1	igaT4	0
accT0	1	accF0	0
listenT0	2	listenF0	0
hoT0	1	hoF0	0
vehiclesF0	6	vehiclesT0	0
xofT2	20	xofF2	0
dancerF0	1	dancerT0	0
prF3	1421	prT3	0
detainingF0	1	detainingT0	0
taxT2	3	taxF2	0
draT4	20	draF4	0
subjectsF0	3	subjectsT0	0
livT4	25	livF4	0
vidT2	2	vidF2	0
viT2	1	viF2	0
gusF4	1	gusT4	0
tadT2	2	tadF2	0
evandaT0	2	evandaF0	0
bubT2	1	bubF2	0
refundsF0	1	refundsT0	0
wizardF0	2	wizardT0	0
evtF4	1	evtT4	0
aphT2	2	aphF2	0
coatingF0	1	coatingT0	0
bojF4	1	bojT4	0
notificationT0	1	notificationF0	0
horseF0	3	horseT0	0
enchantingF0	1	enchantingT0	0
tientsF0	2	tientsT0	0
userscontinueF0	1	userscontinueT0	0
evaluationsF0	1	evaluationsT0	0
byF0	1203	byT0	0
deskT0	1	deskF0	0
indienF0	1	indienT0	0
gentleF0	2	gentleT0	0
quiF4	65	quiT4	0
uptF4	2	uptT4	0
noseF0	2	noseT0	0
arawF0	2	arawT0	0
icaT4	3	icaF4	0
washingtT0	1	washingtF0	0
bekaT0	1	bekaF0	0
turF2	1	turT2	0
ngingF0	1	ngingT0	0
bifF4	2	bifT4	0
whpT0	2	whpF0	0
printersF0	1	printersT0	0
pyrightF0	3	pyrightT0	0
customersF0	11	customersT0	0
xtoF2	1	xtoT2	0
verT2	118	verF2	0
swampsF0	1	swampsT0	0
huileF0	1	huileT0	0
danF2	6	danT2	0
saoT2	4	saoF2	0
summerT0	4	summerF0	0
coaF2	1	coaT2	0
supplyT0	4	supplyF0	0
ldsT2	8	ldsF2	0
instructionalT0	1	instructionalF0	0
slinkingF0	1	slinkingT0	0
bunF4	12	bunT4	0
srbF2	1	srbT2	0
accF4	220	accT4	0
ordersF0	8	ordersT0	0
privilegedF0	1	privilegedT0	0
oamF2	5	oamT2	0
vejF4	1	vejT4	0
meterF0	2	meterT0	0
secT0	7	secF0	0
bbsT4	6	bbsF4	0
wideF0	27	wideT0	0
provisionF0	1	provisionT0	0
findF0	82	findT0	0
thoT4	21	thoF4	0
irlF2	8	irlT2	0
comlogT0	5	comlogF0	0
forcedF0	1	forcedT0	0
biologyF0	1	biologyT0	0
waF3	1015	waT3	0
moiF4	11	moiT4	0
pantechT0	1	pantechF0	0
andrichT0	1	andrichF0	0
epochF0	1	epochT0	0
kuboT0	5	kuboF0	0
juvenilesF0	1	juvenilesT0	0
manufacturerT0	3	manufacturerF0	0
dyingF0	1	dyingT0	0
farmsF0	2	farmsT0	0
properlyF0	4	properlyT0	0
teevisiF0	1	teevisiT0	0
ovedlandF0	1	ovedlandT0	0
mmuF4	4	mmuT4	0
vnyF0	2	vnyT0	0
studentT0	1	studentF0	0
jadT2	1	jadF2	0
mwF1	17	mwT1	0
toastF0	2	toastT0	0
fasterT0	2	fasterF0	0
kneelingF0	1	kneelingT0	0
pissingF0	1	pissingT0	0
spiqueF0	1	spiqueT0	0
babakT0	1	babakF0	0
sinnamonF0	7	sinnamonT0	0
describeanyF0	1	describeanyT0	0
dyslexicF0	1	dyslexicT0	0
vetF4	4	vetT4	0
absentF0	1	absentT0	0
lunF4	5	lunT4	0
duringT0	14	duringF0	0
ssaF2	9	ssaT2	0
jpgT4	4	jpgF4	0
completedT0	2	completedF0	0
flounderF0	1	flounderT0	0
netF2	44	netT2	0
programsT0	6	programsF0	0
wwwF2	55	wwwT2	0
visaF0	9	visaT0	0
vivT4	1	vivF4	0
orlandoT0	1	orlandoF0	0
surgeryF0	17	surgeryT0	0
jonesF0	2	jonesT0	0
pierreF0	2	pierreT0	0
funF0	52	funT0	0
flickrT0	2	flickrF0	0
seasonT0	2	seasonF0	0
erbT2	1	erbF2	0
mrT2	6	mrF2	0
muzycznyF0	1	muzycznyT0	0
plaF2	2	plaT2	0
ebolaT0	1	ebolaF0	0
srF0	1	srT0	0
storyF0	36	storyT0	0
spectacularT0	1	spectacularF0	0
reappearsF0	1	reappearsT0	0
reefsT0	1	reefsF0	0
zenT2	2	zenF2	0
svT2	1	svF2	0
seismologyF0	1	seismologyT0	0
xcelentF0	1	xcelentT0	0
roofedF0	1	roofedT0	0
virtualT0	4	virtualF0	0
raisingF0	5	raisingT0	0
secF4	169	secT4	0
badlandsF0	1	badlandsT0	0
ociF4	1	ociT4	0
scientificF0	7	scientificT0	0
hithertoF0	1	hithertoT0	0
vegetableF0	2	vegetableT0	0
emeT4	12	emeF4	0
unemploymentT0	1	unemploymentF0	0
gthT2	81	gthF2	0
nehF4	1	nehT4	0
treatmentandT0	1	treatmentandF0	0
jinT4	2	jinF4	0
balitaF0	4	balitaT0	0
collectbleF0	1	collectbleT0	0
eeeT2	1	eeeF2	0
completeF0	36	completeT0	0
regardF0	3	regardT0	0
yyyT2	2	yyyF2	0
elfT4	1	elfF4	0
mesdamesF0	2	mesdamesT0	0
equallyF0	2	equallyT0	0
emmanueeT0	1	emmanueeF0	0
groundT0	2	groundF0	0
quelquesF0	4	quelquesT0	0
eceT4	1	eceF4	0
pyzF4	1	pyzT4	0
connectionsF0	11	connectionsT0	0
pariahT0	2	pariahF0	0
perilousT0	1	perilousF0	0
studdedF0	1	studdedT0	0
oftF0	1	oftT0	0
clamT0	1	clamF0	0
ccaF4	1	ccaT4	0
termsF0	14	termsT0	0
vacationF0	7	vacationT0	0
cialisF0	1	cialisT0	0
abraoT0	1	abraoF0	0
passengerswithT0	1	passengerswithF0	0
untT2	21	untF2	0
crdxT0	1	crdxF0	0
guaF2	2	guaT2	0
humboldtF0	1	humboldtT0	0
marcosT0	1	marcosF0	0
dinF4	15	dinT4	0
adventuresT0	3	adventuresF0	0
geoF4	15	geoT4	0
egeF4	5	egeT4	0
egyptmapT0	1	egyptmapF0	0
hlyT2	2	hlyF2	0
rpF3	2	rpT3	0
technologieT0	1	technologieF0	0
fabF2	1	fabT2	0
shouldT0	3	shouldF0	0
wallpapersF0	1	wallpapersT0	0
appearingF0	10	appearingT0	0
organicF0	2	organicT0	0
hadT4	8	hadF4	0
hopF2	16	hopT2	0
concreteF0	11	concreteT0	0
envF0	1	envT0	0
uaT1	6	uaF1	0
forumT0	7	forumF0	0
grabsF0	1	grabsT0	0
dryT0	2	dryF0	0
traierF0	1	traierT0	0
similarT0	15	similarF0	0
acessoriesF0	1	acessoriesT0	0
glazziesF0	1	glazziesT0	0
durT4	16	durF4	0
iuT3	1	iuF3	0
orT0	43	orF0	0
pharmacyF0	1	pharmacyT0	0
belizebelizeanT0	1	belizebelizeanF0	0
priT4	123	priF4	0
tattooT0	1	tattooF0	0
behaviourF0	2	behaviourT0	0
sectionF0	9	sectionT0	0
banksT0	1	banksF0	0
tszT2	1	tszF2	0
apartmentsT0	1	apartmentsF0	0
hipT4	3	hipF4	0
securitytoT0	1	securitytoF0	0
beestF0	1	beestT0	0
plaquesF0	1	plaquesT0	0
portT0	13	portF0	0
antT2	41	antF2	0
reT0	12	reF0	0
imageF0	22	imageT0	0
modaF0	1	modaT0	0
israeliT0	2	israeliF0	0
tbT1	2	tbF1	0
ttoT2	3	ttoF2	0
ifF2	210	ifT2	0
dubF4	1	dubT4	0
pavementsF0	2	pavementsT0	0
tasteF0	4	tasteT0	0
anF2	381	anT2	0
pedT2	3	pedF2	0
latviaT0	1	latviaF0	0
fnuF0	1	fnuT0	0
preF2	15	preT2	0
cosF4	33	cosT4	0
lvoF2	1	lvoT2	0
ctimaiF0	1	ctimaiT0	0
exercisesF0	1	exercisesT0	0
ameiiT0	2	ameiiF0	0
wesF4	15	wesT4	0
ayF1	583	ayT1	0
middleF0	2	middleT0	0
jeF2	35	jeT2	0
athF2	60	athT2	0
besoldT0	1	besoldF0	0
feltF0	13	feltT0	0
balT2	29	balF2	0
settlementwhyT0	1	settlementwhyF0	0
yskT2	2	yskF2	0
tempestsF0	1	tempestsT0	0
ooT3	2	ooF3	0
eseF2	134	eseT2	0
sadoT0	1	sadoF0	0
imoT0	1	imoF0	0
rtaF2	1	rtaT2	0
akT1	38	akF1	0
partialF0	1	partialT0	0
decidingT0	2	decidingF0	0
wF0	51	wT0	0
codaF0	1	codaT0	0
tagsT0	4	tagsF0	0
fodrF0	1	fodrT0	0
prayerF0	1	prayerT0	0
existF0	6	existT0	0
wowserverslistT0	1	wowserverslistF0	0
discographyF0	1	discographyT0	0
weverF0	1	weverT0	0
sagF4	1	sagT4	0
gianbattistaT0	1	gianbattistaF0	0
iceF4	15	iceT4	0
utsetF0	1	utsetT0	0
employeesF0	8	employeesT0	0
wrayT0	1	wrayF0	0
licensedT0	2	licensedF0	0
befT4	11	befF4	0
exploredF0	2	exploredT0	0
dryF4	6	dryT4	0
jcT0	1	jcF0	0
recipesT0	1	recipesF0	0
symbolizingF0	1	symbolizingT0	0
polyesterT0	1	polyesterF0	0
planesF0	3	planesT0	0
emiliaF0	1	emiliaT0	0
teleportF0	1	teleportT0	0
yesF2	41	yesT2	0
fedT2	1	fedF2	0
mmorgpsT0	2	mmorgpsF0	0
disguiseF0	1	disguiseT0	0
componentF0	4	componentT0	0
sewT0	1	sewF0	0
aldF4	1	aldT4	0
closetheF0	1	closetheT0	0
arerequiredF0	1	arerequiredT0	0
acyF2	33	acyT2	0
hiringF0	3	hiringT0	0
riginF0	1	riginT0	0
javascriptF0	3	javascriptT0	0
epirotT0	1	epirotF0	0
dubT0	2	dubF0	0
oraircraftF0	2	oraircraftT0	0
sisF4	7	sisT4	0
overlandT0	55	overlandF0	0
wnF0	12	wnT0	0
twT0	1	twF0	0
telF4	58	telT4	0
pillT0	1	pillF0	0
integrityF0	10	integrityT0	0
growF0	3	growT0	0
registrarT0	1	registrarF0	0
relT2	7	relF2	0
outerF0	2	outerT0	0
nurT4	3	nurF4	0
leF0	17	leT0	0
criticalF0	7	criticalT0	0
oakF4	2	oakT4	0
possibilityF0	1	possibilityT0	0
radioF0	11	radioT0	0
signT0	15	signF0	0
rodF4	4	rodT4	0
rapT2	5	rapF2	0
reerguerF0	1	reerguerT0	0
communityT0	22	communityF0	0
gisT2	6	gisF2	0
strF4	171	strT4	0
botswanaT0	1	botswanaF0	0
meessF0	1	meessT0	0
extF2	74	extT2	0
sailfishF0	2	sailfishT0	0
packingF0	2	packingT0	0
strawberriesF0	1	strawberriesT0	0
croatiaT0	1	croatiaF0	0
urlF0	3	urlT0	0
oceansT0	1	oceansF0	0
enableF0	6	enableT0	0
homebrewF0	1	homebrewT0	0
lapF2	2	lapT2	0
awardT0	3	awardF0	0
curiosityF0	2	curiosityT0	0
panelsF0	2	panelsT0	0
mishapsF0	1	mishapsT0	0
jobF4	61	jobT4	0
aprilsT0	1	aprilsF0	0
cardsT0	1	cardsF0	0
itresT0	1	itresF0	0
revelsF0	1	revelsT0	0
blamedF0	1	blamedT0	0
mieT0	1	mieF0	0
fhiosrachF0	1	fhiosrachT0	0
xucroF0	1	xucroT0	0
javT4	35	javF4	0
mieF4	5	mieT4	0
yllF2	1	yllT2	0
nknF2	1	nknT2	0
osbornT0	1	osbornF0	0
weberF0	1	weberT0	0
ditT4	1	ditF4	0
ommissionsF0	1	ommissionsT0	0
iasF2	9	iasT2	0
oasesF0	1	oasesT0	0
detailF0	5	detailT0	0
functionsF0	11	functionsT0	0
taskF0	1	taskT0	0
seeF2	121	seeT2	0
henF4	3	henT4	0
personallyidentifiableF0	1	personallyidentifiableT0	0
nitT4	2	nitF4	0
ahoolF0	1	ahoolT0	0
kkiF0	1	kkiT0	0
kieT2	10	kieF2	0
aurobindoT0	1	aurobindoF0	0
ninF4	22	ninT4	0
protectionuponT0	1	protectionuponF0	0
zzT1	1	zzF1	0
pickT0	2	pickF0	0
owwF0	1	owwT0	0
dorF4	1	dorT4	0
nulF4	8	nulT4	0
hhF1	1	hhT1	0
rviersideF0	1	rviersideT0	0
gaiF4	22	gaiT4	0
originalT0	5	originalF0	0
notionF0	3	notionT0	0
igcF2	1	igcT2	0
seF3	1304	seT3	0
fewerF0	1	fewerT0	0
ashamedF0	3	ashamedT0	0
rdeF4	6	rdeT4	0
mawF4	1	mawT4	0
vacaT0	1	vacaF0	0
bluffT0	1	bluffF0	0
lirF2	1	lirT2	0
ariaT0	1	ariaF0	0
vsnT2	1	vsnF2	0
interfazF0	1	interfazT0	0
paF0	3	paT0	0
iowF4	1	iowT4	0
factorF0	1	factorT0	0
motorF0	1	motorT0	0
friendifT0	1	friendifF0	0
effectF0	9	effectT0	0
herF0	129	herT0	0
serverF0	37	serverT0	0
votingT0	15	votingF0	0
egressF0	1	egressT0	0
igsT2	12	igsF2	0
svtF0	1	svtT0	0
issF4	45	issT4	0
aplF2	1	aplT2	0
kokF4	1	kokT4	0
mysteryF0	2	mysteryT0	0
cwF1	1	cwT1	0
woodT0	2	woodF0	0
finishingF0	2	finishingT0	0
uceF2	10	uceT2	0
bombsF0	2	bombsT0	0
cxF0	1	cxT0	0
japF4	9	japT4	0
ebrT2	1	ebrF2	0
planF0	27	planT0	0
legacyT0	1	legacyF0	0
exemplosF0	1	exemplosT0	0
qualityF0	16	qualityT0	0
projectionF0	1	projectionT0	0
agamiF0	3	agamiT0	0
kitsT0	1	kitsF0	0
usT3	164	usF3	0
faF0	3	faT0	0
familiarizeF0	2	familiarizeT0	0
pastelT0	1	pastelF0	0
msT1	86	msF1	0
authenticF0	1	authenticT0	0
responseF0	6	responseT0	0
castingF0	1	castingT0	0
uncomfortableF0	1	uncomfortableT0	0
optF0	15	optT0	0
stupidT0	2	stupidF0	0
compreensvelF0	1	compreensvelT0	0
fitT2	1	fitF2	0
toF2	3046	toT2	0
givenF0	17	givenT0	0
originationF0	1	originationT0	0
guineaT0	7	guineaF0	0
planningT0	4	planningF0	0
therebyF0	2	therebyT0	0
debateT0	1	debateF0	0
restaurantF0	5	restaurantT0	0
dalF4	3	dalT4	0
lodgedF0	1	lodgedT0	0
rinF0	1	rinT0	0
abrF0	1	abrT0	0
votF4	23	votT4	0
aggregateT0	1	aggregateF0	0
honestF0	3	honestT0	0
galaxieT0	4	galaxieF0	0
itselfF0	5	itselfT0	0
erlT2	1	erlF2	0
trouveF0	2	trouveT0	0
iguF4	1	iguT4	0
tuesdayT0	4	tuesdayF0	0
iekT2	1	iekF2	0
lodgeF0	3	lodgeT0	0
oseF2	143	oseT2	0
velF2	69	velT2	0
onhistoryT0	1	onhistoryF0	0
ehT0	22	ehF0	0
ublT2	2	ublF2	0
tlT1	10	tlF1	0
csT1	87	csF1	0
waiT4	6	waiF4	0
emailriddlerarrayF0	2	emailriddlerarrayT0	0
expT2	4	expF2	0
climbF0	1	climbT0	0
ashlandF0	1	ashlandT0	0
amyF2	3	amyT2	0
obtainF0	8	obtainT0	0
rumpsF0	1	rumpsT0	0
recipientF0	13	recipientT0	0
macedoniaT0	3	macedoniaF0	0
extractionT0	1	extractionF0	0
indieT0	1	indieF0	0
structuredT0	1	structuredF0	0
howtoT0	1	howtoF0	0
momF0	1	momT0	0
issuerF0	1	issuerT0	0
tnaT2	1	tnaF2	0
geometricF0	1	geometricT0	0
managerialF0	1	managerialT0	0
ceuF2	1	ceuT2	0
dfT3	2	dfF3	0
printabeT0	1	printabeF0	0
caF3	1230	caT3	0
chaqueF0	2	chaqueT0	0
devF0	8	devT0	0
catalogT0	8	catalogF0	0
boldF0	3	boldT0	0
emergencyF0	4	emergencyT0	0
ccF1	1	ccT1	0
rubF0	1	rubT0	0
oesF2	57	oesT2	0
yzT2	1	yzF2	0
vdF1	3	vdT1	0
blgylyrT0	1	blgylyrF0	0
uoF1	45	uoT1	0
potF0	4	potT0	0
plairaF0	1	plairaT0	0
aweF2	1	aweT2	0
bringethF0	1	bringethT0	0
acaT2	6	acaF2	0
descontoF0	1	descontoT0	0
rinkoF0	1	rinkoT0	0
torT4	10	torF4	0
reinsuredF0	1	reinsuredT0	0
ehrlichT0	1	ehrlichF0	0
etlT0	1	etlF0	0
sidledF0	1	sidledT0	0
cameronF0	2	cameronT0	0
sibnamonF0	1	sibnamonT0	0
succeededT0	1	succeededF0	0
tpF1	28	tpT1	0
vorT2	3	vorF2	0
vtT1	5	vtF1	0
describedF0	9	describedT0	0
girsF0	3	girsT0	0
myeT4	2	myeF4	0
sitebestT0	1	sitebestF0	0
cinicaT0	1	cinicaF0	0
udvF4	1	udvT4	0
relativelyF0	2	relativelyT0	0
ornF4	1	ornT4	0
doingF0	33	doingT0	0
semF4	13	semT4	0
unloadF0	1	unloadT0	0
kuaT4	1	kuaF4	0
junT2	20	junF2	0
spyderF0	1	spyderT0	0
ccuF4	1	ccuT4	0
meetF0	45	meetT0	0
zedT2	11	zedF2	0
newellT0	1	newellF0	0
nothingF0	16	nothingT0	0
yasT2	2	yasF2	0
followingT0	4	followingF0	0
cluewebF0	3	cluewebT0	0
praisesF0	2	praisesT0	0
beltT0	1	beltF0	0
desertF0	3	desertT0	0
fezF4	1	fezT4	0
commitmentF0	4	commitmentT0	0
letT0	6	letF0	0
owiF4	3	owiT4	0
ffT1	27	ffF1	0
zpwT2	30	zpwF2	0
meaganF0	1	meaganT0	0
imgprefixF0	1	imgprefixT0	0
handlesT0	1	handlesF0	0
mauritaniamapT0	1	mauritaniamapF0	0
michigansT0	1	michigansF0	0
communicationsT0	3	communicationsF0	0
mexicobenqueT0	1	mexicobenqueF0	0
mortadelaF0	1	mortadelaT0	0
featherF0	1	featherT0	0
altT4	22	altF4	0
restrictedF0	4	restrictedT0	0
nbcF2	2	nbcT2	0
unmatchedF0	1	unmatchedT0	0
fuckingF0	2	fuckingT0	0
socF4	39	socT4	0
onesF0	11	onesT0	0
linnT0	1	linnF0	0
theresT0	1	theresF0	0
extinctF0	1	extinctT0	0
armedF0	1	armedT0	0
bpmF0	1	bpmT0	0
artistF0	6	artistT0	0
ladF4	13	ladT4	0
correctionsT0	1	correctionsF0	0
uteyF0	1	uteyT0	0
entF2	882	entT2	0
gatoF0	2	gatoT0	0
siverT0	2	siverF0	0
ntgF0	1	ntgT0	0
ingliseF0	1	ingliseT0	0
retainingF0	1	retainingT0	0
ntoF2	134	ntoT2	0
matriculatedF0	1	matriculatedT0	0
adobeT0	2	adobeF0	0
ligaT0	1	ligaF0	0
ywhatT0	1	ywhatF0	0
pmpT2	1	pmpF2	0
newtonianF0	1	newtonianT0	0
spesT0	1	spesF0	0
emailsF0	5	emailsT0	0
seoF2	1	seoT2	0
eyedT0	3	eyedF0	0
cumF4	1	cumT4	0
actionnariatT0	1	actionnariatF0	0
operatingF0	7	operatingT0	0
museumtheT0	1	museumtheF0	0
veF0	50	veT0	0
ikiF2	2	ikiT2	0
endT4	10	endF4	0
aftF4	83	aftT4	0
therF0	6	therT0	0
pglT2	6	pglF2	0
xrT1	1	xrF1	0
peacetimeF0	1	peacetimeT0	0
alT0	1	alF0	0
jamsF0	1	jamsT0	0
simF0	3	simT0	0
restartT0	2	restartF0	0
jabiruF0	2	jabiruT0	0
barF0	11	barT0	0
emaF2	3	emaT2	0
yaF1	5	yaT1	0
stonardF0	1	stonardT0	0
letF4	56	letT4	0
ossT4	1	ossF4	0
sysT4	31	sysF4	0
natT2	1	natF2	0
enabledT0	1	enabledF0	0
hitF4	11	hitT4	0
cahalT0	1	cahalF0	0
annetteT0	1	annetteF0	0
cowF0	2	cowT0	0
uesT2	16	uesF2	0
advantageT0	1	advantageF0	0
aiyT2	3	aiyF2	0
hyperbaricT0	2	hyperbaricF0	0
sizedT0	6	sizedF0	0
kenjansenT0	1	kenjansenF0	0
skaF0	1	skaT0	0
pruningF0	1	pruningT0	0
fulF2	132	fulT2	0
cbseT0	1	cbseF0	0
xtravisionF0	1	xtravisionT0	0
fibF4	3	fibT4	0
ukeF4	1	ukeT4	0
dundeeT0	2	dundeeF0	0
darienT0	1	darienF0	0
mgaF0	6	mgaT0	0
foxT2	5	foxF2	0
resoldF0	1	resoldT0	0
feT2	2	feF2	0
icT1	268	icF1	0
diazepamT0	9	diazepamF0	0
hafT2	1	hafF2	0
grF2	2	grT2	0
adrT4	27	adrF4	0
pubicatiF0	1	pubicatiT0	0
batT4	27	batF4	0
umyF2	1	umyT2	0
bgtF2	1	bgtT2	0
listedT0	5	listedF0	0
mateT0	1	mateF0	0
timeT0	17	timeF0	0
scoresF0	3	scoresT0	0
useT2	77	useF2	0
kidsF0	12	kidsT0	0
eaF1	114	eaT1	0
alliedF0	2	alliedT0	0
jbT1	2	jbF1	0
mamF4	4	mamT4	0
readthebooksT0	1	readthebooksF0	0
phF3	105	phT3	0
pendingF0	1	pendingT0	0
editedF0	94	editedT0	0
alfF2	17	alfT2	0
maF3	1288	maT3	0
sceF4	19	sceT4	0
offT0	8	offF0	0
muF3	343	muT3	0
ireannachF0	2	ireannachT0	0
mbF2	2	mbT2	0
screamingF0	2	screamingT0	0
announcedF0	4	announcedT0	0
locationT0	6	locationF0	0
caifT0	1	caifF0	0
renF4	36	renT4	0
pleT4	54	pleF4	0
accomplishmentF0	1	accomplishmentT0	0
overllandF0	1	overllandT0	0
ebayF0	2	ebayT0	0
tematycznieT0	1	tematycznieF0	0
lyrT2	3	lyrF2	0
worldlyF0	1	worldlyT0	0
hesitatedF0	1	hesitatedT0	0
sendaT0	1	sendaF0	0
thumbnailsF0	2	thumbnailsT0	0
challengerT0	1	challengerF0	0
hikeF0	2	hikeT0	0
equT4	26	equF4	0
felT4	4	felF4	0
federationF0	1	federationT0	0
arpT2	1	arpF2	0
montaguT0	1	montaguF0	0
arthroscopicF0	6	arthroscopicT0	0
institutedF0	1	institutedT0	0
ettT2	16	ettF2	0
lvF3	19	lvT3	0
aeF1	20	aeT1	0
tshF4	1	tshT4	0
artF2	175	artT2	0
nitzT0	1	nitzF0	0
chirurgiensF0	1	chirurgiensT0	0
reasonsF0	10	reasonsT0	0
esaT2	5	esaF2	0
lvaT2	5	lvaF2	0
uemF2	2	uemT2	0
runT4	21	runF4	0
drT1	219	drF1	0
micheleT0	1	micheleF0	0
mksT4	1	mksF4	0
nickelbackF0	1	nickelbackT0	0
ainewsT0	1	ainewsF0	0
relationshipsF0	2	relationshipsT0	0
rebeccaT0	2	rebeccaF0	0
auT1	10	auF1	0
mdF0	1	mdT0	0
supportF0	48	supportT0	0
flyingF0	6	flyingT0	0
clipsF0	3	clipsT0	0
variablesF0	1	variablesT0	0
declamationF0	1	declamationT0	0
xboF0	1	xboT0	0
riftF0	1	riftT0	0
staggeringF0	1	staggeringT0	0
parvenuF0	1	parvenuT0	0
specializeF0	1	specializeT0	0
tryT4	7	tryF4	0
casiboF0	1	casiboT0	0
thuseliminatingF0	1	thuseliminatingT0	0
regainsT0	1	regainsF0	0
keyF0	14	keyT0	0
correctedF0	1	correctedT0	0
syncF0	1	syncT0	0
mothereaseT0	5	mothereaseF0	0
tmvT2	1	tmvF2	0
travelledF0	1	travelledT0	0
avereF0	1	avereT0	0
hepingF0	1	hepingT0	0
eumF2	5	eumT2	0
birthdayF0	8	birthdayT0	0
privacyyourT0	1	privacyyourF0	0
chinaT0	28	chinaF0	0
aaT1	9	aaF1	0
rlyT2	6	rlyF2	0
kaplanF0	1	kaplanT0	0
incorrectF0	2	incorrectT0	0
uniqueF0	20	uniqueT0	0
ralkyF0	1	ralkyT0	0
telecommunicationsT0	2	telecommunicationsF0	0
janT2	96	janF2	0
hallF0	2	hallT0	0
drugsF0	3	drugsT0	0
settlementpeeT0	1	settlementpeeF0	0
bauerT0	1	bauerF0	0
ehhF0	1	ehhT0	0
literatureT0	3	literatureF0	0
friT4	78	friF4	0
derrireF0	1	derrireT0	0
collaboratingF0	1	collaboratingT0	0
bulletinF0	1	bulletinT0	0
levelsF0	5	levelsT0	0
ringrazioF0	1	ringrazioT0	0
inregardsF0	1	inregardsT0	0
deputyF0	1	deputyT0	0
treT4	65	treF4	0
wieF4	2	wieT4	0
grosT0	2	grosF0	0
sgF1	13	sgT1	0
roadsF0	1	roadsT0	0
prizesF0	7	prizesT0	0
jerT4	7	jerF4	0
kesT2	17	kesF2	0
ntyF2	36	ntyT2	0
signingF0	2	signingT0	0
pacedF0	2	pacedT0	0
maintenanceF0	7	maintenanceT0	0
downloadsF0	10	downloadsT0	0
adjustT0	2	adjustF0	0
lipF4	2	lipT4	0
genderF0	2	genderT0	0
strikersT0	1	strikersF0	0
gmtserverT0	1	gmtserverF0	0
scT1	8	scF1	0
forecastingF0	1	forecastingT0	0
fungicidesF0	1	fungicidesT0	0
pitT2	3	pitF2	0
naiveF0	2	naiveT0	0
wsT1	140	wsF1	0
fsF2	2	fsT2	0
logoT0	3	logoF0	0
rhF1	1	rhT1	0
beearF0	1	beearT0	0
allocatedF0	1	allocatedT0	0
nuF2	1	nuT2	0
wantedF0	17	wantedT0	0
texarkanaF0	1	texarkanaT0	0
vedereF0	1	vedereT0	0
jarF2	2	jarT2	0
dorisT0	1	dorisF0	0
securedF0	2	securedT0	0
rpgF0	1	rpgT0	0
conspireF0	2	conspireT0	0
disasterT0	1	disasterF0	0
fascinatingT0	1	fascinatingF0	0
tkT2	2	tkF2	0
blowsF0	1	blowsT0	0
vanF4	12	vanT4	0
youF0	1052	youT0	0
xtyF2	1	xtyT2	0
tiresT0	1	tiresF0	0
fortT0	3	fortF0	0
largeF0	44	largeT0	0
knewF0	12	knewT0	0
ipF2	3	ipT2	0
arrivedF0	5	arrivedT0	0
socialF0	21	socialT0	0
oppF4	62	oppT4	0
enforcesF0	1	enforcesT0	0
pashaT0	1	pashaF0	0
caedF0	4	caedT0	0
drownedT0	1	drownedF0	0
hvT3	6	hvF3	0
infF2	7	infT2	0
ftsT2	13	ftsF2	0
earsF0	3	earsT0	0
banF4	71	banT4	0
canoF0	1	canoT0	0
kltT4	1	kltF4	0
acrossT0	11	acrossF0	0
donnellyF0	1	donnellyT0	0
risqueF0	1	risqueT0	0
savageT0	1	savageF0	0
ukT1	17	ukF1	0
hepF2	7	hepT2	0
datT2	2	datF2	0
furiousF0	1	furiousT0	0
tenserF0	1	tenserT0	0
rarF4	22	rarT4	0
netscapeT0	3	netscapeF0	0
owsT0	1	owsF0	0
seedF0	1	seedT0	0
ifrT4	1	ifrF4	0
budF4	8	budT4	0
pullingF0	3	pullingT0	0
downturnF0	1	downturnT0	0
downtownsupremeT0	1	downtownsupremeF0	0
tifT2	1	tifF2	0
uumlT0	1	uumlF0	0
ashnessT0	1	ashnessF0	0
majoringF0	1	majoringT0	0
shrimpF0	2	shrimpT0	0
venF0	1	venT0	0
therisF0	1	therisT0	0
schrdingerT0	3	schrdingerF0	0
environmentF0	20	environmentT0	0
anthemF0	1	anthemT0	0
sprT4	12	sprF4	0
bolF2	4	bolT2	0
polymersT0	16	polymersF0	0
othT4	74	othF4	0
pipesT0	13	pipesF0	0
hammersF0	1	hammersT0	0
sumT4	10	sumF4	0
daiyT0	3	daiyF0	0
masT4	25	masF4	0
terminalsF0	3	terminalsT0	0
graveT0	1	graveF0	0
xoopsT0	1	xoopsF0	0
aminateF0	1	aminateT0	0
communitiesF0	3	communitiesT0	0
hraF4	1	hraT4	0
vsT2	2	vsF2	0
amissF0	1	amissT0	0
ghF2	1	ghT2	0
unignoreF0	14	unignoreT0	0
willinglyF0	1	willinglyT0	0
eicF4	1	eicT4	0
executedF0	2	executedT0	0
detF2	3	detT2	0
manaT0	1	manaF0	0
mayF2	100	mayT2	0
virusT0	2	virusF0	0
sksF2	7	sksT2	0
biT2	1	biF2	0
serialsF0	2	serialsT0	0
hidingT0	5	hidingF0	0
museumyF0	1	museumyT0	0
assemblingF0	1	assemblingT0	0
budgetF0	7	budgetT0	0
ecoT4	25	ecoF4	0
fenT2	1	fenF2	0
beamingF0	1	beamingT0	0
tnyF2	1	tnyT2	0
hotelsF0	12	hotelsT0	0
ukuT4	1	ukuF4	0
sweT0	1	sweF0	0
nerF4	7	nerT4	0
jenniferF0	1	jenniferT0	0
sugababesT0	2	sugababesF0	0
ohT0	14	ohF0	0
shimT0	1	shimF0	0
eysF2	9	eysT2	0
oldF0	51	oldT0	0
sweF4	17	sweT4	0
mumF4	1	mumT4	0
huntingF0	2	huntingT0	0
elF0	6	elT0	0
sqF1	2	sqT1	0
pirateF0	1	pirateT0	0
hansiT0	1	hansiF0	0
queensT0	3	queensF0	0
directingF0	1	directingT0	0
nextF0	24	nextT0	0
wooT4	14	wooF4	0
phoebeF0	1	phoebeT0	0
cruiseF0	18	cruiseT0	0
humankindF0	1	humankindT0	0
travF0	1	travT0	0
fliF4	18	fliT4	0
wmF1	1	wmT1	0
boostF0	1	boostT0	0
uffT4	1	uffF4	0
ciscoF0	1	ciscoT0	0
camF4	68	camT4	0
aaeF4	7	aaeT4	0
heT0	53	heF0	0
consumptionF0	2	consumptionT0	0
philippinesT0	2	philippinesF0	0
industrialF0	10	industrialT0	0
secondoF0	2	secondoT0	0
belizeansT0	3	belizeansF0	0
ttackF0	1	ttackT0	0
shF0	10	shT0	0
ethT4	4	ethF4	0
eamF2	30	eamT2	0
parametricalT0	1	parametricalF0	0
floT4	18	floF4	0
creamyF0	1	creamyT0	0
camT0	3	camF0	0
hydT0	1	hydF0	0
hrlfeaturingT0	1	hrlfeaturingF0	0
muttonT0	1	muttonF0	0
thoughF0	18	thoughT0	0
dziennikiT0	1	dziennikiF0	0
ceilingF0	2	ceilingT0	0
bellowT0	1	bellowF0	0
mmoF0	1	mmoT0	0
newspaperT0	1	newspaperF0	0
dvdsT0	1	dvdsF0	0
nchT2	14	nchF2	0
ttyT2	7	ttyF2	0
shallowsF0	1	shallowsT0	0
lifF4	97	lifT4	0
ceqT2	2	ceqF2	0
treasureF0	2	treasureT0	0
csaT4	1	csaF4	0
windsT0	1	windsF0	0
tubingT0	1	tubingF0	0
phoenixF0	2	phoenixT0	0
rzaT2	2	rzaF2	0
nstateT0	1	nstateF0	0
temerityF0	1	temerityT0	0
podcastiT0	1	podcastiF0	0
oysF2	5	oysT2	0
actsF0	2	actsT0	0
desiccantsT0	2	desiccantsF0	0
extensiveT0	1	extensiveF0	0
litrochtT0	1	litrochtF0	0
vhT3	2	vhF3	0
ppeF4	1	ppeT4	0
interestsF0	8	interestsT0	0
rfcT0	1	rfcF0	0
encounterF0	5	encounterT0	0
udF2	5	udT2	0
arhF4	1	arhT4	0
talT4	7	talF4	0
thiF4	714	thiT4	0
assuredT0	1	assuredF0	0
johT4	21	johF4	0
postsF0	4	postsT0	0
weeT4	6	weeF4	0
rememberT0	9	rememberF0	0
pgnF4	1	pgnT4	0
ethnicityT0	2	ethnicityF0	0
penseF0	3	penseT0	0
buttF0	1	buttT0	0
ixT0	1	ixF0	0
pghF0	6	pghT0	0
dropF0	6	dropT0	0
sansF0	4	sansT0	0
hurF4	9	hurT4	0
boingT0	4	boingF0	0
jacksonvilleflF0	1	jacksonvilleflT0	0
tolerationF0	1	tolerationT0	0
limitF0	6	limitT0	0
worldsT0	1	worldsF0	0
swaT4	5	swaF4	0
palF2	2	palT2	0
hilF2	1	hilT2	0
rowlandF0	1	rowlandT0	0
saidF0	47	saidT0	0
ennT4	2	ennF4	0
parodiesT0	1	parodiesF0	0
arnT4	3	arnF4	0
peopleT0	9	peopleF0	0
fpsF0	2	fpsT0	0
sllskapetF0	1	sllskapetT0	0
pilF4	2	pilT4	0
bbuT2	1	bbuF2	0
hensonT0	1	hensonF0	0
fitersF0	1	fitersT0	0
actuallyF0	22	actuallyT0	0
southT0	20	southF0	0
feministF0	2	feministT0	0
thereinT0	5	thereinF0	0
muscleT0	1	muscleF0	0
terT4	16	terF4	0
squF4	17	squT4	0
workT0	6	workF0	0
imeF4	3	imeT4	0
tournamentF0	1	tournamentT0	0
excavationsF0	1	excavationsT0	0
vrgF4	6	vrgT4	0
herringF0	1	herringT0	0
bbeF2	1	bbeT2	0
itzT2	3	itzF2	0
zlskiT0	1	zlskiF0	0
fatT0	1	fatF0	0
attF0	1	attT0	0
korbelF0	2	korbelT0	0
surroundedF0	2	surroundedT0	0
coralF0	13	coralT0	0
attacksF0	5	attacksT0	0
theirsF0	1	theirsT0	0
photographedF0	1	photographedT0	0
ceerdT0	4	ceerdF0	0
farT2	2	farF2	0
dnaF2	1	dnaT2	0
dsayT0	1	dsayF0	0
macquartsT0	1	macquartsF0	0
colocaF0	1	colocaT0	0
couponsF0	1	couponsT0	0
unstoppableF0	15	unstoppableT0	0
rebloggedT0	6	rebloggedF0	0
separateF0	7	separateT0	0
ironyT0	1	ironyF0	0
readsF0	1	readsT0	0
dzT3	1	dzF3	0
buriedF0	1	buriedT0	0
deniedF0	1	deniedT0	0
activitiesF0	20	activitiesT0	0
fofF4	1	fofT4	0
particularF0	9	particularT0	0
dinT0	2	dinF0	0
mapsmapT0	1	mapsmapF0	0
fatF4	20	fatT4	0
moharramT0	1	moharramF0	0
gigT4	2	gigF4	0
eecT4	1	eecF4	0
spreadT0	2	spreadF0	0
scaT4	7	scaF4	0
humanityT0	1	humanityF0	0
giaF4	3	giaT4	0
keelF0	3	keelT0	0
desirableF0	4	desirableT0	0
gtrT2	3	gtrF2	0
sinclairT0	7	sinclairF0	0
custodyT0	1	custodyF0	0
consolidatedF0	1	consolidatedT0	0
escT0	2	escF0	0
tastyF0	1	tastyT0	0
wayF2	149	wayT2	0
podT2	3	podF2	0
ridgeT0	5	ridgeF0	0
couF2	1	couT2	0
guteF0	1	guteT0	0
boxF0	15	boxT0	0
euroT0	3	euroF0	0
emoT4	2	emoF4	0
peladeauT0	2	peladeauF0	0
pressingF0	5	pressingT0	0
advT0	1	advF0	0
todayF0	16	todayT0	0
consistF0	1	consistT0	0
suT3	259	suF3	0
datosF0	1	datosT0	0
structuralF0	2	structuralT0	0
temporaryF0	2	temporaryT0	0
avoidingF0	1	avoidingT0	0
escF4	14	escT4	0
therapyF0	9	therapyT0	0
zealandT0	3	zealandF0	0
eusT2	8	eusF2	0
doesF0	43	doesT0	0
expectingF0	1	expectingT0	0
acremillionF0	1	acremillionT0	0
smoF4	11	smoT4	0
epT2	3	epF2	0
inhabitantsF0	8	inhabitantsT0	0
danielF0	3	danielT0	0
jazzF0	1	jazzT0	0
quotF0	202	quotT0	0
deathsT0	1	deathsF0	0
processionF0	1	processionT0	0
paradiseF0	5	paradiseT0	0
iceT0	2	iceF0	0
ziF2	1	ziT2	0
cosT0	3	cosF0	0
expectationsF0	1	expectationsT0	0
ildT2	28	ildF2	0
scoF4	17	scoT4	0
serfsF0	1	serfsT0	0
showdownF0	1	showdownT0	0
signalerT0	1	signalerF0	0
largenetworkF0	1	largenetworkT0	0
listeningT0	1	listeningF0	0
llyF2	317	llyT2	0
theoriesF0	1	theoriesT0	0
monumentationsT0	1	monumentationsF0	0
lnicolnF0	1	lnicolnT0	0
datingF0	8	datingT0	0
earlsT0	1	earlsF0	0
bitF0	28	bitT0	0
answersF0	2	answersT0	0
innovationF0	2	innovationT0	0
causeF0	10	causeT0	0
guidelinesF0	4	guidelinesT0	0
whitwF0	2	whitwT0	0
forceF0	4	forceT0	0
krisstenF0	1	krisstenT0	0
bakerT0	1	bakerF0	0
oddT4	3	oddF4	0
rightoffersT0	2	rightoffersF0	0
blF3	183	blT3	0
zazT4	10	zazF4	0
practicalT0	1	practicalF0	0
unitedT0	47	unitedF0	0
superficialF0	1	superficialT0	0
lixT2	3	lixF2	0
kuT1	7	kuF1	0
evF0	1	evT0	0
grilloF0	6	grilloT0	0
hoppingF0	2	hoppingT0	0
mesF4	96	mesT4	0
hoffmanF0	1	hoffmanT0	0
clarkT0	2	clarkF0	0
kimT4	7	kimF4	0
gpT0	1	gpF0	0
ovelrandF0	1	ovelrandT0	0
scorsoF0	1	scorsoT0	0
heartbreakingF0	3	heartbreakingT0	0
mF0	126	mT0	0
absorptionF0	1	absorptionT0	0
groveF0	1	groveT0	0
clerkF0	1	clerkT0	0
honourF0	2	honourT0	0
affT4	18	affF4	0
excavatedF0	3	excavatedT0	0
discussionsF0	3	discussionsT0	0
norF4	61	norT4	0
wearT0	2	wearF0	0
touredF0	1	touredT0	0
tmlT2	12	tmlF2	0
totT2	1	totF2	0
gostosasF0	1	gostosasT0	0
pspF0	1	pspT0	0
techniquesF0	5	techniquesT0	0
pythonsT0	3	pythonsF0	0
mesosF0	1	mesosT0	0
poultryF0	1	poultryT0	0
ratesT0	1	ratesF0	0
naF2	34	naT2	0
phiipsT0	1	phiipsF0	0
navT0	2	navF0	0
offF4	204	offT4	0
aiT3	30	aiF3	0
darkmoonF0	1	darkmoonT0	0
miT1	14	miF1	0
tirF4	6	tirT4	0
racesimcentralT0	1	racesimcentralF0	0
attemptF0	6	attemptT0	0
nurburgringT0	1	nurburgringF0	0
cesF4	6	cesT4	0
whereasF0	1	whereasT0	0
pupT4	1	pupF4	0
spamT0	8	spamF0	0
tractorT0	3	tractorF0	0
pollingF0	1	pollingT0	0
douglasF0	1	douglasT0	0
popF4	266	popT4	0
wamenaF0	1	wamenaT0	0
lowerF0	9	lowerT0	0
navF4	27	navT4	0
greeningT0	1	greeningF0	0
imgboardF0	1	imgboardT0	0
acetoneF0	1	acetoneT0	0
filingF0	1	filingT0	0
ourserviceF0	1	ourserviceT0	0
rxT1	1	rxF1	0
surfaceF0	7	surfaceT0	0
bonanzaF0	1	bonanzaT0	0
intelligenceT0	2	intelligenceF0	0
cabrioletT0	1	cabrioletF0	0
propagateF0	2	propagateT0	0
bootyT0	1	bootyF0	0
toxicT0	5	toxicF0	0
tulareF0	1	tulareT0	0
wholeF0	12	wholeT0	0
rezF2	2	rezT2	0
progressionF0	1	progressionT0	0
deasT0	1	deasF0	0
settingsversionT0	1	settingsversionF0	0
kisF2	1	kisT2	0
hupT2	1	hupF2	0
guestsF0	4	guestsT0	0
pensarF0	1	pensarT0	0
salvationT0	1	salvationF0	0
keithF0	1	keithT0	0
nidF4	1	nidT4	0
latT4	32	latF4	0
ordF4	75	ordT4	0
comesT0	1	comesF0	0
obituariesF0	1	obituariesT0	0
triF4	69	triT4	0
protectdataF0	5	protectdataT0	0
ocaF2	3	ocaT2	0
pibF4	1	pibT4	0
amiT4	2	amiF4	0
electricityF0	2	electricityT0	0
agentT0	5	agentF0	0
oughtnF0	1	oughtnT0	0
aroundT0	2	aroundF0	0
congT0	1	congF0	0
menuF0	2	menuT0	0
peakF0	2	peakT0	0
orpF2	1	orpT2	0
specificatonsF0	1	specificatonsT0	0
lidT2	7	lidF2	0
repF2	1	repT2	0
igF1	41	igT1	0
scuttebuttT0	1	scuttebuttF0	0
knF2	1	knT2	0
ctxF4	1	ctxT4	0
aspectsF0	6	aspectsT0	0
tappingF0	1	tappingT0	0
ravennnaF0	1	ravennnaT0	0
nteF2	27	nteT2	0
phyF2	20	phyT2	0
seamsF0	1	seamsT0	0
dubiousF0	1	dubiousT0	0
publishingF0	7	publishingT0	0
kaufmanF0	1	kaufmanT0	0
dodT4	4	dodF4	0
trianglesF0	1	trianglesT0	0
adminF0	11	adminT0	0
catalogueF0	2	catalogueT0	0
restrictionsF0	1	restrictionsT0	0
husbandF0	4	husbandT0	0
litionT0	1	litionF0	0
clipeT0	1	clipeF0	0
nrT1	1	nrF1	0
sciencesT0	7	sciencesF0	0
twinsF0	1	twinsT0	0
deusT0	1	deusF0	0
fenetreF0	1	fenetreT0	0
laboratoriesT0	1	laboratoriesF0	0
simepreF0	2	simepreT0	0
authoringF0	1	authoringT0	0
plasterF0	2	plasterT0	0
peninsulaF0	1	peninsulaT0	0
emiF4	3	emiT4	0
riflesF0	2	riflesT0	0
aoaT0	1	aoaF0	0
bfracasoF0	1	bfracasoT0	0
leavinT0	1	leavinF0	0
ithF4	2	ithT4	0
thenT0	25	thenF0	0
rightintervjuT0	1	rightintervjuF0	0
teF2	23	teT2	0
airportF0	2	airportT0	0
indF4	160	indT4	0
telegramF0	1	telegramT0	0
pcxT4	1	pcxF4	0
eewT4	1	eewF4	0
modestoT0	1	modestoF0	0
dreF4	21	dreT4	0
architectureT0	1	architectureF0	0
emergenceF0	1	emergenceT0	0
umF3	13	umT3	0
cieF4	2	cieT4	0
pumpsT0	2	pumpsF0	0
sportsF0	8	sportsT0	0
federalF0	3	federalT0	0
multitudeF0	2	multitudeT0	0
coiF4	7	coiT4	0
rdcT2	3	rdcF2	0
truckingT0	1	truckingF0	0
departedF0	1	departedT0	0
vrT3	4	vrF3	0
scriptT0	3	scriptF0	0
susF2	12	susT2	0
tabT4	8	tabF4	0
graduateF0	4	graduateT0	0
unnF2	1	unnT2	0
wiT1	4	wiF1	0
isightsT0	1	isightsF0	0
orxF4	1	orxT4	0
obamasF0	2	obamasT0	0
ropF2	7	ropT2	0
davF4	6	davT4	0
screamF0	1	screamT0	0
morjeF0	1	morjeT0	0
dbF1	1	dbT1	0
hemetT0	1	hemetF0	0
chlT4	29	chlF4	0
inbT2	1	inbF2	0
ouF1	1086	ouT1	0
griffinF0	1	griffinT0	0
kbT0	1	kbF0	0
ldF1	758	ldT1	0
caribbT0	1	caribbF0	0
traF2	18	traT2	0
parkinsonT0	1	parkinsonF0	0
sucT4	13	sucF4	0
tewsT0	3	tewsF0	0
cooT4	14	cooF4	0
didF4	62	didT4	0
commeF0	1	commeT0	0
excursionsF0	3	excursionsT0	0
caoF2	1	caoT2	0
sourF0	1	sourT0	0
quizF0	1	quizT0	0
sharplyF0	1	sharplyT0	0
tombeF0	1	tombeT0	0
gossipF0	1	gossipT0	0
shrT2	1	shrF2	0
dtoF2	2	dtoT2	0
grewF0	2	grewT0	0
rightmgaT0	2	rightmgaF0	0
oeT3	2	oeF3	0
nonT4	11	nonF4	0
hdT1	5	hdF1	0
imT1	67	imF1	0
telecomF0	1	telecomT0	0
tangentallyF0	1	tangentallyT0	0
castF0	3	castT0	0
performancesF0	1	performancesT0	0
oiF3	6	oiT3	0
mmmF2	1	mmmT2	0
industriaF0	1	industriaT0	0
amateurF0	5	amateurT0	0
trickT0	2	trickF0	0
yearningF0	1	yearningT0	0
awaitsF0	1	awaitsT0	0
prizestwoT0	1	prizestwoF0	0
contradictoryT0	2	contradictoryF0	0
preschoolersF0	2	preschoolersT0	0
cuteT0	2	cuteF0	0
listsT0	8	listsF0	0
easT2	13	easF2	0
kokilaT0	1	kokilaF0	0
maintenantF0	1	maintenantT0	0
atomT0	1	atomF0	0
thgT2	2	thgF2	0
eckF2	42	eckT2	0
crT2	3	crF2	0
convertableF0	1	convertableT0	0
prospritF0	2	prospritT0	0
alohaT0	1	alohaF0	0
tfF1	2	tfT1	0
investingF0	7	investingT0	0
velshiT0	1	velshiF0	0
lincopnF0	2	lincopnT0	0
federicoT0	1	federicoF0	0
templeF0	3	templeT0	0
onjF2	1	onjT2	0
washingtoninT0	2	washingtoninF0	0
eacF2	1	eacT2	0
allianceT0	9	allianceF0	0
koF1	4	koT1	0
enteredF0	18	enteredT0	0
blindF0	3	blindT0	0
usernamesF0	1	usernamesT0	0
orasF0	1	orasT0	0
afbF2	2	afbT2	0
philosophywhatT0	1	philosophywhatF0	0
classicalF0	1	classicalT0	0
yeT3	50	yeF3	0
ringsF0	3	ringsT0	0
socksF0	1	socksT0	0
protectiveF0	2	protectiveT0	0
ullT2	12	ullF2	0
ackT2	79	ackF2	0
ofT2	119	ofF2	0
scalesF0	2	scalesT0	0
gamesnoteT0	1	gamesnoteF0	0
sailorsF0	3	sailorsT0	0
timbreF0	1	timbreT0	0
hapT2	2	hapF2	0
removesT0	2	removesF0	0
helleneT0	1	helleneF0	0
kelseyT0	1	kelseyF0	0
wyiF4	1	wyiT4	0
rudT4	4	rudF4	0
bearlaT0	1	bearlaF0	0
ipssF0	1	ipssT0	0
eatenT0	1	eatenF0	0
rcishF0	1	rcishT0	0
ussF2	4	ussT2	0
aseT2	80	aseF2	0
bahrainT0	1	bahrainF0	0
generateT0	2	generateF0	0
rpeF2	2	rpeT2	0
libyaT0	1	libyaF0	0
soundingF0	3	soundingT0	0
acquaintedF0	1	acquaintedT0	0
sexyF0	11	sexyT0	0
guiF4	113	guiT4	0
foreverT0	4	foreverF0	0
anteriormenteF0	1	anteriormenteT0	0
employedF0	1	employedT0	0
aserF0	2	aserT0	0
keuF4	1	keuT4	0
maraF0	1	maraT0	0
kansasF0	3	kansasT0	0
titansT0	1	titansF0	0
gateF0	2	gateT0	0
iiiT0	8	iiiF0	0
rolT2	28	rolF2	0
maiT4	49	maiF4	0
gaietiesF0	1	gaietiesT0	0
pheF2	1	pheT2	0
mpensateF0	1	mpensateT0	0
musT4	45	musF4	0
uosT2	1	uosF2	0
gentlemanT0	1	gentlemanF0	0
eskT2	3	eskF2	0
gentlyF0	2	gentlyT0	0
operaT0	3	operaF0	0
eiuT2	2	eiuF2	0
thwartedF0	1	thwartedT0	0
wimT2	2	wimF2	0
gouT4	3	gouF4	0
kilaF0	1	kilaT0	0
sitoF0	1	sitoT0	0
imaT4	30	imaF4	0
mysF4	37	mysT4	0
additivesT0	16	additivesF0	0
iphT4	4	iphF4	0
itrT0	1	itrF0	0
profilewithF0	1	profilewithT0	0
offersF0	28	offersT0	0
unhT4	1	unhF4	0
hundredsT0	2	hundredsF0	0
enslerT0	2	enslerF0	0
heronsF0	3	heronsT0	0
gueT4	7	gueF4	0
regentT0	1	regentF0	0
damagedF0	2	damagedT0	0
flyT4	6	flyF4	0
bloF2	1	bloT2	0
apF0	4	apT0	0
grownF0	2	grownT0	0
gmsF2	1	gmsT2	0
swimmingF0	2	swimmingT0	0
shawneeT0	2	shawneeF0	0
berT2	137	berF2	0
stairF0	1	stairT0	0
concourseF0	1	concourseT0	0
toldF0	13	toldT0	0
gmT3	97	gmF3	0
deixarF0	1	deixarT0	0
showersF0	1	showersT0	0
nahT4	1	nahF4	0
iskF2	14	iskT2	0
footstepsF0	1	footstepsT0	0
receiptsT0	52	receiptsF0	0
definedF0	4	definedT0	0
jalT4	3	jalF4	0
saundersT0	1	saundersF0	0
mtvT2	1	mtvF2	0
primarilyF0	3	primarilyT0	0
mettreF0	2	mettreT0	0
tienneF0	1	tienneT0	0
ceuariF0	1	ceuariT0	0
gmtetagT0	65	gmtetagF0	0
firT4	43	firF4	0
flameF0	1	flameT0	0
tanksF0	1	tanksT0	0
ledF0	3	ledT0	0
tulT4	1	tulF4	0
reprendreF0	1	reprendreT0	0
ittF2	3	ittT2	0
continentalT0	1	continentalF0	0
ffeF4	14	ffeT4	0
adhT4	16	adhF4	0
asT3	94	asF3	0
puebloF0	1	puebloT0	0
biznesT0	1	biznesF0	0
nvelF0	1	nvelT0	0
jovF4	1	jovT4	0
smT1	179	smF1	0
anialT0	1	anialF0	0
ltiF0	1	ltiT0	0
rdT1	285	rdF1	0
radT4	42	radF4	0
favF2	2	favT2	0
nowyouT0	1	nowyouF0	0
latchedF0	1	latchedT0	0
dynT4	4	dynF4	0
bizT0	1	bizF0	0
epicF0	1	epicT0	0
winiarskiT0	1	winiarskiF0	0
installationsF0	3	installationsT0	0
hackF0	2	hackT0	0
imgF2	2	imgT2	0
tuscanyT0	1	tuscanyF0	0
yyT3	1	yyF3	0
weddingsF0	5	weddingsT0	0
boostersorderT0	1	boostersorderF0	0
wldF2	1	wldT2	0
expresslyT0	5	expresslyF0	0
eightF0	5	eightT0	0
redF4	35	redT4	0
bugsT0	1	bugsF0	0
stockedT0	1	stockedF0	0
arabesqueF0	1	arabesqueT0	0
uscT4	1	uscF4	0
terceiraF0	1	terceiraT0	0
rtiF4	1	rtiT4	0
lolF2	6	lolT2	0
brandingF0	3	brandingT0	0
kugelblitzF0	1	kugelblitzT0	0
illT4	15	illF4	0
pnT3	2	pnF3	0
bytF4	1	bytT4	0
tugtarF0	1	tugtarT0	0
settlementT0	3	settlementF0	0
myrtleF0	1	myrtleT0	0
timeemailF0	1	timeemailT0	0
aoF1	15	aoT1	0
seyF2	4	seyT2	0
availableT0	6	availableF0	0
campF0	2	campT0	0
neckF0	5	neckT0	0
speciaT0	1	speciaF0	0
redT0	5	redF0	0
rchF2	62	rchT2	0
occurredF0	5	occurredT0	0
cjT0	1	cjF0	0
conditionersF0	1	conditionersT0	0
witchF0	4	witchT0	0
sermonsF0	2	sermonsT0	0
cprT0	1	cprF0	0
previousF0	8	previousT0	0
sorensenF0	1	sorensenT0	0
profileT0	40	profileF0	0
tipT2	3	tipF2	0
ploT4	1	ploF4	0
ceuxF0	2	ceuxT0	0
extractT0	1	extractF0	0
bifurcatedF0	1	bifurcatedT0	0
vikipediT0	1	vikipediF0	0
znT3	1	znF3	0
opensF0	4	opensT0	0
chickenF0	2	chickenT0	0
rrF1	3	rrT1	0
vanT0	6	vanF0	0
incallT0	1	incallF0	0
formedF0	2	formedT0	0
gooF4	108	gooT4	0
suckedF0	2	suckedT0	0
considerT0	2	considerF0	0
urtF2	15	urtT2	0
mgT3	3	mgF3	0
hosgoodF0	1	hosgoodT0	0
cyndiT0	2	cyndiF0	0
etF2	73	etT2	0
onlywarcT0	1	onlywarcF0	0
possessedF0	2	possessedT0	0
bizF4	7	bizT4	0
putT0	7	putF0	0
whiteningF0	1	whiteningT0	0
laT0	6	laF0	0
fuF0	2	fuT0	0
formidableF0	2	formidableT0	0
oblF2	1	oblT2	0
belizespeciallyT0	1	belizespeciallyF0	0
performingF0	1	performingT0	0
loweringT0	2	loweringF0	0
geaT4	6	geaF4	0
kiwT4	3	kiwF4	0
combinaciF0	1	combinaciT0	0
tanT2	14	tanF2	0
aviationF0	1	aviationT0	0
rriT2	1	rriF2	0
vbaT2	1	vbaF2	0
protectthemF0	1	protectthemT0	0
infantryT0	1	infantryF0	0
retT4	10	retF4	0
philosophyF0	2	philosophyT0	0
rgbT0	1	rgbF0	0
conclusionF0	1	conclusionT0	0
timeoctoberT0	2	timeoctoberF0	0
conductorF0	3	conductorT0	0
colonialT0	5	colonialF0	0
unF2	37	unT2	0
erT0	2	erF0	0
juvT4	1	juvF4	0
lawtonT0	1	lawtonF0	0
rlsF2	6	rlsT2	0
larkinT0	2	larkinF0	0
westT0	7	westF0	0
vaisF0	3	vaisT0	0
jehT4	1	jehF4	0
vonF0	1	vonT0	0
artifactsF0	2	artifactsT0	0
crfF4	1	crfT4	0
smallF0	39	smallT0	0
insertF0	1	insertT0	0
effF4	45	effT4	0
ritF4	6	ritT4	0
flatT0	2	flatF0	0
optimumF0	1	optimumT0	0
neopopT0	3	neopopF0	0
tarF2	28	tarT2	0
ctvT2	1	ctvF2	0
naturalbeautyF0	1	naturalbeautyT0	0
centreaddressT0	1	centreaddressF0	0
surprisinglyF0	3	surprisinglyT0	0
forumspleasekeepT0	1	forumspleasekeepF0	0
porF2	10	porT2	0
accommodateF0	4	accommodateT0	0
vcF2	1	vcT2	0
storhaugT0	2	storhaugF0	0
iT0	968	iF0	0
tagungenT0	2	tagungenF0	0
merdaF0	3	merdaT0	0
futurismF0	7	futurismT0	0
pezT0	1	pezF0	0
mileT0	2	mileF0	0
dipF2	1	dipT2	0
defeatF0	2	defeatT0	0
valueT0	44	valueF0	0
mortgagingF0	1	mortgagingT0	0
rexT0	1	rexF0	0
resourcesF0	27	resourcesT0	0
schoonerF0	1	schoonerT0	0
ponT2	34	ponF2	0
tyF2	2	tyT2	0
sincereF0	3	sincereT0	0
downsT0	1	downsF0	0
slogF0	1	slogT0	0
awardingF0	1	awardingT0	0
dpeT2	1	dpeF2	0
sonarF0	1	sonarT0	0
rncT2	1	rncF2	0
capsT0	1	capsF0	0
aafeF0	1	aafeT0	0
thousandsF0	16	thousandsT0	0
quittF0	2	quittT0	0
chT2	3	chF2	0
llcT0	1	llcF0	0
repliedF0	1	repliedT0	0
mastersT0	3	mastersF0	0
catalystF0	1	catalystT0	0
fleT4	19	fleF4	0
equippedF0	4	equippedT0	0
nadF2	2	nadT2	0
evaluatedF0	3	evaluatedT0	0
olsonT0	1	olsonF0	0
crashF0	1	crashT0	0
rneF4	3	rneT4	0
assimF0	2	assimT0	0
beautifulT0	3	beautifulF0	0
sureF0	38	sureT0	0
yeeT2	1	yeeF2	0
releasedF0	9	releasedT0	0
dunemaulF0	1	dunemaulT0	0
oiiT4	1	oiiF4	0
ieF3	4	ieT3	0
engelT0	1	engelF0	0
wishingT0	3	wishingF0	0
understoodF0	3	understoodT0	0
iplT0	4	iplF0	0
swapT0	1	swapF0	0
ndiF4	1	ndiT4	0
lveF2	19	lveT2	0
unlF4	19	unlT4	0
undeadF0	2	undeadT0	0
brakeT0	1	brakeF0	0
comF0	169	comT0	0
jetT2	2	jetF2	0
catalogingT0	3	catalogingF0	0
belF2	5	belT2	0
plotF0	2	plotT0	0
nationT0	10	nationF0	0
marketsT0	11	marketsF0	0
studiesF0	4	studiesT0	0
dockF0	4	dockT0	0
notpromotionalF0	1	notpromotionalT0	0
manualsT0	3	manualsF0	0
hdcT2	7	hdcF2	0
prizetheT0	2	prizetheF0	0
knowF0	81	knowT0	0
chemT0	2	chemF0	0
englandT0	11	englandF0	0
empathizeF0	1	empathizeT0	0
beastT0	3	beastF0	0
washersT0	1	washersF0	0
saraT0	1	saraF0	0
bbcT0	1	bbcF0	0
avT0	1	avF0	0
snowmeltT0	1	snowmeltF0	0
fredF0	1	fredT0	0
phaseF0	2	phaseT0	0
agoT4	1	agoF4	0
chrF2	1	chrT2	0
foundationF0	3	foundationT0	0
wisconsinT0	2	wisconsinF0	0
mcqT4	1	mcqF4	0
guideaT0	1	guideaF0	0
iciesF0	1	iciesT0	0
indianT0	8	indianF0	0
routedF0	1	routedT0	0
goldsmithT0	1	goldsmithF0	0
switchedF0	7	switchedT0	0
lubT2	9	lubF2	0
nvF1	1	nvT1	0
mhzT0	1	mhzF0	0
hudT4	2	hudF4	0
utfF4	2	utfT4	0
lonelyT0	1	lonelyF0	0
dsT0	1	dsF0	0
meatT0	2	meatF0	0
majorT0	3	majorF0	0
catchT0	1	catchF0	0
lryT2	2	lryF2	0
iaT3	1	iaF3	0
comhlachtF0	1	comhlachtT0	0
tteT2	8	tteF2	0
entanglementsF0	1	entanglementsT0	0
resolvingF0	3	resolvingT0	0
starveF0	1	starveT0	0
geographicF0	5	geographicT0	0
craftsF0	5	craftsT0	0
agiF4	1	agiT4	0
battlefrontF0	1	battlefrontT0	0
denT4	14	denF4	0
uppT4	1	uppF4	0
banjosT0	1	banjosF0	0
shelbyT0	14	shelbyF0	0
mexicanT0	6	mexicanF0	0
senatesT0	1	senatesF0	0
governmentT0	5	governmentF0	0
snT0	1	snF0	0
zutT0	1	zutF0	0
uckT2	37	uckF2	0
hubF0	2	hubT0	0
darT4	4	darF4	0
wkF3	1	wkT3	0
beginT0	1	beginF0	0
undF2	202	undT2	0
saritF0	1	saritT0	0
qcT3	3	qcF3	0
grandpaT0	3	grandpaF0	0
emotionF0	2	emotionT0	0
cheeseF0	1	cheeseT0	0
cayesapodillaT0	1	cayesapodillaF0	0
underwaterT0	2	underwaterF0	0
eoT3	1	eoF3	0
refurbishedF0	1	refurbishedT0	0
suaF0	4	suaT0	0
solitaryF0	1	solitaryT0	0
smugmugT0	1	smugmugF0	0
duF2	10	duT2	0
thisnextT0	1	thisnextF0	0
eyeT2	2	eyeF2	0
peT2	2	peF2	0
gazzariaT0	1	gazzariaF0	0
efT2	1	efF2	0
aetiologyF0	1	aetiologyT0	0
sedanT0	1	sedanF0	0
tookF0	15	tookT0	0
outlookF0	2	outlookT0	0
suppyF0	2	suppyT0	0
okF1	92	okT1	0
secksF0	1	secksT0	0
rloT2	3	rloF2	0
rifT4	1	rifF4	0
slippedF0	2	slippedT0	0
requiredF0	31	requiredT0	0
tyrT4	1	tyrF4	0
dontF0	16	dontT0	0
exhilaratedF0	1	exhilaratedT0	0
circlesF0	1	circlesT0	0
voluntarilyF0	1	voluntarilyT0	0
vuT0	2	vuF0	0
dilsenachF0	1	dilsenachT0	0
constitutionF0	1	constitutionT0	0
hypersF0	1	hypersT0	0
enticingF0	1	enticingT0	0
srrT2	1	srrF2	0
dentistF0	1	dentistT0	0
wineF0	8	wineT0	0
footballF0	6	footballT0	0
theseservicesF0	1	theseservicesT0	0
alwaysF0	59	alwaysT0	0
padF0	1	padT0	0
djiT4	2	djiF4	0
htmlF0	9	htmlT0	0
forecastF0	2	forecastT0	0
currentioT0	1	currentioF0	0
frF3	988	frT3	0
legitimateF0	1	legitimateT0	0
glowingF0	1	glowingT0	0
eesF2	37	eesT2	0
bsT2	3	bsF2	0
sugF4	30	sugT4	0
airlinesF0	3	airlinesT0	0
eiF3	36	eiT3	0
kayakT0	1	kayakF0	0
civilazationT0	1	civilazationF0	0
sayT2	3	sayF2	0
remindF0	1	remindT0	0
nacionalF0	1	nacionalT0	0
patT0	2	patF0	0
mapsT0	20	mapsF0	0
democraciesF0	1	democraciesT0	0
andF2	4241	andT2	0
accumulatingF0	17	accumulatingT0	0
drawbackF0	1	drawbackT0	0
loF0	10	loT0	0
pinoyF0	1	pinoyT0	0
hydF4	12	hydT4	0
ottT2	10	ottF2	0
intT4	139	intF4	0
bonspielsF0	1	bonspielsT0	0
sistersF0	4	sistersT0	0
owaF2	1	owaT2	0
supposedF0	5	supposedT0	0
nextagT0	2	nextagF0	0
vsyncF0	1	vsyncT0	0
jacobT0	2	jacobF0	0
quandF0	3	quandT0	0
bulletsF0	1	bulletsT0	0
corativeF0	1	corativeT0	0
vanishF0	2	vanishT0	0
smcT2	4	smcF2	0
rdwideF0	1	rdwideT0	0
martinusT0	1	martinusF0	0
osF3	6	osT3	0
acoF2	1	acoT2	0
controllersF0	3	controllersT0	0
carlaT0	2	carlaF0	0
folT4	24	folF4	0
chainT0	1	chainF0	0
isoT4	7	isoF4	0
definitionF0	1	definitionT0	0
tbcT2	6	tbcF2	0
typesF0	21	typesT0	0
souvenirT0	1	souvenirF0	0
revolutionaryF0	2	revolutionaryT0	0
mesmaF0	1	mesmaT0	0
ekeF0	1	ekeT0	0
waveF0	1	waveT0	0
slavsT0	1	slavsF0	0
skiF2	2	skiT2	0
enzT2	2	enzF2	0
attractiveF0	3	attractiveT0	0
brT3	137	brF3	0
lorT2	2	lorF2	0
issuedT0	1	issuedF0	0
formaT0	1	formaF0	0
benettonT0	4	benettonF0	0
tolF4	15	tolT4	0
petF0	4	petT0	0
filF4	130	filT4	0
childsF0	1	childsT0	0
carveF0	1	carveT0	0
panF0	4	panT0	0
meeT4	8	meeF4	0
ronF4	1	ronT4	0
regularlyF0	14	regularlyT0	0
rorF0	1	rorT0	0
datesF0	7	datesT0	0
perF2	140	perT2	0
harF4	80	harT4	0
olympiaT0	2	olympiaF0	0
countrysF0	2	countrysT0	0
hirschmanT0	1	hirschmanF0	0
estarasF0	2	estarasT0	0
giF1	4	giT1	0
japoncinaF0	1	japoncinaT0	0
nearlyF0	13	nearlyT0	0
bingoT0	5	bingoF0	0
rnT1	71	rnF1	0
townsT0	1	townsF0	0
anywayF0	3	anywayT0	0
nbF1	2	nbT1	0
coiloverT0	1	coiloverF0	0
tailorF0	1	tailorT0	0
nxeT4	1	nxeF4	0
geeF4	1	geeT4	0
indoorF0	3	indoorT0	0
nsistentyF0	1	nsistentyT0	0
timberF0	2	timberT0	0
fiqueiF0	1	fiqueiT0	0
belowT0	8	belowF0	0
esteT0	2	esteF0	0
mptF2	26	mptT2	0
usyT2	1	usyF2	0
conversationF0	7	conversationT0	0
televizijaT0	1	televizijaF0	0
symbolsF0	5	symbolsT0	0
whilstF0	4	whilstT0	0
khzT2	2	khzF2	0
kiT3	76	kiF3	0
omaF2	8	omaT2	0
romanticF0	1	romanticT0	0
harvestF0	1	harvestT0	0
circulationF0	1	circulationT0	0
eyT3	6	eyF3	0
ghtT2	107	ghtF2	0
innerheightT0	1	innerheightF0	0
keybF0	1	keybT0	0
refF2	15	refT2	0
draftF0	3	draftT0	0
skoT2	1	skoF2	0
ellF2	151	ellT2	0
aremadeF0	1	aremadeT0	0
bermudianT0	1	bermudianF0	0
recordF0	19	recordT0	0
esoF2	1	esoT2	0
groupF0	18	groupT0	0
swensonT0	1	swensonF0	0
dodgeT0	1	dodgeF0	0
facilitatingF0	1	facilitatingT0	0
dressT0	2	dressF0	0
wiredT0	1	wiredF0	0
forthF0	4	forthT0	0
craigsF0	3	craigsT0	0
rootsF0	1	rootsT0	0
premiersF0	2	premiersT0	0
smeF4	1	smeT4	0
borT2	4	borF2	0
storkT0	2	storkF0	0
weiF4	13	weiT4	0
odesF0	1	odesT0	0
didT0	25	didF0	0
outdoorsF0	4	outdoorsT0	0
maliceF0	1	maliceT0	0
nmF0	1	nmT0	0
suidaeT0	1	suidaeF0	0
melhorF0	3	melhorT0	0
klondykeT0	2	klondykeF0	0
loganT0	1	loganF0	0
assistingF0	1	assistingT0	0
acquisitionT0	1	acquisitionF0	0
tonF2	62	tonT2	0
reallyF0	48	reallyT0	0
advertisingcompanyF0	1	advertisingcompanyT0	0
fivF4	18	fivT4	0
joF2	1	joT2	0
requirementF0	3	requirementT0	0
gaeT4	7	gaeF4	0
writtenF0	8	writtenT0	0
compositeF0	1	compositeT0	0
ggyF2	1	ggyT2	0
ffaT4	1	ffaF4	0
tavT4	5	tavF4	0
holT2	7	holF2	0
aisF2	44	aisT2	0
hahF4	2	hahT4	0
jbmT2	1	jbmF2	0
activityT0	2	activityF0	0
pajamasT0	1	pajamasF0	0
holdingF0	2	holdingT0	0
solublityT0	1	solublityF0	0
gsF1	267	gsT1	0
cnF0	3	cnT0	0
descreverF0	1	descreverT0	0
rsF0	6	rsT0	0
miiF0	3	miiT0	0
cabinF0	2	cabinT0	0
wannaF0	21	wannaT0	0
humorF0	1	humorT0	0
fantasticT0	1	fantasticF0	0
iciF0	2	iciT0	0
vinT2	5	vinF2	0
vapourF0	1	vapourT0	0
praT2	3	praF2	0
oasT2	1	oasF2	0
eosF2	17	eosT2	0
asoT2	2	asoF2	0
decorationsF0	1	decorationsT0	0
amF3	211	amT3	0
jorT4	4	jorF4	0
gcT3	1	gcF3	0
unspeakableF0	1	unspeakableT0	0
medicalT0	6	medicalF0	0
uthF2	87	uthT2	0
ontF2	47	ontT2	0
atT2	36	atF2	0
forbrowseT0	1	forbrowseF0	0
mcF1	5	mcT1	0
cindyT0	1	cindyF0	0
longitudeT0	1	longitudeF0	0
provincialT0	1	provincialF0	0
manorF0	1	manorT0	0
nameF0	70	nameT0	0
bookF0	24	bookT0	0
pilgrimageF0	1	pilgrimageT0	0
vaT0	1	vaF0	0
doxT4	1	doxF4	0
urdT4	1	urdF4	0
artisticF0	1	artisticT0	0
basketsF0	1	basketsT0	0
grolliF0	6	grolliT0	0
fittingF0	13	fittingT0	0
vveF2	1	vveT2	0
tactfulF0	1	tactfulT0	0
fillT0	4	fillF0	0
lakeT0	23	lakeF0	0
bjaT4	1	bjaF4	0
sixtyF0	1	sixtyT0	0
tedF2	865	tedT2	0
forefrontF0	1	forefrontT0	0
tapF4	4	tapT4	0
fakeF0	1	fakeT0	0
extendedF0	7	extendedT0	0
asiF2	2	asiT2	0
ntaT2	26	ntaF2	0
grnF2	1	grnT2	0
clarachaF0	1	clarachaT0	0
aireF0	1	aireT0	0
sgsT2	2	sgsF2	0
assistF0	4	assistT0	0
appT4	34	appF4	0
gayT4	1	gayF4	0
bosfloT0	1	bosfloF0	0
tinT4	7	tinF4	0
hauronT0	1	hauronF0	0
colonF0	1	colonT0	0
buttonsT0	3	buttonsF0	0
senegalT0	1	senegalF0	0
eagT4	2	eagF4	0
preservingF0	2	preservingT0	0
onrF4	1	onrT4	0
occlusionF0	1	occlusionT0	0
purchaseT0	2	purchaseF0	0
druT4	9	druF4	0
cruzerT0	1	cruzerF0	0
cheesyF0	3	cheesyT0	0
polT4	52	polF4	0
punctuatedF0	1	punctuatedT0	0
expertiseF0	10	expertiseT0	0
itialianT0	6	itialianF0	0
rboT2	2	rboF2	0
lerT2	33	lerF2	0
yiF3	4	yiT3	0
auctionF0	2	auctionT0	0
torontoT0	1	torontoF0	0
dakarT0	4	dakarF0	0
legnoF0	1	legnoT0	0
sharonF0	1	sharonT0	0
relationsF0	4	relationsT0	0
mesesF0	1	mesesT0	0
herbicideF0	1	herbicideT0	0
caraF0	1	caraT0	0
sikF2	1	sikT2	0
chloralF0	1	chloralT0	0
complicatedF0	4	complicatedT0	0
nigelT0	1	nigelF0	0
birthT0	2	birthF0	0
wamF4	1	wamT4	0
americansT0	1	americansF0	0
catarinaT0	2	catarinaF0	0
errorislandT0	1	errorislandF0	0
custF0	2	custT0	0
carryT0	1	carryF0	0
transportF0	5	transportT0	0
pngF4	4	pngT4	0
increasingF0	5	increasingT0	0
lincolnT0	40	lincolnF0	0
mioF4	1	mioT4	0
choreF0	1	choreT0	0
indeedT0	1	indeedF0	0
scrapF0	1	scrapT0	0
traffickedF0	1	traffickedT0	0
principallyF0	1	principallyT0	0
consignmentT0	1	consignmentF0	0
sacramentoF0	2	sacramentoT0	0
nedT4	1	nedF4	0
popT0	5	popF0	0
favourF0	1	favourT0	0
uzzT4	1	uzzF4	0
iptT2	76	iptF2	0
meniscusF0	1	meniscusT0	0
reatedF0	1	reatedT0	0
thinF0	3	thinT0	0
whereT0	30	whereF0	0
mountainF0	2	mountainT0	0
nancyT0	1	nancyF0	0
impressionadoF0	1	impressionadoT0	0
nominateF0	4	nominateT0	0
keywordF0	22	keywordT0	0
assF2	45	assT2	0
zeminT0	1	zeminF0	0
everettT0	1	everettF0	0
soonF0	16	soonT0	0
domainarrayT0	1	domainarrayF0	0
mlF2	1	mlT2	0
malmT0	1	malmF0	0
crqigslistF0	2	crqigslistT0	0
rainyF0	2	rainyT0	0
xyicF0	1	xyicT0	0
gabourelT0	1	gabourelF0	0
shotcreteT0	1	shotcreteF0	0
ntinueF0	1	ntinueT0	0
erzF2	1	erzT2	0
immediateT0	1	immediateF0	0
roostingF0	1	roostingT0	0
friesF0	2	friesT0	0
snowlT0	2	snowlF0	0
ntF3	12	ntT3	0
shrewT0	1	shrewF0	0
damageT0	2	damageF0	0
wmaT0	1	wmaF0	0
transformedF0	1	transformedT0	0
zerF2	5	zerT2	0
velcroT0	2	velcroF0	0
icyF4	1	icyT4	0
karlssonT0	1	karlssonF0	0
basedF0	28	basedT0	0
nobodyllF0	1	nobodyllT0	0
delF0	12	delT0	0
iwT1	1	iwF1	0
jubT4	3	jubF4	0
pgT0	2	pgF0	0
mphF4	4	mphT4	0
scientistsF0	3	scientistsT0	0
sikisF0	1	sikisT0	0
oksT2	10	oksF2	0
elfishF0	1	elfishT0	0
ceeT4	11	ceeF4	0
inT0	217	inF0	0
webpageF0	1	webpageT0	0
pngT0	1	pngF0	0
