tuF2	20	tuT2	0
fatF0	3	fatT0	0
palT4	9	palF4	0
bobT4	3	bobF4	0
dbT3	2	dbF3	0
learnedT0	1	learnedF0	0
ozoneF0	1	ozoneT0	0
lodgingsF0	1	lodgingsT0	0
idahoT0	1	idahoF0	0
owT1	303	owF1	0
shangT0	1	shangF0	0
zynF2	1	zynT2	0
incidentsF0	2	incidentsT0	0
proT4	371	proF4	0
arriveF0	4	arriveT0	0
nevadaT0	2	nevadaF0	0
vuateF0	1	vuateT0	0
sellinbF0	1	sellinbT0	0
keeshkasF0	1	keeshkasT0	0
openidT0	1	openidF0	0
huntersT0	1	huntersF0	0
hdF1	2	hdT1	0
cancerchickenT0	1	cancerchickenF0	0
gmcT0	3	gmcF0	0
oeF3	2	oeT3	0
exactF0	1	exactT0	0
wwT3	11	wwF3	0
rshF2	2	rshT2	0
recognitionF0	1	recognitionT0	0
cameraT0	1	cameraF0	0
ogF1	110	ogT1	0
chooseT0	35	chooseF0	0
reputationF0	4	reputationT0	0
grandeF0	7	grandeT0	0
combinedF0	3	combinedT0	0
desperateF0	1	desperateT0	0
knotsF0	5	knotsT0	0
damageF0	3	damageT0	0
godsT0	1	godsF0	0
epsonT0	1	epsonF0	0
habladorF0	2	habladorT0	0
masF4	45	masT4	0
creedF0	1	creedT0	0
waitT0	1	waitF0	0
navigatorT0	1	navigatorF0	0
nasceuF0	1	nasceuT0	0
strategyF0	7	strategyT0	0
foodsT0	1	foodsF0	0
craigspistF0	1	craigspistT0	0
ctF0	3	ctT0	0
socializationT0	1	socializationF0	0
troF4	39	troT4	0
habariF0	1	habariT0	0
hostedT0	1	hostedF0	0
primitiveF0	1	primitiveT0	0
gamepointsT0	1	gamepointsF0	0
breF2	8	breT2	0
vpT1	3	vpF1	0
civilF0	4	civilT0	0
investorsbusinessT0	1	investorsbusinessF0	0
aesF2	2	aesT2	0
sergioF0	1	sergioT0	0
linnF0	1	linnT0	0
wntF0	1	wntT0	0
chartransferT0	1	chartransferF0	0
nfoF2	20	nfoT2	0
lfT1	27	lfF1	0
germansT0	1	germansF0	0
greenvilleF0	2	greenvilleT0	0
zinT4	1	zinF4	0
sucF4	111	sucT4	0
stayT0	3	stayF0	0
sprawlingF0	1	sprawlingT0	0
znyF2	2	znyT2	0
spoilersF0	1	spoilersT0	0
sucessoF0	2	sucessoT0	0
broomT0	1	broomF0	0
gachF0	2	gachT0	0
guaranteesF0	5	guaranteesT0	0
relevanceF0	1	relevanceT0	0
rerT2	13	rerF2	0
platesF0	3	platesT0	0
prepT0	1	prepF0	0
praF2	7	praT2	0
violenceT0	5	violenceF0	0
rtgF2	1	rtgT2	0
counleyT0	1	counleyF0	0
acceptanceF0	3	acceptanceT0	0
nestedT0	1	nestedF0	0
sqT3	5	sqF3	0
thaT4	57	thaF4	0
inpT4	1	inpF4	0
pqF0	3	pqT0	0
obvT4	1	obvF4	0
managementT0	13	managementF0	0
aroostookF0	1	aroostookT0	0
gmcF4	1	gmcT4	0
invejaF0	1	invejaT0	0
ranT0	1	ranF0	0
rveF2	26	rveT2	0
maidensF0	1	maidensT0	0
crF2	1	crT2	0
auditoriumF0	1	auditoriumT0	0
visitF0	38	visitT0	0
champT0	1	champF0	0
fabricantiT0	8	fabricantiF0	0
ranF4	49	ranT4	0
prepareF0	3	prepareT0	0
kaF1	17	kaT1	0
wingT0	1	wingF0	0
journalistF0	1	journalistT0	0
umiT0	1	umiF0	0
extremelyF0	10	extremelyT0	0
vancouverT0	4	vancouverF0	0
grittyF0	1	grittyT0	0
refinanceF0	1	refinanceT0	0
kauF4	1	kauT4	0
modernF0	16	modernT0	0
bleT4	3	bleF4	0
incentiveF0	1	incentiveT0	0
showT0	5	showF0	0
iffT2	5	iffF2	0
siyF4	1	siyT4	0
kesF2	49	kesT2	0
probingF0	2	probingT0	0
emprisonnF0	1	emprisonnT0	0
ogsT2	28	ogsF2	0
allcopiadosF0	1	allcopiadosT0	0
isuT4	2	isuF4	0
absoluteF0	9	absoluteT0	0
containsF0	13	containsT0	0
tshirtsF0	1	tshirtsT0	0
firingF0	1	firingT0	0
headsetsT0	1	headsetsF0	0
adosF0	1	adosT0	0
feeswithT0	1	feeswithF0	0
bagsF0	3	bagsT0	0
rolF2	47	rolT2	0
reddingT0	1	reddingF0	0
protF0	1	protT0	0
contactsF0	2	contactsT0	0
acquaintanceF0	1	acquaintanceT0	0
cueT4	2	cueF4	0
bidF2	1	bidT2	0
trainingspleaseT0	1	trainingspleaseF0	0
semanaF0	1	semanaT0	0
profileweT0	1	profileweF0	0
centennialF0	1	centennialT0	0
influentialF0	1	influentialT0	0
defaultT0	25	defaultF0	0
queramosF0	1	queramosT0	0
talF4	53	talT4	0
allF2	459	allT2	0
aeromagneticF0	2	aeromagneticT0	0
platformF0	2	platformT0	0
nousF0	3	nousT0	0
hundredsF0	7	hundredsT0	0
indymacT0	1	indymacF0	0
accessedF0	2	accessedT0	0
retainF0	3	retainT0	0
tofT2	1	tofF2	0
ratificationF0	1	ratificationT0	0
judicialF0	1	judicialT0	0
gottenF0	1	gottenT0	0
bliF4	12	bliT4	0
rimsF0	2	rimsT0	0
nonF4	35	nonT4	0
hipsterF0	1	hipsterT0	0
xiwaF0	2	xiwaT0	0
closelyF0	5	closelyT0	0
manueaT0	1	manueaF0	0
nsF0	33	nsT0	0
saiT4	8	saiF4	0
sandyF0	2	sandyT0	0
spellsF0	1	spellsT0	0
endescriptionF0	1	endescriptionT0	0
musF4	195	musT4	0
privatizationsT0	1	privatizationsF0	0
worldofwarcraftF0	1	worldofwarcraftT0	0
hepaticaF0	1	hepaticaT0	0
eskF2	6	eskT2	0
dobkinT0	1	dobkinF0	0
lionsF0	1	lionsT0	0
lilT0	1	lilF0	0
escortsT0	1	escortsF0	0
daveramseyF0	1	daveramseyT0	0
rmF2	1	rmT2	0
gouF4	1	gouT4	0
birdersT0	1	birdersF0	0
payerF0	1	payerT0	0
rtsF0	4	rtsT0	0
tpwdT0	1	tpwdF0	0
thoughtF0	29	thoughtT0	0
smaF4	60	smaT4	0
intricateF0	1	intricateT0	0
connaisF0	1	connaisT0	0
committeeF0	11	committeeT0	0
chansonsF0	1	chansonsT0	0
largerT0	2	largerF0	0
suvaniearsF0	1	suvaniearsT0	0
constantsF0	1	constantsT0	0
dexF4	1	dexT4	0
herculesF0	1	herculesT0	0
dhiT2	1	dhiF2	0
ltiT2	2	ltiF2	0
explorationF0	8	explorationT0	0
lloT4	11	lloF4	0
fsrF4	1	fsrT4	0
initiatedT0	1	initiatedF0	0
materielT0	3	materielF0	0
berF2	128	berT2	0
laminateF0	1	laminateT0	0
collapseF0	1	collapseT0	0
parliamentT0	1	parliamentF0	0
evtF0	1	evtT0	0
keeT2	1	keeF2	0
smaT0	1	smaF0	0
especiallyF0	20	especiallyT0	0
gosT2	1	gosF2	0
gkT1	1	gkF1	0
btF1	25	btT1	0
excessF0	4	excessT0	0
fieryF0	1	fieryT0	0
ventureT0	1	ventureF0	0
malpracticeF0	1	malpracticeT0	0
falT4	7	falF4	0
agricultureF0	4	agricultureT0	0
wouldT0	5	wouldF0	0
leedsT0	2	leedsF0	0
uefaT0	1	uefaF0	0
notificationF0	4	notificationT0	0
queT0	9	queF0	0
lolT4	2	lolF4	0
takeF0	69	takeT0	0
truT4	49	truF4	0
mechanismF0	2	mechanismT0	0
freestayT0	4	freestayF0	0
witnessesT0	1	witnessesF0	0
ruedaT0	2	ruedaF0	0
asF3	202	asT3	0
kwaF2	2	kwaT2	0
beaconsfieldT0	1	beaconsfieldF0	0
discussiF0	1	discussiT0	0
lilF4	2	lilT4	0
speedT0	4	speedF0	0
vruT2	1	vruF2	0
imagerF0	1	imagerT0	0
byT2	55	byF2	0
oxleyT0	11	oxleyF0	0
utstandingF0	1	utstandingT0	0
ranklechickT0	1	ranklechickF0	0
itzF2	1	itzT2	0
ebonyT0	3	ebonyF0	0
modernizedF0	1	modernizedT0	0
smF1	52	smT1	0
listenF0	10	listenT0	0
profileF0	9	profileT0	0
aprF2	1	aprT2	0
ridingT0	1	ridingF0	0
seeT4	40	seeF4	0
oaT3	2	oaF3	0
badF0	16	badT0	0
dlT3	1	dlF3	0
bradT0	3	bradF0	0
astrakhanF0	1	astrakhanT0	0
aqT1	8	aqF1	0
aptF0	1	aptT0	0
foamT0	1	foamF0	0
chestF0	1	chestT0	0
contendF0	1	contendT0	0
exclamatoryF0	1	exclamatoryT0	0
vaguenessF0	1	vaguenessT0	0
recentT0	4	recentF0	0
enjoyT0	4	enjoyF0	0
hrT3	2	hrF3	0
pietyF0	1	pietyT0	0
regardingF0	19	regardingT0	0
replacingF0	1	replacingT0	0
estouraF0	1	estouraT0	0
rabT2	1	rabF2	0
proceedingsF0	3	proceedingsT0	0
fixT4	62	fixF4	0
satisfiedfeaturesT0	1	satisfiedfeaturesF0	0
historianF0	1	historianT0	0
bmpT2	6	bmpF2	0
fyF2	1	fyT2	0
purF2	2	purT2	0
posturlT0	14	posturlF0	0
ponF2	40	ponT2	0
detroitF0	1	detroitT0	0
millaF0	1	millaT0	0
grantsF0	18	grantsT0	0
titT4	15	titF4	0
springF0	4	springT0	0
intendedF0	2	intendedT0	0
johnsonT0	6	johnsonF0	0
pfgT4	1	pfgF4	0
bloomF0	1	bloomT0	0
wmsF2	1	wmsT2	0
zorT4	1	zorF4	0
dadT4	8	dadF4	0
laminatedF0	1	laminatedT0	0
suspendedF0	2	suspendedT0	0
literatureF0	2	literatureT0	0
practiceT0	7	practiceF0	0
rivT4	23	rivF4	0
refusesF0	1	refusesT0	0
receiptsF0	1	receiptsT0	0
playedF0	17	playedT0	0
banderaT0	1	banderaF0	0
eptT2	21	eptF2	0
thuT4	46	thuF4	0
cheapistF0	1	cheapistT0	0
ferriedF0	2	ferriedT0	0
tubesT0	1	tubesF0	0
adoptedF0	2	adoptedT0	0
jpgF4	3	jpgT4	0
sizedF0	7	sizedT0	0
cmyT2	1	cmyF2	0
soiF4	2	soiT4	0
kimF4	2	kimT4	0
drivingT0	5	drivingF0	0
inherentF0	1	inherentT0	0
lessT0	2	lessF0	0
mesotheliomaF0	4	mesotheliomaT0	0
macF0	3	macT0	0
mennoniteT0	2	mennoniteF0	0
sntF4	1	sntT4	0
piecesF0	2	piecesT0	0
putF0	42	putT0	0
hbcF4	2	hbcT4	0
smsplusT0	3	smsplusF0	0
legoF0	1	legoT0	0
gueF4	47	gueT4	0
wadeT0	2	wadeF0	0
permittF0	1	permittT0	0
amaF2	8	amaT2	0
athensT0	1	athensF0	0
ayeT2	31	ayeF2	0
fulT4	13	fulF4	0
sphF4	1	sphT4	0
caderasF0	1	caderasT0	0
priateF0	2	priateT0	0
ceardlannaF0	1	ceardlannaT0	0
funT2	8	funF2	0
unripeF0	1	unripeT0	0
xedF4	1	xedT4	0
spectacularF0	4	spectacularT0	0
eginT0	1	eginF0	0
beT2	14	beF2	0
vedT2	13	vedF2	0
meT1	226	meF1	0
streamsF0	2	streamsT0	0
cajaT0	1	cajaF0	0
cgiT4	2	cgiF4	0
ciF1	16	ciT1	0
obairF0	1	obairT0	0
acclaimedF0	1	acclaimedT0	0
reefsF0	8	reefsT0	0
talentsF0	1	talentsT0	0
newbiesF0	2	newbiesT0	0
ropT4	1	ropF4	0
landingT0	1	landingF0	0
michaeT0	1	michaeF0	0
aswF4	1	aswT4	0
starletT0	2	starletF0	0
nicolT0	1	nicolF0	0
plotlineF0	1	plotlineT0	0
macrosF0	2	macrosT0	0
deletedT0	2	deletedF0	0
makingT0	4	makingF0	0
dominatrixF0	1	dominatrixT0	0
donT0	18	donF0	0
workF0	121	workT0	0
governmentsetT0	1	governmentsetF0	0
steeF0	1	steeT0	0
breakF0	10	breakT0	0
burnT0	1	burnF0	0
atlasT0	3	atlasF0	0
groundF0	5	groundT0	0
tarT4	8	tarF4	0
voresF0	1	voresT0	0
akiT2	1	akiF2	0
copyF0	45	copyT0	0
halloweenT0	1	halloweenF0	0
aadcF0	1	aadcT0	0
mimF2	4	mimT2	0
reeaF0	1	reeaT0	0
incumbranceF0	1	incumbranceT0	0
kimT0	4	kimF0	0
lneT2	1	lneF2	0
froT4	36	froF4	0
deliberationsF0	1	deliberationsT0	0
anzT2	1	anzF2	0
perkedF0	1	perkedT0	0
rleF2	2	rleT2	0
fanT2	1	fanF2	0
nurseF0	1	nurseT0	0
irisT0	1	irisF0	0
irvT4	1	irvF4	0
calmF0	2	calmT0	0
perrisT0	1	perrisF0	0
ingsF0	1	ingsT0	0
woeF4	2	woeT4	0
mgeF2	1	mgeT2	0
bonusesT0	2	bonusesF0	0
ldquoF0	6	ldquoT0	0
mobsF0	1	mobsT0	0
rubbingT0	1	rubbingF0	0
ferT4	11	ferF4	0
chtT2	1	chtF2	0
hummingbirdhighwayT0	1	hummingbirdhighwayF0	0
ovestT0	1	ovestF0	0
donateF0	2	donateT0	0
hlyF2	17	hlyT2	0
undergoneF0	1	undergoneT0	0
soilT0	3	soilF0	0
marchT0	24	marchF0	0
classedF0	1	classedT0	0
targetF0	6	targetT0	0
habitatF0	5	habitatT0	0
undertakerT0	1	undertakerF0	0
abbozzoF0	1	abbozzoT0	0
methodologyF0	1	methodologyT0	0
ftwareF0	3	ftwareT0	0
formatT0	9	formatF0	0
fabT4	153	fabF4	0
dowdyT0	1	dowdyF0	0
kyT3	4	kyF3	0
faunaF0	4	faunaT0	0
stratocasterT0	1	stratocasterF0	0
lebanonF0	1	lebanonT0	0
horrendousF0	1	horrendousT0	0
portF0	18	portT0	0
happilyT0	1	happilyF0	0
esprtacoT0	1	esprtacoF0	0
mcT3	9	mcF3	0
novellaF0	1	novellaT0	0
apartmentsF0	13	apartmentsT0	0
ideaF0	18	ideaT0	0
elevationT0	1	elevationF0	0
specifyT0	1	specifyF0	0
binabagoF0	1	binabagoT0	0
ldeT2	1	ldeF2	0
eacuteF0	6	eacuteT0	0
thanT0	1	thanF0	0
competitiveT0	1	competitiveF0	0
transplantF0	1	transplantT0	0
andsecondaryF0	1	andsecondaryT0	0
carriersT0	1	carriersF0	0
hydroelectricF0	2	hydroelectricT0	0
snowboardT0	1	snowboardF0	0
crisisT0	1	crisisF0	0
splendidF0	2	splendidT0	0
belT4	545	belF4	0
deborahT0	1	deborahF0	0
rvF3	2	rvT3	0
ageF4	47	ageT4	0
troubleF0	3	troubleT0	0
atravsF0	1	atravsT0	0
majorF0	24	majorT0	0
hojF4	1	hojT4	0
febT0	15	febF0	0
enquiryF0	1	enquiryT0	0
verifyF0	4	verifyT0	0
marketsF0	5	marketsT0	0
nonsenseF0	2	nonsenseT0	0
takenF0	14	takenT0	0
yellowstoneT0	1	yellowstoneF0	0
clearstreamT0	1	clearstreamF0	0
retravaillerF0	1	retravaillerT0	0
amenitiesF0	1	amenitiesT0	0
pervadedF0	1	pervadedT0	0
confirmedF0	2	confirmedT0	0
manufacturedT0	2	manufacturedF0	0
ppsT2	5	ppsF2	0
dhaF4	4	dhaT4	0
organizationF0	3	organizationT0	0
durF4	64	durT4	0
notablefeatureF0	1	notablefeatureT0	0
kneeT0	2	kneeF0	0
melodeeF0	1	melodeeT0	0
breedsT0	1	breedsF0	0
districtsT0	3	districtsF0	0
fullertonT0	1	fullertonF0	0
beginF0	11	beginT0	0
ycT1	3	ycF1	0
pcbT2	5	pcbF2	0
linksT0	5	linksF0	0
tidesT0	1	tidesF0	0
mccT4	1	mccF4	0
wierdF0	2	wierdT0	0
marcusT0	1	marcusF0	0
dsF0	7	dsT0	0
chevrolegF0	1	chevrolegT0	0
sdF0	1	sdT0	0
orxishF0	1	orxishT0	0
tydT4	2	tydF4	0
lryF2	4	lryT2	0
snappperF0	1	snappperT0	0
sailingnovemberT0	1	sailingnovemberF0	0
necessaryF0	20	necessaryT0	0
enhancingF0	1	enhancingT0	0
bestirT0	2	bestirF0	0
eT0	55	eF0	0
hiT2	4	hiF2	0
pankratiastsT0	1	pankratiastsF0	0
ttyF2	17	ttyT2	0
bostonT0	4	bostonF0	0
sieT0	2	sieF0	0
saoF2	1	saoT2	0
skyF2	9	skyT2	0
fedF2	7	fedT2	0
albanyT0	2	albanyF0	0
fluT4	11	fluF4	0
htT1	113	htF1	0
craigslisF0	2	craigslisT0	0
crewF0	2	crewT0	0
warrorF0	1	warrorT0	0
hubT2	1	hubF2	0
resortT0	2	resortF0	0
bhoF2	1	bhoT2	0
olnT2	40	olnF2	0
ravT2	1	ravF2	0
rtaT4	1	rtaF4	0
somF0	2	somT0	0
accommodatedF0	2	accommodatedT0	0
wearF0	5	wearT0	0
ageT0	3	ageF0	0
organF0	1	organT0	0
facilityF0	19	facilityT0	0
problemF0	24	problemT0	0
advisesF0	1	advisesT0	0
nngF2	1	nngT2	0
endT0	3	endF0	0
depictingF0	2	depictingT0	0
bumperF0	1	bumperT0	0
theT0	964	theF0	0
tornF0	4	tornT0	0
kenyT0	1	kenyF0	0
fraF2	1	fraT2	0
panT2	24	panF2	0
meyF4	1	meyT4	0
ftT3	1	ftF3	0
netreturnF0	1	netreturnT0	0
sustainabilityF0	4	sustainabilityT0	0
yoF3	1794	yoT3	0
butT0	41	butF0	0
glueT0	1	glueF0	0
eyeF2	11	eyeT2	0
frontierT0	3	frontierF0	0
siverF0	1	siverT0	0
srT2	1	srF2	0
recipesF0	4	recipesT0	0
braT2	1	braF2	0
ilF2	11	ilT2	0
legislativeT0	1	legislativeF0	0
emT1	156	emF1	0
systemT0	15	systemF0	0
penF2	56	penT2	0
needethF0	1	needethT0	0
webcamT0	1	webcamF0	0
magicT0	1	magicF0	0
michelaT0	1	michelaF0	0
bbsT0	6	bbsF0	0
pelhamT0	9	pelhamF0	0
scmF2	1	scmT2	0
tenT4	12	tenF4	0
annT4	26	annF4	0
thoseT0	9	thoseF0	0
featuresT0	7	featuresF0	0
interlibraryT0	4	interlibraryF0	0
ddoT0	1	ddoF0	0
pawsF0	1	pawsT0	0
suspicionF0	2	suspicionT0	0
cpT0	1	cpF0	0
lapT4	3	lapF4	0
chowF0	1	chowT0	0
ptiF2	2	ptiT2	0
felF4	23	felT4	0
nwdT2	1	nwdF2	0
pbT1	1	pbF1	0
tumblelogF0	1	tumblelogT0	0
leakF0	1	leakT0	0
estoF0	1	estoT0	0
nirT2	1	nirF2	0
orcsT0	9	orcsF0	0
nigeriamapT0	1	nigeriamapF0	0
deseesF0	1	deseesT0	0
conservationT0	6	conservationF0	0
seedeatersF0	3	seedeatersT0	0
wasT0	4	wasF0	0
esqueceramF0	1	esqueceramT0	0
exchangeT0	3	exchangeF0	0
newyorkT0	1	newyorkF0	0
doubleF0	6	doubleT0	0
watchT0	4	watchF0	0
pointedF0	1	pointedT0	0
mailT0	10	mailF0	0
robF2	1	robT2	0
centriT0	1	centriF0	0
warehT0	1	warehF0	0
utF2	22	utT2	0
samT0	1	samF0	0
ottF2	1	ottT2	0
podemosF0	1	podemosT0	0
camaroT0	2	camaroF0	0
plottingF0	2	plottingT0	0
tampaF0	1	tampaT0	0
bangladeshT0	1	bangladeshF0	0
cinemaT0	1	cinemaF0	0
destructiF0	1	destructiT0	0
magazynF0	1	magazynT0	0
predictionF0	2	predictionT0	0
perT4	98	perF4	0
hopT4	3	hopF4	0
gjengedalT0	1	gjengedalF0	0
keygenF0	2	keygenT0	0
litT2	2	litF2	0
opacT0	5	opacF0	0
folF4	97	folT4	0
classificazioneF0	1	classificazioneT0	0
worshipperF0	5	worshipperT0	0
universoT0	2	universoF0	0
inningT0	1	inningF0	0
directT0	5	directF0	0
hornT0	1	hornF0	0
crazedlistT0	1	crazedlistF0	0
expandedF0	3	expandedT0	0
durableF0	1	durableT0	0
breatheF0	2	breatheT0	0
msrcuryF0	1	msrcuryT0	0
vhsT4	1	vhsF4	0
tomeT0	3	tomeF0	0
quantitiesF0	1	quantitiesT0	0
shouldnF0	2	shouldnT0	0
collectedinformationF0	1	collectedinformationT0	0
erosionT0	2	erosionF0	0
sunshineF0	1	sunshineT0	0
meoT0	3	meoF0	0
brF3	220	brT3	0
wanderingT0	1	wanderingF0	0
easilyT0	1	easilyF0	0
hoursF0	62	hoursT0	0
doctorT0	5	doctorF0	0
nutF2	1	nutT2	0
percentF0	6	percentT0	0
invisibleF0	1	invisibleT0	0
dividendF0	1	dividendT0	0
foreshoreT0	1	foreshoreF0	0
cheerleadersF0	2	cheerleadersT0	0
hedF0	2	hedT0	0
lorF2	19	lorT2	0
meyersF0	1	meyersT0	0
formaF0	1	formaT0	0
rightsT0	3	rightsF0	0
plutF0	2	plutT0	0
indianF0	1	indianT0	0
tywyddF0	1	tywyddT0	0
capsuleT0	1	capsuleF0	0
bloggingT0	1	bloggingF0	0
merchandiseT0	1	merchandiseF0	0
dreamT0	2	dreamF0	0
lotF0	36	lotT0	0
repeatT0	6	repeatF0	0
trucsF0	1	trucsT0	0
ikaT2	1	ikaF2	0
frontF0	16	frontT0	0
biggestF0	2	biggestT0	0
vendingT0	3	vendingF0	0
colonialF0	1	colonialT0	0
fallenangelT0	1	fallenangelF0	0
seaF2	23	seaT2	0
topT2	48	topF2	0
upvT4	4	upvF4	0
somewhatstandardF0	1	somewhatstandardT0	0
readyF0	24	readyT0	0
infernoF0	2	infernoT0	0
timeF0	218	timeT0	0
kkiT2	31	kkiF2	0
intrepidF0	1	intrepidT0	0
edtT4	2	edtF4	0
omaT4	8	omaF4	0
frameF0	3	frameT0	0
matanzasT0	1	matanzasF0	0
victoriousF0	1	victoriousT0	0
natureT0	4	natureF0	0
ellT4	1	ellF4	0
thereinF0	5	thereinT0	0
videoT0	22	videoF0	0
walkF0	9	walkT0	0
smuF4	1	smuT4	0
yesT4	8	yesF4	0
tyrF4	2	tyrT4	0
oneofF0	2	oneofT0	0
ddT1	24	ddF1	0
gyF1	56	gyT1	0
acadcalcstairT0	2	acadcalcstairF0	0
mckennaF0	1	mckennaT0	0
todT4	25	todF4	0
appropriateF0	5	appropriateT0	0
settingsF0	26	settingsT0	0
kaiT2	1	kaiF2	0
philliptorroneF0	4	philliptorroneT0	0
icoF0	1	icoT0	0
csF1	73	csT1	0
phanesT0	1	phanesF0	0
umbrellasF0	1	umbrellasT0	0
gasF0	1	gasT0	0
marchesF0	1	marchesT0	0
assortedF0	2	assortedT0	0
myT1	109	myF1	0
fnF3	1	fnT3	0
turnT0	1	turnF0	0
waiF4	27	waiT4	0
rdiT2	1	rdiF2	0
vshnT0	1	vshnF0	0
sableT0	3	sableF0	0
structuredF0	10	structuredT0	0
mechanicalT0	2	mechanicalF0	0
tixT0	1	tixF0	0
faithfulF0	3	faithfulT0	0
iaoF2	1	iaoT2	0
hogsF0	1	hogsT0	0
printabeF0	1	printabeT0	0
igeT2	1	igeF2	0
brewsF0	1	brewsT0	0
kesslerT0	1	kesslerF0	0
spawnF0	1	spawnT0	0
rinT2	3	rinF2	0
canadianT0	7	canadianF0	0
mapleF0	1	mapleT0	0
franklinT0	2	franklinF0	0
fortuneF0	1	fortuneT0	0
initiallyT0	1	initiallyF0	0
iewF0	1	iewT0	0
unreasoningF0	1	unreasoningT0	0
englandF0	1	englandT0	0
tolosF0	1	tolosT0	0
pulT4	1	pulF4	0
emsF0	3	emsT0	0
lzT1	2	lzF1	0
justificationgF0	1	justificationgT0	0
cdpT0	1	cdpF0	0
questsF0	1	questsT0	0
mmT3	4	mmF3	0
activityF0	11	activityT0	0
aguT4	2	aguF4	0
iciT2	3	iciF2	0
pelicansF0	1	pelicansT0	0
originsF0	1	originsT0	0
hpeT4	10	hpeF4	0
ampleF0	5	ampleT0	0
rosetastoneF0	1	rosetastoneT0	0
themeF0	1	themeT0	0
pupF4	1	pupT4	0
followT0	15	followF0	0
footprintF0	2	footprintT0	0
changingF0	5	changingT0	0
asoF2	2	asoT2	0
potT2	7	potF2	0
ceoT0	2	ceoF0	0
dhF1	1	dhT1	0
masvT0	2	masvF0	0
reignF0	3	reignT0	0
fabricF0	5	fabricT0	0
expansionT0	3	expansionF0	0
vtF1	5	vtT1	0
tradesF0	1	tradesT0	0
comumF0	1	comumT0	0
implantologicalF0	2	implantologicalT0	0
cmT3	4	cmF3	0
daysF0	54	daysT0	0
towerF0	2	towerT0	0
ceoF4	2	ceoT4	0
atlF4	5	atlT4	0
guestbookT0	2	guestbookF0	0
misT2	3	misF2	0
climbingT0	1	climbingF0	0
dullF0	1	dullT0	0
yT0	51	yF0	0
windshieldF0	1	windshieldT0	0
evvT4	1	evvF4	0
lessonsT0	1	lessonsF0	0
ffsT2	17	ffsF2	0
admitF0	2	admitT0	0
celesteT0	2	celesteF0	0
krebsT0	1	krebsF0	0
weekyF0	1	weekyT0	0
smokeF0	1	smokeT0	0
lightsT0	3	lightsF0	0
objF0	1	objT0	0
surroundingsF0	5	surroundingsT0	0
phiT0	1	phiF0	0
regulationsT0	1	regulationsF0	0
distributeF0	4	distributeT0	0
vitT2	2	vitF2	0
listingsF0	5	listingsT0	0
backingF0	1	backingT0	0
mysticF0	1	mysticT0	0
wreckedF0	2	wreckedT0	0
fukagawaF0	1	fukagawaT0	0
urnF4	1	urnT4	0
micF2	25	micT2	0
runF4	56	runT4	0
infT4	144	infF4	0
birthF0	6	birthT0	0
criticsF0	1	criticsT0	0
diazepamF0	2	diazepamT0	0
gameboxF0	1	gameboxT0	0
depressedF0	3	depressedT0	0
altF4	20	altT4	0
meatF0	1	meatT0	0
poweringF0	1	poweringT0	0
rlaT2	5	rlaF2	0
meshT0	3	meshF0	0
abnormallyT0	1	abnormallyF0	0
casF4	98	casT4	0
notableT0	1	notableF0	0
tailsF0	1	tailsT0	0
asiT4	24	asiF4	0
misguidedF0	1	misguidedT0	0
buckheathT0	2	buckheathF0	0
mtF0	1	mtT0	0
wgF3	1	wgT3	0
tepT2	23	tepF2	0
mssT2	2	mssF2	0
nbcT4	2	nbcF4	0
flexibleF0	3	flexibleT0	0
languagesT0	5	languagesF0	0
envelopesF0	3	envelopesT0	0
famousT0	3	famousF0	0
treatsT0	1	treatsF0	0
oblT4	1	oblF4	0
ubertalentedF0	1	ubertalentedT0	0
reguatiF0	1	reguatiT0	0
asyF2	47	asyT2	0
ukF1	8	ukT1	0
aquT4	1	aquF4	0
consideringF0	1	consideringT0	0
worshipsF0	1	worshipsT0	0
richeF0	3	richeT0	0
helpingF0	2	helpingT0	0
westF0	8	westT0	0
everydayT0	1	everydayF0	0
gilmoreT0	1	gilmoreF0	0
warlockF0	2	warlockT0	0
immediateF0	3	immediateT0	0
positionF0	19	positionT0	0
dlcT4	1	dlcF4	0
afraidT0	1	afraidF0	0
ntiF4	1	ntiT4	0
wyeF4	1	wyeT4	0
everyoneF0	20	everyoneT0	0
emaT4	11	emaF4	0
barT2	8	barF2	0
lngF4	2	lngT4	0
effectiveF0	7	effectiveT0	0
gazeF0	1	gazeT0	0
notesT0	2	notesF0	0
graduatedF0	2	graduatedT0	0
ellosF0	1	ellosT0	0
installT0	7	installF0	0
institutionalT0	24	institutionalF0	0
unoccupiedF0	1	unoccupiedT0	0
stuffforT0	1	stuffforF0	0
pertainingF0	1	pertainingT0	0
humbleF0	2	humbleT0	0
theresF0	1	theresT0	0
iepirkaansT0	1	iepirkaansF0	0
rehomingF0	1	rehomingT0	0
gemF2	3	gemT2	0
librariesT0	7	librariesF0	0
contestsF0	2	contestsT0	0
proudlyF0	2	proudlyT0	0
paradehouseT0	1	paradehouseF0	0
hotF4	39	hotT4	0
thissiteF0	1	thissiteT0	0
yayT2	1	yayF2	0
ikF3	3	ikT3	0
performF0	6	performT0	0
bornF0	5	bornT0	0
xdT1	5	xdF1	0
eqF1	14	eqT1	0
finestF0	2	finestT0	0
chunoxT0	1	chunoxF0	0
oengusT0	2	oengusF0	0
corruptF0	1	corruptT0	0
chegasseF0	1	chegasseT0	0
rorT2	2	rorF2	0
styeF0	1	styeT0	0
passportsF0	2	passportsT0	0
processingT0	4	processingF0	0
colocarF0	1	colocarT0	0
tsT0	1	tsF0	0
gainingF0	2	gainingT0	0
pictorialT0	1	pictorialF0	0
terF4	70	terT4	0
shaunF0	1	shaunT0	0
tradersF0	2	tradersT0	0
iiT1	30	iiF1	0
amongstT0	1	amongstF0	0
starryF0	1	starryT0	0
lynnT0	1	lynnF0	0
pmT0	91	pmF0	0
batF4	48	batT4	0
teachT0	1	teachF0	0
programsF0	33	programsT0	0
retF4	77	retT4	0
isomakerT0	2	isomakerF0	0
sseF4	1	sseT4	0
outraF0	1	outraT0	0
tonguesF0	4	tonguesT0	0
dieuF0	1	dieuT0	0
aloneF0	11	aloneT0	0
pigmentsT0	16	pigmentsF0	0
compositionsF0	1	compositionsT0	0
baF0	3	baT0	0
vapT4	1	vapF4	0
photosT0	1	photosF0	0
instantT0	4	instantF0	0
exquisiteF0	2	exquisiteT0	0
tubF4	10	tubT4	0
periodicalsF0	4	periodicalsT0	0
hookF0	3	hookT0	0
hotT0	3	hotF0	0
songT0	5	songF0	0
mangosF0	1	mangosT0	0
librarythursdayT0	2	librarythursdayF0	0
sourceT0	4	sourceF0	0
nudT4	16	nudF4	0
ubesF0	1	ubesT0	0
premiumT0	1	premiumF0	0
ebT2	1	ebF2	0
hafF2	1	hafT2	0
falseF0	7	falseT0	0
euT3	61	euF3	0
magellanT0	1	magellanF0	0
nmT2	1	nmF2	0
sacF4	7	sacT4	0
hearingsT0	1	hearingsF0	0
coastalT0	11	coastalF0	0
southF0	18	southT0	0
cisT2	1	cisF2	0
suppliersF0	6	suppliersT0	0
earningsT0	1	earningsF0	0
saeF2	6	saeT2	0
gizmT0	1	gizmF0	0
couldF0	44	couldT0	0
fazF4	4	fazT4	0
getbackersF0	1	getbackersT0	0
cssT2	18	cssF2	0
deT0	7	deF0	0
medusaT0	1	medusaF0	0
degreesF0	4	degreesT0	0
usaT2	10	usaF2	0
oldestT0	1	oldestF0	0
itlT2	1	itlF2	0
egF1	17	egT1	0
reusableF0	1	reusableT0	0
bandwidthT0	1	bandwidthF0	0
auF1	6	auT1	0
wowT2	83	wowF2	0
peshwasF0	1	peshwasT0	0
similarF0	11	similarT0	0
eeF3	3	eeT3	0
catchF0	11	catchT0	0
isleT0	1	isleF0	0
reidsvilleT0	1	reidsvilleF0	0
animalsT0	2	animalsF0	0
stisiunF0	1	stisiunT0	0
ardF4	3	ardT4	0
skiesF0	1	skiesT0	0
watchesT0	1	watchesF0	0
executeF0	1	executeT0	0
ueT3	1	ueF3	0
injF4	11	injT4	0
goleF0	1	goleT0	0
rteF4	1	rteT4	0
thesubjectF0	1	thesubjectT0	0
addT4	104	addF4	0
wheelingF0	3	wheelingT0	0
divisionF0	2	divisionT0	0
peF2	2	peT2	0
grippedF0	1	grippedT0	0
artT4	78	artF4	0
wyT1	6	wyF1	0
maiT0	1	maiF0	0
etrF4	3	etrT4	0
kltvT0	1	kltvF0	0
ratT4	17	ratF4	0
isgF2	1	isgT2	0
rudelyF0	1	rudelyT0	0
imporataF0	1	imporataT0	0
whiteT0	77	whiteF0	0
eldestF0	1	eldestT0	0
schertzF0	2	schertzT0	0
advertisedF0	1	advertisedT0	0
tpwT4	1	tpwF4	0
benT2	61	benF2	0
technikoF0	1	technikoT0	0
wikF4	3	wikT4	0
rusieiT0	1	rusieiF0	0
holdF0	4	holdT0	0
herdT0	2	herdF0	0
thinkpadF0	1	thinkpadT0	0
pelF4	6	pelT4	0
needsF0	29	needsT0	0
ceolT0	1	ceolF0	0
rscheF0	1	rscheT0	0
intrinsicT0	1	intrinsicF0	0
assureF0	3	assureT0	0
sucksF0	1	sucksT0	0
derF0	6	derT0	0
otheranimalsF0	1	otheranimalsT0	0
bothT0	1	bothF0	0
plessisT0	1	plessisF0	0
vanF0	6	vanT0	0
estranhasT0	1	estranhasF0	0
millerT0	3	millerF0	0
spywareT0	2	spywareF0	0
fenceF0	1	fenceT0	0
tehF4	1	tehT4	0
containedF0	13	containedT0	0
xanT4	8	xanF4	0
lovT4	39	lovF4	0
isnecessaryF0	2	isnecessaryT0	0
farmallT0	1	farmallF0	0
sponsorsT0	4	sponsorsF0	0
beauxT0	1	beauxF0	0
butF4	261	butT4	0
furF2	3	furT2	0
lhF3	1	lhT3	0
unpublishedF0	2	unpublishedT0	0
aaF1	5	aaT1	0
rnsT2	2	rnsF2	0
wsF1	199	wsT1	0
batteriesF0	1	batteriesT0	0
gaapT0	1	gaapF0	0
pavT4	4	pavF4	0
draeneF0	7	draeneT0	0
prizesusT0	3	prizesusF0	0
uumF2	1	uumT2	0
isaT4	3	isaF4	0
gaT1	20	gaF1	0
hypT4	3	hypF4	0
disasterF0	1	disasterT0	0
geographicallyT0	1	geographicallyF0	0
ikeF2	214	ikeT2	0
tvF1	3	tvT1	0
fascinatingF0	6	fascinatingT0	0
wstheaterT0	1	wstheaterF0	0
whaleF0	1	whaleT0	0
lerF2	49	lerT2	0
oocF4	2	oocT4	0
revolutionF0	3	revolutionT0	0
vousF0	7	vousT0	0
madnessT0	2	madnessF0	0
blotF0	1	blotT0	0
aocT4	1	aocF4	0
adioF0	2	adioT0	0
latF4	47	latT4	0
throughoutT0	6	throughoutF0	0
nanT4	10	nanF4	0
mineralsT0	16	mineralsF0	0
storkF0	2	storkT0	0
faireT0	1	faireF0	0
oddF4	2	oddT4	0
mladchF0	1	mladchT0	0
kalakipF0	1	kalakipT0	0
zdaT2	3	zdaF2	0
scF1	7	scT1	0
livF4	62	livT4	0
hepT4	1	hepF4	0
ehrT2	1	ehrF2	0
amountsF0	6	amountsT0	0
aysF2	184	aysT2	0
financesT0	1	financesF0	0
cfT0	1	cfF0	0
parksF0	13	parksT0	0
miaF4	3	miaT4	0
warrenT0	3	warrenF0	0
lhcF4	1	lhcT4	0
papF4	17	papT4	0
tiedtoF0	1	tiedtoT0	0
ousF2	172	ousT2	0
czT0	2	czF0	0
ditF4	3	ditT4	0
webloggingT0	1	webloggingF0	0
larT2	40	larF2	0
mathematicianF0	1	mathematicianT0	0
tendingT0	1	tendingF0	0
lomoT0	1	lomoF0	0
fantasticF0	3	fantasticT0	0
acaF2	2	acaT2	0
hylF2	1	hylT2	0
venT2	34	venF2	0
nerF0	2	nerT0	0
ameT4	75	ameF4	0
idealF0	12	idealT0	0
professionalT0	3	professionalF0	0
umeT4	1	umeF4	0
mugT2	3	mugF2	0
tmlF2	9	tmlT2	0
woodrowT0	1	woodrowF0	0
actualitT0	1	actualitF0	0
nilF2	3	nilT2	0
lenT2	8	lenF2	0
copyrightT0	13	copyrightF0	0
trampleF0	1	trampleT0	0
infectiousT0	1	infectiousF0	0
saF3	435	saT3	0
igaF0	1	igaT0	0
stripeT0	1	stripeF0	0
quoF4	217	quoT4	0
onT0	61	onF0	0
tchT2	31	tchF2	0
ppF1	5	ppT1	0
weaskF0	1	weaskT0	0
cloisintF0	1	cloisintT0	0
sheepF0	1	sheepT0	0
monstresT0	1	monstresF0	0
wouT4	6	wouF4	0
tipfollowmouseT0	2	tipfollowmouseF0	0
ieuF2	1	ieuT2	0
julT0	14	julF0	0
justiceF0	4	justiceT0	0
cateF0	1	cateT0	0
hearsF0	1	hearsT0	0
voyantF0	2	voyantT0	0
hidingF0	1	hidingT0	0
phaF2	1	phaT2	0
confusedF0	5	confusedT0	0
nyourT0	1	nyourF0	0
cupsF0	2	cupsT0	0
wiredF0	2	wiredT0	0
rudyardT0	1	rudyardF0	0
iicT2	1	iicF2	0
rryT2	22	rryF2	0
kayakingF0	2	kayakingT0	0
iftF2	36	iftT2	0
interestedF0	13	interestedT0	0
bitT2	3	bitF2	0
rnF1	165	rnT1	0
forT4	319	forF4	0
viF2	2	viT2	0
avtF4	1	avtT4	0
ykeT2	2	ykeF2	0
gbT0	11	gbF0	0
bojF0	1	bojT0	0
cfeaT0	1	cfeaF0	0
vibrateF0	1	vibrateT0	0
ohF0	9	ohT0	0
runningF0	18	runningT0	0
wmT3	2	wmF3	0
leaveT0	2	leaveF0	0
functiF0	1	functiT0	0
okT3	4	okF3	0
humbugsF0	1	humbugsT0	0
ugaT4	1	ugaF4	0
cyclesF0	3	cyclesT0	0
thenF0	58	thenT0	0
wakF2	2	wakT2	0
zaT2	4	zaF2	0
quiF0	5	quiT0	0
silentF0	1	silentT0	0
vesselsT0	1	vesselsF0	0
hatT4	4	hatF4	0
jabF4	2	jabT4	0
fcT0	32	fcF0	0
authoritativeF0	1	authoritativeT0	0
pianoF0	2	pianoT0	0
poodleT0	1	poodleF0	0
estarF0	3	estarT0	0
weT1	115	weF1	0
comingT0	1	comingF0	0
germinskyT0	1	germinskyF0	0
oksF2	40	oksT2	0
xmlT4	1	xmlF4	0
deeplyF0	4	deeplyT0	0
indiaT0	7	indiaF0	0
reflectingF0	1	reflectingT0	0
ldoT2	1	ldoF2	0
shnT2	1	shnF2	0
rasterF0	4	rasterT0	0
estatesF0	1	estatesT0	0
lordF0	4	lordT0	0
philippinesF0	1	philippinesT0	0
wiiT2	2	wiiF2	0
desabafoF0	1	desabafoT0	0
oldT2	108	oldF2	0
bzT1	2	bzF1	0
taxF2	4	taxT2	0
accF0	1	accT0	0
chalpengeF0	1	chalpengeT0	0
mouseT0	2	mouseF0	0
distractionsF0	3	distractionsT0	0
dnT1	2	dnF1	0
rilT4	2	rilF4	0
forseF0	1	forseT0	0
rriF2	1	rriT2	0
abigailF0	2	abigailT0	0
latelyF0	2	latelyT0	0
maintainingF0	5	maintainingT0	0
federicaT0	1	federicaF0	0
litrochtF0	1	litrochtT0	0
findmysoftT0	1	findmysoftF0	0
danT4	36	danF4	0
storedF0	3	storedT0	0
saitF0	2	saitT0	0
instructiF0	2	instructiT0	0
arcviewT0	1	arcviewF0	0
moiF0	4	moiT0	0
dchF2	1	dchT2	0
tpT3	3	tpF3	0
kosciuskoT0	1	kosciuskoF0	0
magnifyingF0	1	magnifyingT0	0
ethF4	7	ethT4	0
desnudF0	1	desnudT0	0
niF0	1	niT0	0
nibcoT0	1	nibcoF0	0
maintainF0	17	maintainT0	0
williamT0	2	williamF0	0
seoT4	4	seoF4	0
gazetelerT0	1	gazetelerF0	0
psxT4	1	psxF4	0
permanentlyF0	2	permanentlyT0	0
gsmT4	1	gsmF4	0
significantF0	4	significantT0	0
swordT0	1	swordF0	0
wrecksF0	1	wrecksT0	0
wisconsinF0	3	wisconsinT0	0
vetF0	1	vetT0	0
sufficeF0	1	sufficeT0	0
preT4	94	preF4	0
coT1	71	coF1	0
algeriamapT0	1	algeriamapF0	0
hilT4	15	hilF4	0
flickrF0	1	flickrT0	0
jpgT0	4	jpgF0	0
toddT0	1	toddF0	0
simplestepsT0	1	simplestepsF0	0
nxT1	2	nxF1	0
scuF4	6	scuT4	0
peopleF0	102	peopleT0	0
channellT0	1	channellF0	0
inactiveF0	1	inactiveT0	0
erbF2	2	erbT2	0
awkF2	3	awkT2	0
systemicF0	2	systemicT0	0
dedF4	10	dedT4	0
uaF1	17	uaT1	0
fteT2	3	fteF2	0
artformF0	1	artformT0	0
phetF0	1	phetT0	0
douteF0	1	douteT0	0
shouldF0	79	shouldT0	0
torpedoT0	1	torpedoF0	0
hamlinF0	1	hamlinT0	0
realmT0	1	realmF0	0
completedF0	12	completedT0	0
diseasesF0	3	diseasesT0	0
processesT0	11	processesF0	0
intrusionF0	1	intrusionT0	0
boT2	2	boF2	0
chiefT0	3	chiefF0	0
mouT4	11	mouF4	0
roseateT0	1	roseateF0	0
pollT0	1	pollF0	0
menckenT0	1	menckenF0	0
clickedF0	1	clickedT0	0
dirT2	1	dirF2	0
plantingT0	1	plantingF0	0
alpT4	6	alpF4	0
rememberF0	20	rememberT0	0
uitgegeeF0	1	uitgegeeT0	0
contingentF0	4	contingentT0	0
distributorF0	2	distributorT0	0
calculatorsF0	7	calculatorsT0	0
laurenceT0	1	laurenceF0	0
balancingF0	2	balancingT0	0
terrainF0	1	terrainT0	0
jinT0	2	jinF0	0
susT4	10	susF4	0
roopsF0	1	roopsT0	0
dominicT0	1	dominicF0	0
uysF2	7	uysT2	0
julF4	3	julT4	0
laisseF0	2	laisseT0	0
relatedT0	5	relatedF0	0
continueT0	4	continueF0	0
nairneT0	1	nairneF0	0
zealandF0	1	zealandT0	0
berkeleyT0	1	berkeleyF0	0
sandersenT0	1	sandersenF0	0
numberT0	15	numberF0	0
donF4	117	donT4	0
wygF2	2	wygT2	0
purposelyF0	2	purposelyT0	0
missilesF0	1	missilesT0	0
elfT0	1	elfF0	0
distanceT0	1	distanceF0	0
denyonF0	1	denyonT0	0
screeningsF0	1	screeningsT0	0
filmedT0	1	filmedF0	0
debT2	2	debF2	0
jpT3	7	jpF3	0
podF2	1	podT2	0
couT4	127	couF4	0
plT1	5	plF1	0
oftT2	14	oftF2	0
illT0	11	illF0	0
rsvpT0	1	rsvpF0	0
dinF0	1	dinT0	0
custodyF0	3	custodyT0	0
oumT4	1	oumF4	0
crestF0	1	crestT0	0
greenT0	21	greenF0	0
acadltT0	1	acadltF0	0
banksF0	6	banksT0	0
egeF0	4	egeT0	0
vreF2	3	vreT2	0
spdT4	1	spdF4	0
goodbyeT0	1	goodbyeF0	0
ceeisT0	4	ceeisF0	0
jkF2	1	jkT2	0
plaT4	101	plaF4	0
fillF0	28	fillT0	0
vivF4	1	vivT4	0
seasonF0	10	seasonT0	0
nenF4	2	nenT4	0
hadT0	8	hadF0	0
zerT4	2	zerF4	0
poemF0	6	poemT0	0
hadF4	142	hadT4	0
fundamentalT0	5	fundamentalF0	0
assignT0	7	assignF0	0
amazingT0	2	amazingF0	0
cardsF0	10	cardsT0	0
disastrousF0	1	disastrousT0	0
jcpennyfurnitureF0	1	jcpennyfurnitureT0	0
priT0	1	priF0	0
elfF4	1	elfT4	0
gthF2	11	gthT2	0
entourF0	1	entourT0	0
fhiF4	3	fhiT4	0
ahT0	2	ahF0	0
chinaF0	2	chinaT0	0
settethF0	1	settethT0	0
deathsF0	1	deathsT0	0
emeF4	22	emeT4	0
necessityF0	1	necessityT0	0
gcaT2	1	gcaF2	0
pyF2	1	pyT2	0
mundoF0	3	mundoT0	0
animosityF0	2	animosityT0	0
sateiteF0	1	sateiteT0	0
kindaF0	3	kindaT0	0
courseT0	18	courseF0	0
ndeF4	1	ndeT4	0
statsT0	15	statsF0	0
resistantF0	1	resistantT0	0
deviationT0	2	deviationF0	0
ildF2	141	ildT2	0
pfF1	1	pfT1	0
healedF0	1	healedT0	0
hipF4	5	hipT4	0
dcT2	4	dcF2	0
unrF4	11	unrT4	0
rtT1	183	rtF1	0
riversideF0	6	riversideT0	0
sprayingT0	1	sprayingF0	0
febF4	1	febT4	0
decidingF0	1	decidingT0	0
chdF2	1	chdT2	0
villagersF0	1	villagersT0	0
tortureF0	1	tortureT0	0
ranksF0	3	ranksT0	0
twinkT0	1	twinkF0	0
talesT0	1	talesF0	0
dpF3	2	dpT3	0
unitedF0	3	unitedT0	0
hartfieldT0	1	hartfieldF0	0
occasionF0	2	occasionT0	0
hipT0	1	hipF0	0
catholicF0	1	catholicT0	0
goaF4	6	goaT4	0
cayeportT0	1	cayeportF0	0
ryF0	8	ryT0	0
rapF2	10	rapT2	0
uppingF0	1	uppingT0	0
deferentT0	1	deferentF0	0
amplifierF0	1	amplifierT0	0
imsT2	1	imsF2	0
pennF0	1	pennT0	0
nlyT2	24	nlyF2	0
rightunitedT0	1	rightunitedF0	0
eddF4	1	eddT4	0
lpT1	123	lpF1	0
vidsalsoT0	1	vidsalsoF0	0
priF4	238	priT4	0
citiesT0	3	citiesF0	0
cumF0	1	cumT0	0
iceF0	15	iceT0	0
underwaterF0	4	underwaterT0	0
dryF0	6	dryT0	0
toxT4	5	toxF4	0
forumF0	10	forumT0	0
papuaF0	1	papuaT0	0
befT0	1	befF0	0
eighteenF0	3	eighteenT0	0
dunT4	6	dunF4	0
engadgetT0	1	engadgetF0	0
urlT2	50	urlF2	0
faceT0	1	faceF0	0
wordsF0	45	wordsT0	0
motorsportT0	1	motorsportF0	0
hehT2	1	hehF2	0
befF4	79	befT4	0
miF1	15	miT1	0
macooF0	1	macooT0	0
transferT0	5	transferF0	0
tagsF0	2	tagsT0	0
mientrasF0	1	mientrasT0	0
protectionT0	13	protectionF0	0
registrarF0	1	registrarT0	0
yaT3	17	yaF3	0
rejF4	4	rejT4	0
youtubegoT0	1	youtubegoF0	0
decorF0	1	decorT0	0
wrappedF0	1	wrappedT0	0
variedF0	3	variedT0	0
martyF0	1	martyT0	0
isrestrictedF0	1	isrestrictedT0	0
practicalF0	2	practicalT0	0
agT1	73	agF1	0
ttoF2	8	ttoT2	0
smokinT0	2	smokinF0	0
contriburoF0	1	contriburoT0	0
kieF2	9	kieT2	0
ctrT2	1	ctrF2	0
oaoT2	1	oaoF2	0
internetF0	16	internetT0	0
telF0	2	telT0	0
caoT4	1	caoF4	0
animationsF0	1	animationsT0	0
referenceT0	8	referenceF0	0
ljF1	2	ljT1	0
whF2	7	whT2	0
lawsT0	1	lawsF0	0
arpF2	3	arpT2	0
intermediateF0	6	intermediateT0	0
situateF0	1	situateT0	0
impatienceF0	1	impatienceT0	0
liftingF0	1	liftingT0	0
sweetnessF0	1	sweetnessT0	0
overlandF0	2	overlandT0	0
torF4	18	torT4	0
intelligenceF0	2	intelligenceT0	0
skillF0	8	skillT0	0
singingF0	1	singingT0	0
stampT0	1	stampF0	0
faxT2	13	faxF2	0
ruskouF0	1	ruskouT0	0
rodF0	2	rodT0	0
schedueT0	1	schedueF0	0
wrF2	1	wrT2	0
notT4	62	notF4	0
tamiT0	1	tamiF0	0
giovaniT0	1	giovaniF0	0
signF0	14	signT0	0
michaelT0	6	michaelF0	0
xyT0	2	xyF0	0
deservingF0	1	deservingT0	0
proofsF0	1	proofsT0	0
traT4	104	traF4	0
veranstaltungenT0	1	veranstaltungenF0	0
verdueF0	1	verdueT0	0
italyT0	15	italyF0	0
headacheF0	2	headacheT0	0
aasT2	1	aasF2	0
lamanaiT0	10	lamanaiF0	0
boradsF0	1	boradsT0	0
lcdT4	2	lcdF4	0
temperF0	2	temperT0	0
independentlyF0	4	independentlyT0	0
mississippiT0	3	mississippiF0	0
clicksF0	4	clicksT0	0
idcookieT0	1	idcookieF0	0
friF4	78	friT4	0
unlimitedT0	1	unlimitedF0	0
jobF0	21	jobT0	0
stagesF0	2	stagesT0	0
ultF4	3	ultT4	0
customizationT0	2	customizationF0	0
unableF0	6	unableT0	0
kicF4	4	kicT4	0
giocatoriF0	1	giocatoriT0	0
tubingF0	2	tubingT0	0
wasF4	436	wasT4	0
bugsF0	3	bugsT0	0
guriazinhasF0	1	guriazinhasT0	0
flowerF0	1	flowerT0	0
wetlandF0	2	wetlandT0	0
powderF0	1	powderT0	0
quirkyF0	1	quirkyT0	0
bremanT0	1	bremanF0	0
opnF2	2	opnT2	0
komT4	1	komF4	0
legacyF0	1	legacyT0	0
anninaT0	1	anninaF0	0
biosT0	1	biosF0	0
paperworkF0	1	paperworkT0	0
ditT0	1	ditF0	0
britneyT0	11	britneyF0	0
lidF2	30	lidT2	0
creeksF0	3	creeksT0	0
cpxF4	2	cpxT4	0
comparedF0	2	comparedT0	0
nurF4	8	nurT4	0
originalF0	31	originalT0	0
supplyF0	18	supplyT0	0
uioF2	1	uioT2	0
tgpF4	1	tgpT4	0
areaT0	9	areaF0	0
ownerF0	9	ownerT0	0
searchedF0	5	searchedT0	0
pcxT0	1	pcxF0	0
eagernessF0	2	eagernessT0	0
liberationT0	1	liberationF0	0
conventionT0	3	conventionF0	0
bissauT0	1	bissauF0	0
congregateF0	1	congregateT0	0
mailingF0	2	mailingT0	0
ontT4	15	ontF4	0
captivesF0	1	captivesT0	0
beawareF0	1	beawareT0	0
commentaryF0	4	commentaryT0	0
extT4	14	extF4	0
iphF4	1	iphT4	0
inempireT0	5	inempireF0	0
ubbF2	1	ubbT2	0
votingF0	4	votingT0	0
mawF0	1	mawT0	0
levT4	35	levF4	0
timoF0	1	timoT0	0
igT3	7	igF3	0
tourismF0	15	tourismT0	0
revolveF0	1	revolveT0	0
myaT4	1	myaF4	0
novelistsF0	1	novelistsT0	0
donavanF0	1	donavanT0	0
humanitiesT0	2	humanitiesF0	0
iekF2	1	iekT2	0
duckF0	1	duckT0	0
lovekeiiyF0	1	lovekeiiyT0	0
mooF4	15	mooT4	0
multifunctionF0	1	multifunctionT0	0
tidF4	4	tidT4	0
enterpriseT0	1	enterpriseF0	0
geF1	605	geT1	0
dotT4	2	dotF4	0
shrinkF0	1	shrinkT0	0
variousT0	3	variousF0	0
optT2	5	optF2	0
powrdeF0	1	powrdeT0	0
javF4	5	javT4	0
constructionT0	18	constructionF0	0
walletF0	1	walletT0	0
carolinaT0	2	carolinaF0	0
bufT4	1	bufF4	0
locatedonF0	1	locatedonT0	0
mouthF0	8	mouthT0	0
stupidF0	6	stupidT0	0
ofourF0	1	ofourT0	0
namibiamapT0	1	namibiamapF0	0
sciencesF0	2	sciencesT0	0
cxT2	8	cxF2	0
otrF4	2	otrT4	0
irdT2	15	irdF2	0
arbT2	1	arbF2	0
gustavoT0	7	gustavoF0	0
martinT0	3	martinF0	0
crumpT0	1	crumpF0	0
catalogF0	6	catalogT0	0
indieF0	1	indieT0	0
twistF0	1	twistT0	0
vrtgF0	1	vrtgT0	0
viensF0	1	viensT0	0
nwT2	3	nwF2	0
charteringF0	1	charteringT0	0
undT4	23	undF4	0
anosF0	1	anosT0	0
aggregateF0	3	aggregateT0	0
enjoyingF0	6	enjoyingT0	0
piacenzaT0	1	piacenzaF0	0
beaumontT0	36	beaumontF0	0
ruyukoT0	1	ruyukoF0	0
balF2	17	balT2	0
fundT0	6	fundF0	0
architectureF0	2	architectureT0	0
singularF0	2	singularT0	0
gaidhligT0	1	gaidhligF0	0
beatsF0	1	beatsT0	0
torontoF0	1	torontoT0	0
lordshipF0	1	lordshipT0	0
albeitF0	1	albeitT0	0
swaT0	1	swaF0	0
zavT4	2	zavF4	0
restoringF0	2	restoringT0	0
easF2	62	easT2	0
woqF2	2	woqT2	0
contradictoryF0	2	contradictoryT0	0
guineaF0	2	guineaT0	0
visitingF0	6	visitingT0	0
vorF2	6	vorT2	0
candianiT0	1	candianiF0	0
falamF0	1	falamT0	0
pyyhonF0	1	pyyhonT0	0
foirmeachaF0	1	foirmeachaT0	0
nullF0	8	nullT0	0
integratiF0	1	integratiT0	0
tenterdenT0	1	tenterdenF0	0
cuteF0	5	cuteT0	0
stoneF0	11	stoneT0	0
cdT2	13	cdF2	0
aplT4	2	aplF4	0
friendsT0	3	friendsF0	0
garickT0	1	garickF0	0
eiaF2	3	eiaT2	0
dfF3	5	dfT3	0
followingF0	61	followingT0	0
coaT4	30	coaF4	0
sayingF0	10	sayingT0	0
tgT2	1	tgF2	0
qjT2	2	qjF2	0
ruskF0	1	ruskT0	0
poetsF0	2	poetsT0	0
bonT2	21	bonF2	0
lovelandT0	1	lovelandF0	0
frockF0	1	frockT0	0
bolT4	3	bolF4	0
fleetwoodT0	1	fleetwoodF0	0
topsitF0	1	topsitT0	0
mpT0	5	mpF0	0
lipunanF0	1	lipunanT0	0
moviesT0	2	moviesF0	0
arlT2	6	arlF2	0
yamahaT0	1	yamahaF0	0
bibF4	6	bibT4	0
usF3	550	usT3	0
prizesoneT0	1	prizesoneF0	0
akaF4	1	akaT4	0
torT0	2	torF0	0
decemberT0	38	decemberF0	0
aristotleT0	1	aristotleF0	0
okcT4	2	okcF4	0
suiT4	5	suiF4	0
irrationalityT0	1	irrationalityF0	0
membraneF0	2	membraneT0	0
kiF3	122	kiT3	0
rudF4	4	rudT4	0
olT2	1	olF2	0
sensingT0	1	sensingF0	0
ratioF0	2	ratioT0	0
ccasiF0	1	ccasiT0	0
thismagnificentF0	1	thismagnificentT0	0
heldF0	16	heldT0	0
martaT0	8	martaF0	0
alternativeF0	4	alternativeT0	0
supposeF0	4	supposeT0	0
muchT0	5	muchF0	0
ptsF2	18	ptsT2	0
dwvT4	1	dwvF4	0
ccT3	1	ccF3	0
sloveniaT0	2	sloveniaF0	0
aimF4	8	aimT4	0
aiakidaiT0	1	aiakidaiF0	0
ldqF4	6	ldqT4	0
ocT1	5	ocF1	0
goblinT0	1	goblinF0	0
dolphinsF0	1	dolphinsT0	0
vuatedF0	1	vuatedT0	0
handgunT0	1	handgunF0	0
planningF0	22	planningT0	0
despreF0	1	despreT0	0
fryskT0	2	fryskF0	0
foreverF0	4	foreverT0	0
liteonT0	1	liteonF0	0
mentionnedF0	2	mentionnedT0	0
yptT2	1	yptF2	0
nipT4	1	nipF4	0
wlotsF0	1	wlotsT0	0
rozT4	1	rozF4	0
parF2	1	parT2	0
semF0	2	semT0	0
russianF0	1	russianT0	0
uesF2	49	uesT2	0
succeededF0	1	succeededT0	0
sunnyvaleF0	1	sunnyvaleT0	0
ralT2	87	ralF2	0
ccuF0	1	ccuT0	0
hellriderF0	1	hellriderT0	0
unreadF0	2	unreadT0	0
amendmentF0	1	amendmentT0	0
ndT1	503	ndF1	0
cayetelT0	1	cayetelF0	0
momT2	5	momF2	0
divertidasF0	1	divertidasT0	0
fezF0	1	fezT0	0
zipT2	4	zipF2	0
dlyT2	4	dlyF2	0
eeaT2	1	eeaF2	0
ussT4	1	ussF4	0
thailandT0	2	thailandF0	0
chinookT0	4	chinookF0	0
rileyT0	2	rileyF0	0
libraryT0	99	libraryF0	0
zavalaT0	1	zavalaF0	0
draftingT0	1	draftingF0	0
uoyT2	1	uoyF2	0
ecaT4	2	ecaF4	0
entT4	53	entF4	0
horT2	4	horF2	0
jungleF0	12	jungleT0	0
revoirF0	2	revoirT0	0
feesT0	7	feesF0	0
devicesT0	2	devicesF0	0
phraseF0	2	phraseT0	0
lexT2	8	lexF2	0
kletrneF0	2	kletrneT0	0
ppaF4	2	ppaT4	0
notifyT0	1	notifyF0	0
augT4	34	augF4	0
smilesF0	3	smilesT0	0
mapsclickT0	1	mapsclickF0	0
interagencyT0	2	interagencyF0	0
ingridF0	1	ingridT0	0
dijF4	2	dijT4	0
commerciauxT0	1	commerciauxF0	0
seuF2	8	seuT2	0
dignifiedF0	1	dignifiedT0	0
quinteroF0	1	quinteroT0	0
pghT2	8	pghF2	0
thyT0	1	thyF0	0
surveysF0	2	surveysT0	0
priceT0	11	priceF0	0
fafF4	1	fafT4	0
ampsF0	2	ampsT0	0
nowplaysF0	1	nowplaysT0	0
structureT0	2	structureF0	0
expensiveF0	6	expensiveT0	0
operaF0	2	operaT0	0
ukeF0	1	ukeT0	0
tendT0	6	tendF0	0
prizesbecauseT0	1	prizesbecauseF0	0
allotmentsF0	1	allotmentsT0	0
jetF2	4	jetT2	0
collaborativeF0	4	collaborativeT0	0
bewilderedF0	1	bewilderedT0	0
xiangT0	1	xiangF0	0
relaxationF0	2	relaxationT0	0
aftF0	1	aftT0	0
disseminationF0	1	disseminationT0	0
wabaunseeT0	1	wabaunseeF0	0
billingF0	3	billingT0	0
cheerfullyF0	1	cheerfullyT0	0
blockT0	2	blockF0	0
ordertoF0	1	ordertoT0	0
tapesF0	1	tapesT0	0
kellyT0	3	kellyF0	0
nasalF0	1	nasalT0	0
schweizT0	1	schweizF0	0
skaT2	5	skaF2	0
reservationsF0	1	reservationsT0	0
comedyF0	1	comedyT0	0
apT2	3	apF2	0
stompingF0	1	stompingT0	0
seegerT0	1	seegerF0	0
fridayholyT0	1	fridayholyF0	0
letF0	19	letT0	0
hinT2	7	hinF2	0
holF2	2	holT2	0
vinF2	3	vinT2	0
dleT2	15	dleF2	0
tailedF0	4	tailedT0	0
servedF0	5	servedT0	0
cotactsF0	1	cotactsT0	0
multipurposeF0	1	multipurposeT0	0
hitF0	4	hitT0	0
noelleF0	1	noelleT0	0
nelT2	9	nelF2	0
pleF4	82	pleT4	0
lveT4	1	lveF4	0
dentureF0	1	dentureT0	0
xxT1	3	xxF1	0
appliedT0	1	appliedF0	0
manualsF0	4	manualsT0	0
simT2	1	simF2	0
resonatorF0	1	resonatorT0	0
bonnT0	1	bonnF0	0
jaF2	1	jaT2	0
abodeF0	1	abodeT0	0
cyberboardT0	2	cyberboardF0	0
subletF0	2	subletT0	0
yuwT4	1	yuwF4	0
biographyF0	2	biographyT0	0
ledT2	17	ledF2	0
familiarF0	8	familiarT0	0
wateringF0	2	wateringT0	0
discriminationF0	3	discriminationT0	0
stedenT0	1	stedenF0	0
luzT4	2	luzF4	0
mdT2	3	mdF2	0
existingF0	10	existingT0	0
speciaF0	2	speciaT0	0
rbyF2	5	rbyT2	0
eldT2	12	eldF2	0
batT0	1	batF0	0
elvesF0	2	elvesT0	0
ygF1	2	ygT1	0
nhF1	1	nhT1	0
adrT0	23	adrF0	0
wrightT0	2	wrightF0	0
profT0	1	profF0	0
cuiF4	3	cuiT4	0
idF0	13	idT0	0
centralizedF0	1	centralizedT0	0
sayF2	32	sayT2	0
locationF0	41	locationT0	0
endymionT0	2	endymionF0	0
nxeT0	1	nxeF0	0
loveseatF0	1	loveseatT0	0
alF0	7	alT0	0
rixT2	2	rixF2	0
ridT2	3	ridF2	0
lifestyleT0	1	lifestyleF0	0
slovoF0	1	slovoT0	0
exT0	1	exF0	0
virtualF0	6	virtualT0	0
jenT4	2	jenF4	0
paletteF0	2	paletteT0	0
detectF0	2	detectT0	0
nupT2	1	nupF2	0
considerF0	2	considerT0	0
drF1	2	drT1	0
xnoF4	1	xnoT4	0
passionF0	6	passionT0	0
opF2	2	opT2	0
tubT0	1	tubF0	0
ffxiT0	1	ffxiF0	0
enabledF0	9	enabledT0	0
scenesF0	4	scenesT0	0
pyramidalF0	1	pyramidalT0	0
umaF2	14	umaT2	0
latvijaT0	1	latvijaF0	0
advantageF0	3	advantageT0	0
esaF2	3	esaT2	0
writeT0	5	writeF0	0
gabrielaT0	1	gabrielaF0	0
sesF4	14	sesT4	0
prescriptionsF0	3	prescriptionsT0	0
laF0	35	laT0	0
equF4	35	equT4	0
queF4	174	queT4	0
recevoirF0	2	recevoirT0	0
elbT4	1	elbF4	0
reserveholT0	1	reserveholF0	0
outremontT0	2	outremontF0	0
oppegrdT0	1	oppegrdF0	0
bakuT0	1	bakuF0	0
wrestlingF0	2	wrestlingT0	0
utrT4	1	utrF4	0
sortedT0	2	sortedF0	0
townsF0	13	townsT0	0
estherT0	1	estherF0	0
darlingF0	2	darlingT0	0
keyboardF0	1	keyboardT0	0
operatorsT0	2	operatorsF0	0
surpriseT0	1	surpriseF0	0
bonjourT0	2	bonjourF0	0
ministerT0	2	ministerF0	0
onplacesT0	17	onplacesF0	0
btwF2	2	btwT2	0
ciuF4	1	ciuT4	0
yenchingT0	3	yenchingF0	0
triesF0	1	triesT0	0
feF2	3	feT2	0
ofbirdsF0	1	ofbirdsT0	0
evolutionT0	3	evolutionF0	0
logoF0	2	logoT0	0
aeyT2	3	aeyF2	0
pourraientF0	2	pourraientT0	0
bedT2	5	bedF2	0
offlineT0	3	offlineF0	0
sueF2	13	sueT2	0
tryT0	5	tryF0	0
uttT2	1	uttF2	0
extractionF0	2	extractionT0	0
mksF4	1	mksT4	0
nouveauxF0	1	nouveauxT0	0
turT4	17	turF4	0
holtT0	1	holtF0	0
lettingF0	1	lettingT0	0
bauerF0	1	bauerT0	0
cusF4	54	cusT4	0
nigerT0	1	nigerF0	0
flatF0	9	flatT0	0
dredgeT0	1	dredgeF0	0
rememberingF0	2	rememberingT0	0
amusementF0	1	amusementT0	0
gtT2	3	gtF2	0
maiF4	165	maiT4	0
fuT2	3	fuF2	0
ltF1	118	ltT1	0
dvT3	28	dvF3	0
pilipinasT0	1	pilipinasF0	0
factsT0	3	factsF0	0
trainerF0	1	trainerT0	0
mewT2	1	mewF2	0
meuT4	1	meuF4	0
dipT4	2	dipF4	0
ngtT2	4	ngtF2	0
eurotunerT0	1	eurotunerF0	0
oakF0	2	oakT0	0
dancedF0	1	dancedT0	0
pcT0	19	pcF0	0
hobblingF0	1	hobblingT0	0
ymentF0	4	ymentT0	0
compliantF0	1	compliantT0	0
aeT3	5	aeF3	0
relF2	6	relT2	0
cleanF0	5	cleanT0	0
ripF4	4	ripT4	0
skipT0	1	skipF0	0
maoT4	1	maoF4	0
extractF0	1	extractT0	0
mastersF0	3	mastersT0	0
mypodcastsT0	1	mypodcastsF0	0
alaskaT0	4	alaskaF0	0
agaT4	6	agaF4	0
couldntF0	1	couldntT0	0
xiaopingT0	1	xiaopingF0	0
treF4	76	treT4	0
jackT0	6	jackF0	0
creaiamoT0	2	creaiamoF0	0
gaboT0	1	gaboF0	0
hlF3	2	hlT3	0
ehhT2	1	ehhF2	0
drogaF0	1	drogaT0	0
rdsT2	75	rdsF2	0
anglerF0	3	anglerT0	0
kiaT2	1	kiaF2	0
typingF0	4	typingT0	0
narF4	5	narT4	0
keyT2	6	keyF2	0
jarT4	1	jarF4	0
souF2	1	souT2	0
pavingT0	1	pavingF0	0
ladF0	1	ladT0	0
otzT2	1	otzF2	0
migT4	9	migF4	0
struggleF0	2	struggleT0	0
laughF0	2	laughT0	0
comT2	12	comF2	0
giulyyyyyyyyT0	1	giulyyyyyyyyF0	0
labF2	2	labT2	0
visageF0	2	visageT0	0
hhsF2	1	hhsT2	0
ucaF2	1	ucaT2	0
dividedF0	5	dividedT0	0
byanyF0	1	byanyT0	0
virginioT0	1	virginioF0	0
nolT2	10	nolF2	0
mandatoryT0	3	mandatoryF0	0
willbeT0	1	willbeF0	0
wareF0	1	wareT0	0
nsutancyF0	1	nsutancyT0	0
statutesF0	1	statutesT0	0
isometricF0	2	isometricT0	0
wristF0	1	wristT0	0
adjustF0	7	adjustT0	0
streetT0	27	streetF0	0
vincentF0	1	vincentT0	0
rlyF2	79	rlyT2	0
capeT0	2	capeF0	0
keelesF0	1	keelesT0	0
solutionF0	10	solutionT0	0
pessimisticF0	1	pessimisticT0	0
proximityT0	1	proximityF0	0
sysF4	74	sysT4	0
heatherT0	2	heatherF0	0
banF0	2	banT0	0
maliT0	2	maliF0	0
emailedF0	1	emailedT0	0
ivF2	1	ivT2	0
pirF4	7	pirT4	0
cyT1	40	cyF1	0
icF1	375	icT1	0
backupsT0	2	backupsF0	0
grisslehamnT0	1	grisslehamnF0	0
lonelyF0	4	lonelyT0	0
sprF4	20	sprT4	0
ethnicF0	1	ethnicT0	0
lofF4	1	lofT4	0
smithsonianT0	1	smithsonianF0	0
iaF3	1	iaT3	0
divF2	1	divT2	0
ntaF2	10	ntaT2	0
sxswT0	2	sxswF0	0
guyF4	23	guyT4	0
baldF0	1	baldT0	0
previewsT0	1	previewsF0	0
jerF4	4	jerT4	0
sgT3	2	sgF3	0
unawareF0	3	unawareT0	0
disputesF0	1	disputesT0	0
administeredF0	2	administeredT0	0
aciF4	2	aciT4	0
heF0	165	heT0	0
tadF2	1	tadT2	0
gendarmeF0	1	gendarmeT0	0
wooF4	8	wooT4	0
isT1	426	isF1	0
momentsT0	1	momentsF0	0
carrotF0	2	carrotT0	0
slappedF0	1	slappedT0	0
pipesF0	16	pipesT0	0
shelbyF0	4	shelbyT0	0
seriouslyF0	2	seriouslyT0	0
apparatusF0	1	apparatusT0	0
rossumT0	2	rossumF0	0
governmentF0	16	governmentT0	0
nintendoT0	3	nintendoF0	0
sicknessF0	1	sicknessT0	0
positioningF0	1	positioningT0	0
ceT1	413	ceF1	0
sauT2	1	sauF2	0
rarF0	1	rarT0	0
thT1	319	thF1	0
sF0	633	sT0	0
failsafeF0	1	failsafeT0	0
masT0	5	masF0	0
rpgT2	1	rpgF2	0
xbT3	120	xbF3	0
detT4	12	detF4	0
pumpkinsF0	1	pumpkinsT0	0
birT4	26	birF4	0
groceryF0	1	groceryT0	0
standardF0	15	standardT0	0
newspaperF0	12	newspaperT0	0
iakT2	3	iakF2	0
groceriesF0	1	groceriesT0	0
humpsT0	1	humpsF0	0
ssT1	215	ssF1	0
draF4	56	draT4	0
dazhaoT0	1	dazhaoF0	0
philadelphiaT0	1	philadelphiaF0	0
ciaF4	5	ciaT4	0
reliefT0	2	reliefF0	0
elT2	6	elF2	0
promotionT0	2	promotionF0	0
ecoT0	1	ecoF0	0
unsubscribeF0	2	unsubscribeT0	0
appeltonF0	1	appeltonT0	0
oddT0	2	oddF0	0
handlingF0	5	handlingT0	0
xmbT4	1	xmbF4	0
monthlyT0	1	monthlyF0	0
sigF2	5	sigT2	0
xunT4	7	xunF4	0
aceT4	1	aceF4	0
usedpleaseF0	1	usedpleaseT0	0
awaF2	1	awaT2	0
thefloogleT0	1	thefloogleF0	0
ldsF2	21	ldsT2	0
zorattiT0	1	zorattiF0	0
mxT2	1	mxF2	0
procedureF0	3	procedureT0	0
sinnamknF0	1	sinnamknT0	0
vaeyT0	2	vaeyF0	0
engineeringT0	28	engineeringF0	0
associatesT0	1	associatesF0	0
fenF2	4	fenT2	0
indolenceF0	1	indolenceT0	0
commaF0	3	commaT0	0
omT1	91	omF1	0
lynT2	4	lynF2	0
quaseF0	1	quaseT0	0
gnF2	1	gnT2	0
chnF2	1	chnT2	0
ociF0	1	ociT0	0
aaeF0	5	aaeT0	0
odT0	1	odF0	0
floF4	50	floT4	0
ullF2	81	ullT2	0
seiF4	7	seiT4	0
manufacturerF0	3	manufacturerT0	0
wisT2	3	wisF2	0
noT0	84	noF0	0
drumsF0	2	drumsT0	0
facadesF0	1	facadesT0	0
standsT0	1	standsF0	0
nestsF0	2	nestsT0	0
rdaF4	4	rdaT4	0
craigslistT0	40	craigslistF0	0
ooF3	4	ooT3	0
hardestT0	1	hardestF0	0
tabF4	27	tabT4	0
manufactureT0	1	manufactureF0	0
queriaF0	1	queriaT0	0
cliqueF0	2	cliqueT0	0
sunseedT0	1	sunseedF0	0
woT1	16	woF1	0
rsvT4	1	rsvF4	0
prohibitF0	1	prohibitT0	0
verF2	344	verT2	0
enclosedT0	1	enclosedF0	0
irrefutableF0	1	irrefutableT0	0
coatF0	1	coatT0	0
biF2	2	biT2	0
lanfrancT0	1	lanfrancF0	0
excelT0	2	excelF0	0
ncT2	3	ncF2	0
csaT0	1	csaF0	0
vhF3	1	vhT3	0
bordersrentalT0	1	bordersrentalF0	0
asaT2	1	asaF2	0
fiosF0	1	fiosT0	0
netT4	50	netF4	0
oportunittyF0	1	oportunittyT0	0
chipsF0	3	chipsT0	0
radF4	25	radT4	0
cataloguedF0	2	cataloguedT0	0
relaxedF0	1	relaxedT0	0
validationfeeT0	1	validationfeeF0	0
plasticsT0	1	plasticsF0	0
tetF2	2	tetT2	0
thoF4	125	thoT4	0
mercilessF0	1	mercilessT0	0
encontramosF0	1	encontramosT0	0
informationyouT0	1	informationyouF0	0
ougF4	3	ougT4	0
assetsF0	3	assetsT0	0
vsF2	11	vsT2	0
barrierT0	8	barrierF0	0
pgnF0	1	pgnT0	0
trudgedF0	1	trudgedT0	0
gooseberriesF0	1	gooseberriesT0	0
newsletterT0	1	newsletterF0	0
skiT4	6	skiF4	0
stT0	25	stF0	0
grahamsT0	1	grahamsF0	0
espinozaT0	1	espinozaF0	0
servantF0	4	servantT0	0
clientT0	3	clientF0	0
shT2	17	shF2	0
pubT4	71	pubF4	0
duringF0	54	duringT0	0
wowstatusF0	1	wowstatusT0	0
garageT0	1	garageF0	0
procedurefromT0	1	procedurefromF0	0
christinaF0	1	christinaT0	0
healthcareF0	3	healthcareT0	0
wwwT4	2	wwwF4	0
bpT1	1	bpF1	0
audiT0	1	audiF0	0
rifT0	1	rifF0	0
seiT0	1	seiF0	0
patternsF0	4	patternsT0	0
boxT2	122	boxF2	0
interventionF0	3	interventionT0	0
fabricasT0	1	fabricasF0	0
emoF4	2	emoT4	0
wikdF0	1	wikdT0	0
bingoF0	1	bingoT0	0
kamF2	1	kamT2	0
nylT2	2	nylF2	0
rochseterF0	1	rochseterT0	0
electricF0	2	electricT0	0
eingefhrtenF0	1	eingefhrtenT0	0
pobF4	1	pobT4	0
spectrumF0	2	spectrumT0	0
maultaschenT0	1	maultaschenF0	0
sparyakF0	1	sparyakT0	0
pacifierF0	1	pacifierT0	0
esteF0	1	esteT0	0
waoT4	1	waoF4	0
rhT3	4	rhF3	0
sprT0	1	sprF0	0
aguilarT0	1	aguilarF0	0
oT0	50	oF0	0
dredgedT0	2	dredgedF0	0
authoritiesF0	1	authoritiesT0	0
suitF0	2	suitT0	0
hofT4	1	hofF4	0
playgroundT0	1	playgroundF0	0
isandT0	2	isandF0	0
pesoT0	1	pesoF0	0
refT4	13	refF4	0
ckaF2	1	ckaT2	0
gargishT0	7	gargishF0	0
dressF0	4	dressT0	0
cannonT0	1	cannonF0	0
windsF0	7	windsT0	0
mfiedF0	2	mfiedT0	0
nnT1	23	nnF1	0
wikipedieT0	1	wikipedieF0	0
firmlyF0	2	firmlyT0	0
vidF2	3	vidT2	0
jeanneT0	1	jeanneF0	0
slurredF0	1	slurredT0	0
catherineT0	1	catherineF0	0
dodgeF0	1	dodgeT0	0
invisionF0	1	invisionT0	0
humanityF0	4	humanityT0	0
nbT3	2	nbF3	0
releaseT0	3	releaseF0	0
giT3	80	giF3	0
bapT4	1	bapF4	0
farF2	24	farT2	0
gbyteT0	1	gbyteF0	0
icyF0	1	icyT0	0
entrouF0	1	entrouT0	0
guaT4	14	guaF4	0
gaeF4	2	gaeT4	0
bhonF0	1	bhonT0	0
sunnyF0	3	sunnyT0	0
vtsT2	18	vtsF2	0
adventuresF0	6	adventuresT0	0
enjT4	4	enjF4	0
dgzmkT0	1	dgzmkF0	0
vahT2	1	vahF2	0
untF2	63	untT2	0
fmT0	1	fmF0	0
skoF2	1	skoT2	0
worryF0	2	worryT0	0
boastF0	1	boastT0	0
genreT0	2	genreF0	0
wecT2	1	wecF2	0
arT0	3	arF0	0
deekT0	1	deekF0	0
tteF2	16	tteT2	0
orF0	676	orT0	0
affF4	23	affT4	0
athT4	4	athF4	0
rtantF0	1	rtantT0	0
awardF0	7	awardT0	0
lifetimeT0	1	lifetimeF0	0
satinF0	1	satinT0	0
eosT4	1	eosF4	0
inconsistentF0	1	inconsistentT0	0
escF0	1	escT0	0
conductedF0	12	conductedT0	0
thefactoryF0	1	thefactoryT0	0
attT2	4	attF2	0
posiF0	1	posiT0	0
deliveringF0	3	deliveringT0	0
summitT0	2	summitF0	0
reF0	82	reT0	0
lefF4	69	lefT4	0
infelizF0	1	infelizT0	0
iwiT2	2	iwiF2	0
indiscriminateF0	1	indiscriminateT0	0
yeF3	206	yeT3	0
ytjF2	1	ytjT2	0
siT1	13	siF1	0
gcF3	1	gcT3	0
commencedF0	1	commencedT0	0
licensedF0	15	licensedT0	0
okeT2	2	okeF2	0
ratesF0	4	ratesT0	0
guT1	1	guF1	0
weeF4	54	weeT4	0
certificateinspectionF0	1	certificateinspectionT0	0
cartsT0	3	cartsF0	0
doorsT0	1	doorsF0	0
spainT0	3	spainF0	0
pedF2	73	pedT2	0
perdidoF0	1	perdidoT0	0
wnekT0	1	wnekF0	0
essT0	1	essF0	0
ugnayanF0	1	ugnayanT0	0
ficaF0	1	ficaT0	0
investorsT0	11	investorsF0	0
victoriaT0	3	victoriaF0	0
bezF4	2	bezT4	0
scaF4	27	scaT4	0
rganizatiF0	3	rganizatiT0	0
reportsT0	4	reportsF0	0
ayT3	1	ayF3	0
drsT2	73	drsF2	0
msF1	256	msT1	0
pasteT0	3	pasteF0	0
deasF0	1	deasT0	0
tbF1	1	tbT1	0
quT1	3	quF1	0
engineerT0	17	engineerF0	0
slovenianT0	1	slovenianF0	0
solitudeF0	2	solitudeT0	0
fheT4	1	fheF4	0
matrixT0	2	matrixF0	0
haasF0	1	haasT0	0
wasnF0	10	wasnT0	0
abstractsT0	5	abstractsF0	0
mesF0	8	mesT0	0
ogniT0	1	ogniF0	0
mamF0	1	mamT0	0
essayT0	1	essayF0	0
gentryF0	1	gentryT0	0
vibF4	1	vibT4	0
akF1	77	akT1	0
yfrT4	1	yfrF4	0
suF3	695	suT3	0
dodF4	1	dodT4	0
statisticalT0	2	statisticalF0	0
dyT0	1	dyF0	0
affT0	1	affF0	0
holidaysT0	2	holidaysF0	0
medicalF0	6	medicalT0	0
attnT0	1	attnF0	0
herevarF0	1	herevarT0	0
aiF3	81	aiT3	0
linesF0	9	linesT0	0
bonitoT0	1	bonitoF0	0
communityF0	26	communityT0	0
norF0	13	norT0	0
ettF2	2	ettT2	0
subscribersF0	8	subscribersT0	0
cavescaveT0	1	cavescaveF0	0
guesthousesF0	1	guesthousesT0	0
reefsouthT0	1	reefsouthF0	0
browsableF0	1	browsableT0	0
clarkF0	1	clarkT0	0
nexF4	24	nexT4	0
dfcF4	4	dfcT4	0
isoT0	5	isoF0	0
offF0	47	offT0	0
ngF2	10	ngT2	0
commodusT0	4	commodusF0	0
chF2	1	chT2	0
cesF0	3	cesT0	0
grasT0	2	grasF0	0
candiceT0	1	candiceF0	0
gatherT0	10	gatherF0	0
lincolnF0	21	lincolnT0	0
povF4	1	povT4	0
eekT2	27	eekF2	0
nowdaysF0	1	nowdaysT0	0
phonesF0	2	phonesT0	0
brugteT0	1	brugteF0	0
initiativesF0	1	initiativesT0	0
rowellT0	1	rowellF0	0
nigeriaT0	1	nigeriaF0	0
mrdF2	1	mrdT2	0
leT2	1	leF2	0
popF0	10	popT0	0
ecoF4	36	ecoT4	0
continualF0	2	continualT0	0
moT1	24	moF1	0
eagrnF0	1	eagrnT0	0
pyrT4	1	pyrF4	0
zazF4	2	zazT4	0
usyF2	3	usyT2	0
wimF2	6	wimT2	0
ltsT2	4	ltsF2	0
midiT0	2	midiF0	0
suggestionsF0	11	suggestionsT0	0
broF2	1	broT2	0
roadsideF0	3	roadsideT0	0
dxT1	4	dxF1	0
jalF4	2	jalT4	0
blanklyF0	1	blanklyT0	0
ninetyF0	1	ninetyT0	0
simiarF0	1	simiarT0	0
everettF0	1	everettT0	0
miscreantsF0	2	miscreantsT0	0
itT0	171	itF0	0
amiT0	1	amiF0	0
kuriF0	1	kuriT0	0
dedicatedT0	1	dedicatedF0	0
mercF0	2	mercT0	0
wacomT0	2	wacomF0	0
kycT4	1	kycF4	0
foragingF0	2	foragingT0	0
reconditeF0	2	reconditeT0	0
bajF4	2	bajT4	0
agentF0	7	agentT0	0
ouT3	82	ouF3	0
inbF2	1	inbT2	0
ipesF0	1	ipesT0	0
betrothsT0	1	betrothsF0	0
ctxF0	1	ctxT0	0
aroundF0	74	aroundT0	0
publicT0	19	publicF0	0
ymeF4	4	ymeT4	0
nogripT0	2	nogripF0	0
amiF4	8	amiT4	0
animatedT0	1	animatedF0	0
rideshareF0	12	rideshareT0	0
biodiversityF0	1	biodiversityT0	0
sterilityF0	1	sterilityT0	0
unexposedF0	1	unexposedT0	0
studentF0	15	studentT0	0
whereF0	144	whereT0	0
agameF0	1	agameT0	0
ploF4	6	ploT4	0
nestledF0	2	nestledT0	0
transgressionsF0	1	transgressionsT0	0
hydrologyF0	1	hydrologyT0	0
spamF0	8	spamT0	0
passwordT0	8	passwordF0	0
summerF0	10	summerT0	0
nightsF0	5	nightsT0	0
phyT4	1	phyF4	0
libF4	88	libT4	0
dansinF0	1	dansinT0	0
aiaT2	2	aiaF2	0
locatedapproximatelyF0	1	locatedapproximatelyT0	0
mexicanF0	4	mexicanT0	0
downloadedF0	2	downloadedT0	0
engginerT0	1	engginerF0	0
zzF1	2	zzT1	0
flaT4	15	flaF4	0
beijingsT0	1	beijingsF0	0
consciousnessT0	1	consciousnessF0	0
fastbackT0	1	fastbackF0	0
newsletterifaT0	1	newsletterifaF0	0
rnaF4	2	rnaT4	0
productT0	4	productF0	0
pickF0	2	pickT0	0
briT4	42	briF4	0
tendresseF0	2	tendresseT0	0
updaterT0	4	updaterF0	0
rtgagesF0	1	rtgagesT0	0
billT0	4	billF0	0
annualT0	4	annualF0	0
handleyT0	11	handleyF0	0
tripT0	2	tripF0	0
aboundF0	1	aboundT0	0
herT2	125	herF2	0
cataT0	1	cataF0	0
browsingF0	2	browsingT0	0
utdF2	2	utdT2	0
pnF3	4	pnT3	0
unhF4	2	unhT4	0
aughtF0	1	aughtT0	0
assistantsF0	2	assistantsT0	0
cooF4	44	cooT4	0
flmT2	1	flmF2	0
pheT4	3	pheF4	0
participatingF0	3	participatingT0	0
osaF2	3	osaT2	0
igsF2	7	igsT2	0
entityF0	2	entityT0	0
ecwT2	88	ecwF2	0
quaT4	21	quaF4	0
fartT0	1	fartF0	0
tabT0	1	tabF0	0
carefultoF0	5	carefultoT0	0
uskT2	1	uskF2	0
muiF4	5	muiT4	0
didF0	49	didT0	0
briceF0	1	briceT0	0
velT4	3	velF4	0
ehF0	2	ehT0	0
gciT4	1	gciF4	0
maycontactF0	1	maycontactT0	0
chlF4	3	chlT4	0
njaF2	1	njaT2	0
wiF1	9	wiT1	0
arrangingF0	1	arrangingT0	0
sideshiftF0	1	sideshiftT0	0
uffiziT0	1	uffiziF0	0
oprT4	3	oprF4	0
coordinationF0	2	coordinationT0	0
longviewT0	1	longviewF0	0
hispanohablanteF0	2	hispanohablanteT0	0
hyattsvilleT0	1	hyattsvilleF0	0
nonT0	10	nonF0	0
cgF3	1	cgT3	0
jspF2	1	jspT2	0
zenF2	4	zenT2	0
theinformationF0	1	theinformationT0	0
trickF0	1	trickT0	0
debateF0	2	debateT0	0
whippedF0	1	whippedT0	0
nrF1	2	nrT1	0
fleF4	20	fleT4	0
rpeT4	1	rpeF4	0
inabilityF0	1	inabilityT0	0
solveF0	8	solveT0	0
ascF4	1	ascT4	0
generateF0	10	generateT0	0
qualifyF0	2	qualifyT0	0
valuablesF0	1	valuablesT0	0
williamsonT0	1	williamsonF0	0
hfuF2	1	hfuT2	0
financialF0	10	financialT0	0
puzF4	3	puzT4	0
wiccanT0	1	wiccanF0	0
aseF2	168	aseT2	0
enthusiastsF0	2	enthusiastsT0	0
wonketteT0	1	wonketteF0	0
lovableF0	1	lovableT0	0
skilletsF0	2	skilletsT0	0
iesF4	2	iesT4	0
haT0	7	haF0	0
slowF0	7	slowT0	0
hareyT0	1	hareyF0	0
opportunitiesF0	23	opportunitiesT0	0
continuousF0	3	continuousT0	0
gdrT4	25	gdrF4	0
premiereF0	2	premiereT0	0
sfxT4	1	sfxF4	0
listsF0	5	listsT0	0
balancesF0	1	balancesT0	0
paceT0	1	paceF0	0
sightF0	2	sightT0	0
broncoF0	1	broncoT0	0
hgelandT0	1	hgelandF0	0
ahfF2	1	ahfT2	0
theseT0	30	theseF0	0
stoodF0	6	stoodT0	0
bondT0	1	bondF0	0
paT2	5	paF2	0
hlmF4	1	hlmT4	0
burmeseF0	3	burmeseT0	0
pluT4	10	pluF4	0
hnF1	4	hnT1	0
contentT0	95	contentF0	0
heavenF0	1	heavenT0	0
oweF4	1	oweT4	0
whitehouseF0	1	whitehouseT0	0
finT4	60	finF4	0
villagesF0	9	villagesT0	0
dziT4	1	dziF4	0
allianceF0	3	allianceT0	0
toolsF0	16	toolsT0	0
inineF0	1	inineT0	0
daasT0	1	daasF0	0
conditioninghuntsvilleT0	1	conditioninghuntsvilleF0	0
eacT4	28	eacF4	0
mightF0	29	mightT0	0
ccoT2	4	ccoF2	0
tellingF0	6	tellingT0	0
aweT4	4	aweF4	0
enT0	4	enF0	0
dimenhydrinateT0	1	dimenhydrinateF0	0
reservesT0	2	reservesF0	0
romsT0	3	romsF0	0
johnnieT0	2	johnnieF0	0
bennT0	1	bennF0	0
guiF0	1	guiT0	0
singF0	5	singT0	0
shifterT0	1	shifterF0	0
vendonoF0	1	vendonoT0	0
lbuF2	1	lbuT2	0
polygonsF0	1	polygonsT0	0
liberalF0	1	liberalT0	0
mountingF0	1	mountingT0	0
ueiF2	1	ueiT2	0
significanceF0	2	significanceT0	0
nnoF4	1	nnoT4	0
teachingT0	4	teachingF0	0
boatsF0	9	boatsT0	0
ofblocksF0	5	ofblocksT0	0
mappartT0	1	mappartF0	0
faceplateT0	1	faceplateF0	0
cleggsT0	1	cleggsF0	0
pacifiqueF0	2	pacifiqueT0	0
upT2	16	upF2	0
lydT2	1	lydF2	0
ministryT0	1	ministryF0	0
beltF0	1	beltT0	0
buildingtheT0	1	buildingtheF0	0
vrF3	10	vrT3	0
scriptF0	3	scriptT0	0
podiaF0	1	podiaT0	0
communicationsF0	10	communicationsT0	0
yaleT0	1	yaleF0	0
favT4	8	favF4	0
ffF1	78	ffT1	0
ouvrageT0	1	ouvrageF0	0
suspensionF0	1	suspensionT0	0
ackF2	134	ackT2	0
ofF2	3675	ofT2	0
andesT0	1	andesF0	0
youtubeT0	14	youtubeF0	0
ikoF2	1	ikoT2	0
bomberT0	1	bomberF0	0
hixT2	1	hixF2	0
iptF2	10	iptT2	0
beneathF0	4	beneathT0	0
mechanicsF0	2	mechanicsT0	0
escapedF0	2	escapedT0	0
pageF0	71	pageT0	0
meaT4	14	meaF4	0
amanF0	1	amanT0	0
sspeakF0	1	sspeakT0	0
satyrF0	1	satyrT0	0
trsF0	8	trsT0	0
flyT0	4	flyF0	0
ecT1	104	ecF1	0
illF4	21	illT4	0
psychologistsF0	1	psychologistsT0	0
boardingsF0	1	boardingsT0	0
spoonbillsF0	3	spoonbillsT0	0
hospitalsF0	2	hospitalsT0	0
swimsuitF0	2	swimsuitT0	0
halT2	3	halF2	0
temperaturesF0	3	temperaturesT0	0
avF0	2	avT0	0
correctionsF0	6	correctionsT0	0
withinT0	2	withinF0	0
adhF4	2	adhT4	0
categoriesmostT0	1	categoriesmostF0	0
salleT0	1	salleF0	0
gasketF0	1	gasketT0	0
corteT0	1	corteF0	0
wnersF0	1	wnersT0	0
shamelessF0	3	shamelessT0	0
eurasiansT0	1	eurasiansF0	0
diffusersF0	1	diffusersT0	0
difT4	2	difF4	0
fastcashF0	1	fastcashT0	0
bbsF4	2	bbsT4	0
masteryT0	1	masteryF0	0
dailyT0	21	dailyF0	0
mmoT2	1	mmoF2	0
traficF0	1	traficT0	0
ffeF0	1	ffeT0	0
ismT2	151	ismF2	0
varT2	8	varF2	0
qiT3	1	qiF3	0
kittyT0	1	kittyF0	0
gmF3	2	gmT3	0
thermaF0	1	thermaT0	0
pinT4	9	pinF4	0
agenciesF0	8	agenciesT0	0
afinalF0	1	afinalT0	0
endF4	62	endT4	0
mariogamesF0	1	mariogamesT0	0
horizonT0	1	horizonF0	0
goF1	114	goT1	0
dynF4	8	dynT4	0
nuovoF0	1	nuovoT0	0
sizeF0	44	sizeT0	0
bottlesF0	1	bottlesT0	0
assaultT0	3	assaultF0	0
requireF0	14	requireT0	0
tinguelyT0	2	tinguelyF0	0
datoriT0	1	datoriF0	0
cowT2	2	cowF2	0
protectT0	3	protectF0	0
fitF2	30	fitT2	0
eaT3	77	eaF3	0
snF0	1	snT0	0
tilT2	2	tilF2	0
bjF1	1	bjT1	0
interpretadoF0	1	interpretadoT0	0
christianF0	6	christianT0	0
pjT3	1	pjF3	0
passpT0	1	passpF0	0
instituteT0	12	instituteF0	0
ikyF2	1	ikyT2	0
urceF0	2	urceT0	0
cartographersT0	1	cartographersF0	0
settlementF0	73	settlementT0	0
bloT4	77	bloF4	0
decaieF0	1	decaieT0	0
redF0	11	redT0	0
aoT3	5	aoF3	0
fameT0	1	fameF0	0
availableF0	79	availableT0	0
chewF0	1	chewT0	0
aiyF2	1	aiyT2	0
passT0	1	passF0	0
mgaT2	2	mgaF2	0
texT4	52	texF4	0
fondF0	3	fondT0	0
britainT0	3	britainF0	0
canulT0	1	canulF0	0
goldenT0	2	goldenF0	0
flyF4	21	flyT4	0
fitxF0	1	fitxT0	0
uploadingF0	1	uploadingT0	0
uscT0	1	uscF0	0
erF0	9	erT0	0
thyF4	10	thyT4	0
aertszT0	1	aertszF0	0
seventeenF0	3	seventeenT0	0
swF1	2	swT1	0
dtsF4	1	dtsT4	0
geaF4	12	geaT4	0
dofF2	1	dofT2	0
sxF0	4	sxT0	0
treatedF0	4	treatedT0	0
soaF2	2	soaT2	0
gabonT0	1	gabonF0	0
listedF0	20	listedT0	0
classifiedconfidentialT0	1	classifiedconfidentialF0	0
adrF4	3	adrT4	0
parkerT0	1	parkerF0	0
arrayT0	5	arrayF0	0
highlightsF0	3	highlightsT0	0
marjorieT0	1	marjorieF0	0
uosF2	1	uosT2	0
firF4	132	firT4	0
touchT0	2	touchF0	0
neT0	12	neF0	0
privacyprotectingT0	1	privacyprotectingF0	0
iF0	99	iT0	0
philosopherF0	1	philosopherT0	0
statementF0	4	statementT0	0
tmvF2	3	tmvT2	0
namedF0	14	namedT0	0
megF2	2	megT2	0
riversT0	3	riversF0	0
logisticsT0	1	logisticsF0	0
glacierF0	2	glacierT0	0
porT4	35	porF4	0
maintainedtrailsF0	1	maintainedtrailsT0	0
stammerF0	1	stammerT0	0
buttonsF0	14	buttonsT0	0
gieT2	10	gieF2	0
hunF4	34	hunT4	0
turtlesF0	2	turtlesT0	0
ttaT2	13	ttaF2	0
loweringF0	1	loweringT0	0
ofbF4	6	ofbT4	0
lebT4	1	lebF4	0
veT2	7	veF2	0
askT2	11	askF2	0
mnT2	15	mnF2	0
bizF0	7	bizT0	0
neapolitanT0	1	neapolitanF0	0
umiF4	1	umiT4	0
lagonF0	1	lagonT0	0
mgF3	6	mgT3	0
gramF0	2	gramT0	0
monkeyT0	1	monkeyF0	0
vilF4	11	vilT4	0
accuracyF0	1	accuracyT0	0
weaT4	4	weaF4	0
forgivenessT0	1	forgivenessF0	0
phipearF0	1	phipearT0	0
foF2	1	foT2	0
gallantF0	1	gallantT0	0
padT2	7	padF2	0
incommodiF0	1	incommodiT0	0
rsT2	2	rsF2	0
garciaT0	1	garciaF0	0
izdanjaF0	1	izdanjaT0	0
mayT4	129	mayF4	0
blendF0	1	blendT0	0
supostaF0	1	supostaT0	0
helbestF0	1	helbestT0	0
woodF0	4	woodT0	0
horrorshowF0	1	horrorshowT0	0
sasT4	1	sasF4	0
usatelephoneT0	1	usatelephoneF0	0
snnF0	1	snnT0	0
virusesF0	1	virusesT0	0
rizF4	1	rizT4	0
uppF4	4	uppT4	0
succotzT0	1	succotzF0	0
unparalleledF0	2	unparalleledT0	0
oceF4	4	oceT4	0
hygieneF0	2	hygieneT0	0
aoiF2	2	aoiT2	0
archaeologistF0	1	archaeologistT0	0
rushedF0	3	rushedT0	0
ridgeF0	1	ridgeT0	0
crfF0	1	crfT0	0
areasofF0	1	areasofT0	0
touchdownF0	1	touchdownT0	0
thickF0	1	thickT0	0
malaysiaT0	2	malaysiaF0	0
tryF4	43	tryT4	0
certainlyF0	9	certainlyT0	0
ingemarT0	1	ingemarF0	0
nyT0	26	nyF0	0
upscaleF0	1	upscaleT0	0
algeriaT0	1	algeriaF0	0
volT4	6	volF4	0
ippT2	3	ippF2	0
fbaT4	1	fbaF4	0
dfwF4	1	dfwT4	0
advisingF0	1	advisingT0	0
webmastersT0	1	webmastersF0	0
lambertT0	1	lambertF0	0
tedT4	2	tedF4	0
messageT0	4	messageF0	0
normalityF0	1	normalityT0	0
sumF4	23	sumT4	0
verstelbaarF0	1	verstelbaarT0	0
novT2	37	novF2	0
requestingF0	2	requestingT0	0
beautifulF0	26	beautifulT0	0
kiwF4	2	kiwT4	0
mmyT2	4	mmyF2	0
evaluateF0	2	evaluateT0	0
canimeF0	1	canimeT0	0
acimaF0	1	acimaT0	0
kusT2	1	kusF2	0
bilF4	19	bilT4	0
composingF0	1	composingT0	0
rightaggregatedT0	1	rightaggregatedF0	0
capsF0	1	capsT0	0
nuachtF0	2	nuachtT0	0
stainF0	2	stainT0	0
lubF2	10	lubT2	0
youT2	218	youF2	0
librarysetT0	1	librarysetF0	0
rehT2	1	rehF2	0
jahT4	9	jahF4	0
gazaT0	2	gazaF0	0
cataractF0	1	cataractT0	0
bearerF0	1	bearerT0	0
yamT4	1	yamF4	0
imF1	129	imT1	0
eectrT0	1	eectrF0	0
compactT0	1	compactF0	0
broadcastF0	4	broadcastT0	0
nofF2	3	nofT2	0
ausT2	1	ausF2	0
taF2	4	taT2	0
techniciansF0	2	techniciansT0	0
uzbT4	1	uzbF4	0
nationF0	35	nationT0	0
humanT0	6	humanF0	0
tonT4	2	tonF4	0
becameF0	10	becameT0	0
mergersF0	2	mergersT0	0
vshT4	1	vshF4	0
juvF4	1	juvT4	0
embryF0	1	embryT0	0
pediaF0	1	pediaT0	0
casinoT0	21	casinoF0	0
foxtradeT0	1	foxtradeF0	0
guyT0	1	guyF0	0
afterlifeandT0	1	afterlifeandF0	0
datF2	3	datT2	0
receiverF0	1	receiverT0	0
wishingF0	3	wishingT0	0
hebrewT0	2	hebrewF0	0
moorheadT0	1	moorheadF0	0
dvdshrinkT0	3	dvdshrinkF0	0
userT0	23	userF0	0
iyaF2	1	iyaT2	0
settlementtF0	1	settlementtT0	0
darF4	22	darT4	0
kistF0	1	kistT0	0
conduitsT0	1	conduitsF0	0
valueF0	24	valueT0	0
oqF1	3	oqT1	0
goingsF0	1	goingsT0	0
compareT0	2	compareF0	0
superT0	4	superF0	0
mainlineT0	1	mainlineF0	0
lomanT0	1	lomanF0	0
fortF0	8	fortT0	0
downsF0	1	downsT0	0
anieF0	1	anieT0	0
toothlessF0	1	toothlessT0	0
mepageF0	2	mepageT0	0
willsT0	2	willsF0	0
mileF0	6	mileT0	0
doyleT0	1	doyleF0	0
mfpF2	1	mfpT2	0
daiyF0	1	daiyT0	0
eternalF0	1	eternalT0	0
propellerT0	1	propellerF0	0
sicT2	55	sicF2	0
gaaT4	1	gaaF4	0
cinnamonT0	1	cinnamonF0	0
actionsT0	2	actionsF0	0
acrossF0	12	acrossT0	0
forestT0	2	forestF0	0
strategiesF0	3	strategiesT0	0
hudT0	1	hudF0	0
pittT0	1	pittF0	0
goldsmithF0	2	goldsmithT0	0
zedF2	59	zedT2	0
ericT0	1	ericF0	0
heavyF0	3	heavyT0	0
producesF0	2	producesT0	0
tissueF0	2	tissueT0	0
aosF2	4	aosT2	0
yeeF2	4	yeeT2	0
coolT0	1	coolF0	0
denF4	46	denT4	0
partesT0	1	partesF0	0
vetrinaT0	1	vetrinaF0	0
shqipT0	1	shqipF0	0
onvT2	1	onvF2	0
landscapeT0	2	landscapeF0	0
unshornF0	1	unshornT0	0
cokT4	1	cokF4	0
solidT0	6	solidF0	0
coeF4	6	coeT4	0
aieF2	3	aieT2	0
trmT2	1	trmF2	0
proponentF0	1	proponentT0	0
nchF2	35	nchT2	0
urfF2	1	urfT2	0
voluminousF0	1	voluminousT0	0
oemF4	1	oemT4	0
bsF2	1	bsT2	0
efF2	1	efT2	0
sparklingF0	1	sparklingT0	0
tharF0	1	tharT0	0
moveT0	5	moveF0	0
defectiveT0	1	defectiveF0	0
catalogingF0	2	catalogingT0	0
graveF0	1	graveT0	0
darT0	1	darF0	0
gtaivT0	1	gtaivF0	0
eyF3	29	eyT3	0
phenobarbitolF0	1	phenobarbitolT0	0
applicantsT0	1	applicantsF0	0
optimizedF0	2	optimizedT0	0
moorishT0	1	moorishF0	0
trocoF0	1	trocoT0	0
jacobF0	1	jacobT0	0
crrT4	1	crrF4	0
usiT4	6	usiF4	0
loT2	3	loF2	0
streetmuseumT0	1	streetmuseumF0	0
feedsT0	1	feedsF0	0
ttF3	5	ttT3	0
ciaT0	1	ciaF0	0
lbsF4	3	lbsT4	0
eagF4	6	eagT4	0
weeklyF0	1	weeklyT0	0
galerijaF0	1	galerijaT0	0
sieF4	5	sieT4	0
gymF2	2	gymT2	0
feedbackT0	11	feedbackF0	0
chrT4	25	chrF4	0
implementF0	2	implementT0	0
rrsF2	3	rrsT2	0
expresswayT0	1	expresswayF0	0
historicallyT0	2	historicallyF0	0
hbF3	3	hbT3	0
nanosT0	1	nanosF0	0
greyT0	1	greyF0	0
agoF4	33	agoT4	0
marcT0	2	marcF0	0
catchesF0	1	catchesT0	0
informationifusersT0	1	informationifusersF0	0
collectionsT0	5	collectionsF0	0
elvT4	6	elvF4	0
rfuF2	1	rfuT2	0
eastT0	13	eastF0	0
superchargedF0	1	superchargedT0	0
attractionT0	3	attractionF0	0
packagingF0	1	packagingT0	0
defineT0	2	defineF0	0
defaultfaqF0	1	defaultfaqT0	0
andT4	164	andF4	0
margaretT0	4	margaretF0	0
trT1	18	trF1	0
broughtF0	5	broughtT0	0
silveradoT0	1	silveradoF0	0
payneT0	1	payneF0	0
fpF1	1	fpT1	0
theF4	6538	theT4	0
normalF0	3	normalT0	0
pertinentF0	2	pertinentT0	0
vyT2	1	vyF2	0
maypreferF0	5	maypreferT0	0
mapsF0	57	mapsT0	0
whatradioF0	2	whatradioT0	0
closecontentT0	4	closecontentF0	0
kayakF0	3	kayakT0	0
petT2	4	petF2	0
attaquerF0	1	attaquerT0	0
fryT4	3	fryF4	0
nzaT2	1	nzaF2	0
rtunityF0	1	rtunityT0	0
chalengeF0	1	chalengeT0	0
karstF0	1	karstT0	0
ultimateT0	5	ultimateF0	0
ppiT2	3	ppiF2	0
argumentF0	5	argumentT0	0
doT0	50	doF0	0
virouT0	1	virouF0	0
eoF3	5	eoT3	0
murderT0	1	murderF0	0
samF4	65	samT4	0
koT3	21	koF3	0
unfortunateF0	3	unfortunateT0	0
cloudF0	3	cloudT0	0
paintsT0	16	paintsF0	0
liF2	1	liT2	0
favingF0	1	favingT0	0
kletrnsanlgF0	1	kletrnsanlgT0	0
acoT4	2	acoF4	0
abF0	10	abT0	0
danburyT0	1	danburyF0	0
saintF0	2	saintT0	0
celebrationsF0	1	celebrationsT0	0
intF4	384	intT4	0
sharperF0	1	sharperT0	0
evenlywithoutF0	1	evenlywithoutT0	0
modulesF0	1	modulesT0	0
transmittedF0	1	transmittedT0	0
tanF2	4	tanT2	0
useF2	258	useT2	0
happenedF0	7	happenedT0	0
icsT2	72	icsF2	0
systT0	1	systF0	0
invoiceF0	1	invoiceT0	0
uscF4	2	uscT4	0
corpsT0	23	corpsF0	0
extensiveF0	9	extensiveT0	0
createsT0	1	createsF0	0
stammbergerT0	1	stammbergerF0	0
diF0	25	diT0	0
visaliaF0	1	visaliaT0	0
johF4	2	johT4	0
shattrathT0	2	shattrathF0	0
efficiencyF0	1	efficiencyT0	0
quantosT0	1	quantosF0	0
keT3	46	keF3	0
vuF0	2	vuT0	0
borF2	7	borT2	0
gesT2	44	gesF2	0
brillianceF0	1	brillianceT0	0
primeT0	3	primeF0	0
confirmsF0	1	confirmsT0	0
bevT4	1	bevF4	0
mangroveT0	3	mangroveF0	0
alphabetF0	1	alphabetT0	0
minutesT0	7	minutesF0	0
isoF4	4	isoT4	0
chainF0	4	chainT0	0
llaF2	9	llaT2	0
clrF4	1	clrT4	0
uckF2	21	uckT2	0
filF0	2	filT0	0
imaF4	80	imaT4	0
gownF0	1	gownT0	0
graduallyF0	1	graduallyT0	0
autolispT0	1	autolispF0	0
contemporaryF0	2	contemporaryT0	0
harF0	1	harT0	0
rifF4	4	rifT4	0
elpF4	2	elpT4	0
jonT4	5	jonF4	0
awakeningF0	2	awakeningT0	0
obstacleF0	1	obstacleT0	0
freT4	125	freF4	0
rganizingF0	1	rganizingT0	0
chiliT0	1	chiliF0	0
soundF0	19	soundT0	0
fearfulF0	1	fearfulT0	0
ayoT2	11	ayoF2	0
perfT0	1	perfF0	0
velcroF0	1	velcroT0	0
dezF2	1	dezT2	0
meeF4	61	meeT4	0
geeF0	1	geeT0	0
webbrowsersT0	1	webbrowsersF0	0
nanaimoF0	1	nanaimoT0	0
miniT0	6	miniF0	0
enjoyableF0	2	enjoyableT0	0
nansemondF0	1	nansemondT0	0
uhT0	1	uhF0	0
poisF0	2	poisT0	0
friT0	46	friF0	0
sgsF2	1	sgsT2	0
lonT2	198	lonF2	0
organizacjeT0	1	organizacjeF0	0
carryingF0	2	carryingT0	0
craigslF0	1	craigslT0	0
worstT0	2	worstF0	0
jansenT0	1	jansenF0	0
presentingT0	1	presentingF0	0
cleaningF0	3	cleaningT0	0
hanF4	78	hanT4	0
suppliesT0	1	suppliesF0	0
naturalT0	6	naturalF0	0
religiousF0	2	religiousT0	0
tulF4	1	tulT4	0
batgirlT0	1	batgirlF0	0
lateralF0	2	lateralT0	0
belowF0	79	belowT0	0
paddingF0	5	paddingT0	0
esiF4	2	esiT4	0
presenceF0	9	presenceT0	0
defenderF0	1	defenderT0	0
borisT0	1	borisF0	0
culturallyT0	1	culturallyF0	0
ueeT2	2	ueeF2	0
glacialF0	1	glacialT0	0
neededT0	2	neededF0	0
thatinformationF0	1	thatinformationT0	0
consultantF0	1	consultantT0	0
diabetesF0	2	diabetesT0	0
acquisitionF0	4	acquisitionT0	0
issuedF0	8	issuedT0	0
violationT0	1	violationF0	0
nzeF2	2	nzeT2	0
howlerT0	3	howlerF0	0
falandoF0	2	falandoT0	0
lakeF0	7	lakeT0	0
aaebF0	1	aaebT0	0
tipF2	7	tipT2	0
skF3	66	skT3	0
yardsF0	1	yardsT0	0
divineF0	2	divineT0	0
anchoringF0	2	anchoringT0	0
ftsF2	11	ftsT2	0
videsF0	2	videsT0	0
emuT4	11	emuF4	0
dashedF0	3	dashedT0	0
solomonT0	1	solomonF0	0
othF4	201	othT4	0
wesF0	1	wesT0	0
atlasesF0	2	atlasesT0	0
wkwF0	1	wkwT0	0
gigF4	6	gigT4	0
traitsF0	1	traitsT0	0
phoT4	51	phoF4	0
bhF3	5	bhT3	0
bepF4	2	bepT4	0
ffaT0	1	ffaF0	0
repaymentF0	1	repaymentT0	0
princeT0	2	princeF0	0
spareT0	1	spareF0	0
ogeworldT0	1	ogeworldF0	0
trwT2	4	trwF2	0
rdF1	371	rdT1	0
gntT2	2	gntF2	0
counselorsF0	1	counselorsT0	0
purchaseF0	12	purchaseT0	0
tinF4	13	tinT4	0
wayT4	7	wayF4	0
cayT4	53	cayF4	0
divideF0	1	divideT0	0
araratT0	1	araratF0	0
icelandallT0	1	icelandallF0	0
epF2	1	epT2	0
preachingF0	1	preachingT0	0
bryF2	1	bryT2	0
aolaF0	1	aolaT0	0
virT4	15	virF4	0
pvcT2	41	pvcF2	0
toughF0	2	toughT0	0
ghtF2	272	ghtT2	0
achievedF0	2	achievedT0	0
carryF0	10	carryT0	0
kroegerT0	1	kroegerF0	0
americansF0	2	americansT0	0
dodT0	2	dodF0	0
lyingF0	4	lyingT0	0
throughF0	96	throughT0	0
chapterT0	11	chapterF0	0
coveringF0	5	coveringT0	0
oasF2	2	oasT2	0
ebbT4	1	ebbF4	0
grsenF0	1	grsenT0	0
satisfiesF0	1	satisfiesT0	0
appF4	155	appT4	0
essF4	13	essT4	0
listeningF0	5	listeningT0	0
jsT0	1	jsF0	0
journalismeT0	1	journalismeF0	0
pesquisarF0	1	pesquisarT0	0
smithT0	2	smithF0	0
bancorpF0	1	bancorpT0	0
noncommissionedF0	1	noncommissionedT0	0
phiF4	12	phiT4	0
partT0	12	partF0	0
pibF0	1	pibT0	0
valF2	33	valT2	0
drivesF0	3	drivesT0	0
vezF4	2	vezT4	0
mmeT2	3	mmeF2	0
oacT4	1	oacF4	0
engagementF0	1	engagementT0	0
privateT0	31	privateF0	0
isusedF0	1	isusedT0	0
appT0	1	appF0	0
vaF0	9	vaT0	0
botswanamapT0	1	botswanamapF0	0
anticipationF0	2	anticipationT0	0
tinT0	1	tinF0	0
portableT0	1	portableF0	0
gayT0	1	gayF0	0
gsT3	1	gsF3	0
alongsideeditorialF0	1	alongsideeditorialT0	0
polF4	43	polT4	0
xsF0	1	xsT0	0
crisF0	2	crisT0	0
leitoresF0	2	leitoresT0	0
progressF0	5	progressT0	0
studyT0	1	studyF0	0
druT0	1	druF0	0
orldF0	2	orldT0	0
shotcreteF0	1	shotcreteT0	0
ingeniousF0	1	ingeniousT0	0
mercutyF0	1	mercutyT0	0
lnoT2	2	lnoF2	0
druF4	23	druT4	0
alprazolamT0	5	alprazolamF0	0
dpaT2	3	dpaF2	0
cowboyF0	1	cowboyT0	0
caulkerjustT0	1	caulkerjustF0	0
binF2	4	binT2	0
sedimentT0	1	sedimentF0	0
slamT0	1	slamF0	0
russischeT0	1	russischeF0	0
pioneersF0	1	pioneersT0	0
baltimoreT0	2	baltimoreF0	0
notaryF0	1	notaryT0	0
pspT2	16	pspF2	0
questiF0	1	questiT0	0
ookT2	49	ookF2	0
yuT3	4	yuF3	0
malawimapT0	1	malawimapF0	0
spreadF0	9	spreadT0	0
runT0	8	runF0	0
fifthT0	2	fifthF0	0
universeT0	1	universeF0	0
repT4	64	repF4	0
atF2	931	atT2	0
ugT1	20	ugF1	0
depictF0	1	depictT0	0
nodF4	1	nodT4	0
pngF0	2	pngT0	0
xylophonesF0	1	xylophonesT0	0
mioF0	1	mioT0	0
agentlikT0	1	agentlikF0	0
foreyT0	1	foreyF0	0
pokerF0	1	pokerT0	0
swaF4	8	swaT4	0
beginnersF0	2	beginnersT0	0
inF0	1740	inT0	0
augieT0	1	augieF0	0
smithsonT0	1	smithsonF0	0
assT4	48	assF4	0
zazT0	9	zazF0	0
tracyT0	2	tracyF0	0
bethT0	1	bethF0	0
integrateT0	1	integrateF0	0
announceT0	1	announceF0	0
loggingF0	2	loggingT0	0
xlT3	1	xlF3	0
pulldownF0	1	pulldownT0	0
rosevilleF0	1	rosevilleT0	0
linF2	6	linT2	0
sawF4	19	sawT4	0
communicateF0	2	communicateT0	0
eksF2	27	eksT2	0
percipioF0	1	percipioT0	0
sllF4	2	sllT4	0
deskF0	6	deskT0	0
denunciationF0	1	denunciationT0	0
allowT0	2	allowF0	0
comesF0	18	comesT0	0
beingF0	47	beingT0	0
beliefF0	1	beliefT0	0
dawkinsF0	1	dawkinsT0	0
dupT2	1	dupF2	0
pkT2	1	pkF2	0
supplementF0	2	supplementT0	0
vobT4	2	vobF4	0
delT2	5	delF2	0
itdF4	1	itdT4	0
conferT0	1	conferF0	0
promptstrT0	4	promptstrF0	0
xnoxF0	1	xnoxT0	0
bartenderF0	1	bartenderT0	0
spasT0	3	spasF0	0
workmanF0	2	workmanT0	0
antF2	244	antT2	0
htmldetailsT0	1	htmldetailsF0	0
empiresF0	1	empiresT0	0
modestoF0	1	modestoT0	0
reformersF0	1	reformersT0	0
railwayT0	1	railwayF0	0
proceededF0	3	proceededT0	0
plyF4	4	plyT4	0
easilyrecognizedF0	1	easilyrecognizedT0	0
specializedF0	7	specializedT0	0
mentaninaF0	1	mentaninaT0	0
undergroundT0	4	undergroundF0	0
uiF3	3	uiT3	0
guineamapT0	2	guineamapF0	0
xaxT4	1	xaxF4	0
queensF0	1	queensT0	0
amoT4	12	amoF4	0
ewT1	417	ewF1	0
submittedF0	8	submittedT0	0
googleF0	9	googleT0	0
seminarT0	2	seminarF0	0
kitsF0	2	kitsT0	0
ortF4	2	ortT4	0
edT0	20	edF0	0
norfolkT0	1	norfolkF0	0
saadavalF0	1	saadavalT0	0
ouiF2	2	ouiT2	0
indeedF0	6	indeedT0	0
seeingT0	2	seeingF0	0
pdF3	6	pdT3	0
voicesT0	1	voicesF0	0
