angeesT0	2	angeesF0	0
fouurF0	1	fouurT0	0
edF2	2	edT2	0
regimenF0	1	regimenT0	0
bobT2	2	bobF2	0
melvinF0	1	melvinT0	0
palT2	19	palF2	0
plumberF0	1	plumberT0	0
dbT1	1	dbF1	0
retiredF0	1	retiredT0	0
tuF0	20	tuT0	0
statusbarF0	2	statusbarT0	0
nilF0	1	nilT0	0
tjF1	1	tjT1	0
proT2	11	proF2	0
ithT4	3	ithF4	0
thinT0	1	thinF0	0
peninsulaT0	1	peninsulaF0	0
worthyF0	5	worthyT0	0
tahoeF0	2	tahoeT0	0
reatedT0	1	reatedF0	0
giantF0	1	giantT0	0
mountainT0	5	mountainF0	0
concurrentF0	1	concurrentT0	0
suitesT0	1	suitesF0	0
osT3	5	osF3	0
colinF0	1	colinT0	0
costF0	24	costT0	0
coverF0	18	coverT0	0
olvidoF0	2	olvidoT0	0
triT4	17	triF4	0
legalF0	10	legalT0	0
oeF1	14	oeT1	0
scryersF0	1	scryersT0	0
multimediaF0	1	multimediaT0	0
rootedF0	1	rootedT0	0
vrF1	1	vrT1	0
playsF0	2	playsT0	0
politicsF0	1	politicsT0	0
freewareF0	1	freewareT0	0
traT2	19	traF2	0
vehiclesT0	8	vehiclesF0	0
surprisedF0	4	surprisedT0	0
crapeF0	1	crapeT0	0
ennF2	3	ennT2	0
increasesF0	1	increasesT0	0
squirrelT0	1	squirrelF0	0
urdF2	1	urdT2	0
saF1	50	saT1	0
yieldF0	4	yieldT0	0
ntT3	1	ntF3	0
xtT3	4	xtF3	0
scientistsT0	1	scientistsF0	0
experiencingF0	3	experiencingT0	0
ykT1	1	ykF1	0
aigT4	2	aigF4	0
yeuxF0	1	yeuxT0	0
mewithgT0	2	mewithgF0	0
thugsT0	1	thugsF0	0
liekF0	1	liekT0	0
quoF2	44	quoT2	0
duncanT0	1	duncanF0	0
affectF0	2	affectT0	0
cannaF0	1	cannaT0	0
describeT0	1	describeF0	0
eaeF4	1	eaeT4	0
studdedT0	1	studdedF0	0
garibaldiT0	1	garibaldiF0	0
ekT1	33	ekF1	0
plasterT0	3	plasterF0	0
damarisT0	1	damarisF0	0
cT0	100	cF0	0
werderT0	1	werderF0	0
rerF4	1	rerT4	0
praF0	6	praT0	0
cityF0	47	cityT0	0
omyF2	4	omyT2	0
rochesetrF0	1	rochesetrT0	0
octopusT0	1	octopusF0	0
rightongoingT0	1	rightongoingF0	0
pidT2	4	pidF2	0
thaT2	7	thaF2	0
gmcF2	1	gmcT2	0
cssinoF0	1	cssinoT0	0
lbyT2	14	lbyF2	0
speaksF0	5	speaksT0	0
preschoolersT0	7	preschoolersF0	0
crF0	1	crT0	0
hegnarF0	1	hegnarT0	0
pulateF0	1	pulateT0	0
onwardF0	1	onwardT0	0
knowingF0	7	knowingT0	0
ranF2	7	ranT2	0
craigsliatF0	1	craigsliatT0	0
mulheresF0	1	mulheresT0	0
everybodyF0	6	everybodyT0	0
wecT0	1	wecF0	0
acqF4	17	acqT4	0
mesmoF0	4	mesmoT0	0
approvedF0	3	approvedT0	0
luckF0	1	luckT0	0
technicalF0	26	technicalT0	0
involvedF0	9	involvedT0	0
bleT2	138	bleF2	0
trackingF0	1	trackingT0	0
respectedF0	1	respectedT0	0
mostF0	126	mostT0	0
verseF0	1	verseT0	0
nneF2	13	nneT2	0
leadershipF0	2	leadershipT0	0
kesF0	2	kesT0	0
chapelT0	1	chapelF0	0
blindT0	1	blindF0	0
pressureF0	6	pressureT0	0
pytF4	6	pytT4	0
transportT0	2	transportF0	0
awsF2	5	awsT2	0
umiyaF0	1	umiyaT0	0
burningT0	2	burningF0	0
revealedonF0	1	revealedonT0	0
thissentenceF0	1	thissentenceT0	0
crpT4	1	crpF4	0
pufnstufT0	1	pufnstufF0	0
debugT0	1	debugF0	0
cueT2	3	cueF2	0
vraF4	1	vraT4	0
karnatakasettlementT0	1	karnatakasettlementF0	0
dynamicT0	4	dynamicF0	0
kristineT0	2	kristineF0	0
assuranceT0	2	assuranceF0	0
finalistsF0	6	finalistsT0	0
talF2	138	talT2	0
graciousF0	2	graciousT0	0
armorF0	2	armorT0	0
founderF0	1	founderT0	0
typesT0	8	typesF0	0
allF0	314	allT0	0
chevyF0	1	chevyT0	0
tryF2	169	tryT2	0
cutterF0	1	cutterT0	0
smoT4	5	smoF4	0
inexplicadosT0	1	inexplicadosF0	0
kidnappingF0	1	kidnappingT0	0
fruitsF0	3	fruitsT0	0
angellT0	1	angellF0	0
letT4	16	letF4	0
generalcirculationF0	1	generalcirculationT0	0
lookingF0	33	lookingT0	0
illustratorF0	1	illustratorT0	0
txT3	1	txF3	0
kansasT0	35	kansasF0	0
courtyardT0	1	courtyardF0	0
fasomapT0	1	fasomapF0	0
omeF2	318	omeT2	0
advisoryF0	2	advisoryT0	0
itbrazilianT0	1	itbrazilianF0	0
regretT0	1	regretF0	0
settleF0	4	settleT0	0
aakF2	1	aakT2	0
sportsT0	5	sportsF0	0
aimeraisF0	2	aimeraisT0	0
respondF0	1	respondT0	0
soulF0	1	soulT0	0
culturesF0	4	culturesT0	0
headlinesF0	6	headlinesT0	0
emacsF0	1	emacsT0	0
caralhuiT0	1	caralhuiF0	0
ckyT2	6	ckyF2	0
pompidouT0	27	pompidouF0	0
procrastinatorT0	1	procrastinatorF0	0
matterF0	18	matterT0	0
daydreamingF0	2	daydreamingT0	0
blyT2	6	blyF2	0
gourmetF0	1	gourmetT0	0
buoyT0	1	buoyF0	0
todospdT0	2	todospdF0	0
livingT0	1	livingF0	0
encourageF0	5	encourageT0	0
zaT0	4	zaF0	0
gosF4	7	gosT4	0
adjustmentF0	1	adjustmentT0	0
gicT2	6	gicF2	0
imiF4	1	imiT4	0
keeF4	74	keeT4	0
matchingF0	1	matchingT0	0
hagenT0	1	hagenF0	0
saskatchewanT0	1	saskatchewanF0	0
diagramF0	1	diagramT0	0
liftF0	3	liftT0	0
ronT4	3	ronF4	0
dexF2	16	dexT2	0
wrongF0	4	wrongT0	0
pezT4	1	pezF4	0
injusticesF0	1	injusticesT0	0
rnadF0	2	rnadT0	0
beyondF0	7	beyondT0	0
sirajT0	1	sirajF0	0
urhT4	2	urhF4	0
subjectsT0	2	subjectsF0	0
gusT4	8	gusF4	0
raxF2	1	raxT2	0
totalsF0	6	totalsT0	0
jkF0	1	jkT0	0
hynnrF0	1	hynnrT0	0
cousyF0	1	cousyT0	0
explanatoryF0	1	explanatoryT0	0
informationaT0	1	informationaF0	0
fhoghlaimF0	2	fhoghlaimT0	0
yeF1	27	yeT1	0
halF4	22	halT4	0
llyT2	78	llyF2	0
aparentementeT0	1	aparentementeF0	0
cuT3	96	cuF3	0
dheT4	1	dheF4	0
tivatiF0	1	tivatiT0	0
jillT0	2	jillF0	0
esmT4	2	esmF4	0
lolT2	2	lolF2	0
amyloveF0	1	amyloveT0	0
meaningT0	1	meaningF0	0
varF4	156	varT4	0
asF1	1432	asT1	0
betT4	19	betF4	0
fronteraF0	1	fronteraT0	0
wacT4	6	wacF4	0
vruT0	1	vruF0	0
aqF3	4	aqT3	0
ittT2	4	ittF2	0
arbF4	1	arbT4	0
byT0	55	byF0	0
theaterF0	5	theaterT0	0
rochesterF0	11	rochesterT0	0
unlockedF0	1	unlockedT0	0
disorderedF0	1	disorderedT0	0
quiT4	7	quiF4	0
aprF0	1	aprT0	0
seeT2	37	seeF2	0
wolphertT0	2	wolphertF0	0
lynF4	2	lynT4	0
defrayingF0	1	defrayingT0	0
possibilityT0	5	possibilityF0	0
overlapF0	1	overlapT0	0
tallestF0	3	tallestT0	0
isyF2	2	isyT2	0
onceF0	39	onceT0	0
poundsF0	8	poundsT0	0
caribouF0	1	caribouT0	0
giveT0	3	giveF0	0
typepadT0	4	typepadF0	0
unwillingF0	2	unwillingT0	0
essencesT0	16	essencesF0	0
goiF4	51	goiT4	0
melhorT0	1	melhorF0	0
hrT1	3	hrF1	0
tilF4	11	tilT4	0
mansoulT0	1	mansoulF0	0
lpaT2	1	lpaF2	0
naT2	13	naF2	0
fixT2	1	fixF2	0
rbF1	4	rbT1	0
fotF4	11	fotT4	0
osiF2	1	osiT2	0
bereaT0	1	bereaF0	0
brandingT0	2	brandingF0	0
bmpT0	6	bmpF0	0
fyF0	1	fyT0	0
watchmenF0	1	watchmenT0	0
dysenteryT0	1	dysenteryF0	0
nicaF0	1	nicaT0	0
flickersT0	1	flickersF0	0
bismarkT0	1	bismarkF0	0
disenchantF0	1	disenchantT0	0
dispositionF0	1	dispositionT0	0
fotbalovF0	1	fotbalovT0	0
plyF2	58	plyT2	0
uthT2	25	uthF2	0
ohioF0	6	ohioT0	0
dadT2	8	dadF2	0
uttF4	4	uttT4	0
belmontT0	1	belmontF0	0
seyT2	1	seyF2	0
vectorF0	5	vectorT0	0
desteF0	2	desteT0	0
somewhereF0	5	somewhereT0	0
thuT2	25	thuF2	0
kyleT0	1	kyleF0	0
permitstoT0	1	permitstoF0	0
dressesF0	1	dressesT0	0
xboF4	67	xboT4	0
sauF4	1	sauT4	0
censusF0	1	censusT0	0
vipT4	2	vipF4	0
maT3	779	maF3	0
foundedT0	2	foundedF0	0
kikF4	1	kikT4	0
medicaF0	2	medicaT0	0
tneT2	1	tneF2	0
avtomaticsF0	1	avtomaticsT0	0
gooT4	25	gooF4	0
curationF0	2	curationT0	0
erdT4	3	erdF4	0
everythingF0	20	everythingT0	0
threadedT0	1	threadedF0	0
bikeF0	6	bikeT0	0
badT4	10	badF4	0
culminatingF0	2	culminatingT0	0
clT2	2	clF2	0
sinonF0	1	sinonT0	0
mosT4	48	mosF4	0
tudesF0	2	tudesT0	0
askF4	33	askT4	0
concentrationF0	4	concentrationT0	0
oceansideF0	1	oceansideT0	0
mapssetT0	1	mapssetF0	0
mdashF0	1	mdashT0	0
yeuF4	2	yeuT4	0
gonnaF0	4	gonnaT0	0
macT4	45	macF4	0
framingrelationsF0	1	framingrelationsT0	0
sairF0	1	sairT0	0
naxT2	8	naxF2	0
tryingF0	13	tryingT0	0
mugF4	1	mugT4	0
catedF0	3	catedT0	0
performingT0	2	performingF0	0
funT0	8	funF0	0
iamF2	1	iamT2	0
rdaF2	5	rdaT2	0
extravaganciesF0	1	extravaganciesT0	0
cgiT2	2	cgiF2	0
iskT2	39	iskF2	0
ludT4	1	ludF4	0
beT0	14	beF0	0
zhT3	1	zhF3	0
cemF4	1	cemT4	0
fashionedF0	1	fashionedT0	0
grupoT0	1	grupoF0	0
ockT2	42	ockF2	0
quitF0	5	quitT0	0
klasT0	1	klasF0	0
citizensF0	2	citizensT0	0
philosophyT0	1	philosophyF0	0
obnF4	1	obnT4	0
achieveF0	7	achieveT0	0
nahF2	2	nahT2	0
settlementtinaT0	1	settlementtinaF0	0
ioT3	1	ioF3	0
setsT0	2	setsF0	0
setupF0	3	setupT0	0
stabilizationT0	1	stabilizationF0	0
clashF0	1	clashT0	0
artifactsT0	2	artifactsF0	0
rkersF0	1	rkersT0	0
tarT2	7	tarF2	0
aboveF0	33	aboveT0	0
mimF0	4	mimT0	0
exceptionF0	4	exceptionT0	0
knewT0	1	knewF0	0
vcT2	1	vcF2	0
sulfurF0	2	sulfurT0	0
eceF2	38	eceT2	0
curiouslyF0	1	curiouslyT0	0
particularT0	5	particularF0	0
jetF0	1	jetT0	0
lcdT2	2	lcdF2	0
thanksF0	12	thanksT0	0
fanT0	1	fanF0	0
leiaF0	1	leiaT0	0
musicF0	22	musicT0	0
ulfT2	2	ulfF2	0
woeF2	2	woeT2	0
topicallyF0	1	topicallyT0	0
causedF0	12	causedT0	0
whileF0	59	whileT0	0
mugT0	1	mugF0	0
museumsF0	1	museumsT0	0
nightgownF0	1	nightgownT0	0
rfT3	2	rfF3	0
ferT2	9	ferF2	0
njeT2	1	njeF2	0
ceaT2	2	ceaF2	0
geoT4	30	geoF4	0
atollsF0	10	atollsT0	0
clansT0	1	clansF0	0
optionT0	6	optionF0	0
spnT2	1	spnF2	0
fabT2	1	fabF2	0
experimentF0	5	experimentT0	0
jspF0	1	jspT0	0
rehabilitationF0	6	rehabilitationT0	0
iesF2	536	iesT2	0
kyT1	13	kyF1	0
ttiT2	6	ttiF2	0
quotationsF0	1	quotationsT0	0
mndF4	1	mndT4	0
fleF2	1	fleT2	0
iwaF2	2	iwaT2	0
usacerlT0	1	usacerlF0	0
elevenF0	1	elevenT0	0
romanticT0	2	romanticF0	0
travailF0	4	travailT0	0
pvcT0	36	pvcF0	0
drinksF0	1	drinksT0	0
mentalityF0	2	mentalityT0	0
egoT4	3	egoF4	0
ridiculousF0	2	ridiculousT0	0
roomateF0	2	roomateT0	0
releasedT0	9	releasedF0	0
tailightsF0	1	tailightsT0	0
fordT0	41	fordF0	0
shrieksF0	1	shrieksT0	0
suposedF0	1	suposedT0	0
italiansT0	1	italiansF0	0
debF4	25	debT4	0
trwF4	1	trwT4	0
structuralT0	5	structuralF0	0
lleT2	18	lleF2	0
holesF0	3	holesT0	0
copperF0	1	copperT0	0
thecookieF0	1	thecookieT0	0
traveledF0	2	traveledT0	0
tradingF0	8	tradingT0	0
outbreakF0	1	outbreakT0	0
belT2	5	belF2	0
rvF1	1	rvT1	0
diasT0	2	diasF0	0
xteT2	1	xteF2	0
thoughtlessnessF0	1	thoughtlessnessT0	0
enlF4	1	enlT4	0
footedF0	3	footedT0	0
bbyT2	2	bbyF2	0
rtF3	19	rtT3	0
provideF0	57	provideT0	0
winchelseaT0	1	winchelseaF0	0
louisianaT0	2	louisianaF0	0
organizedF0	7	organizedT0	0
eioT2	1	eioF2	0
hunF2	3	hunT2	0
thumbsF0	1	thumbsT0	0
taF0	4	taT0	0
rightedgeF0	2	rightedgeT0	0
pesquisaT0	1	pesquisaF0	0
wmurF0	2	wmurT0	0
ttsT2	1	ttsF2	0
xedF2	18	xedT2	0
fanF4	18	fanT4	0
jeT2	9	jeF2	0
sonsF0	2	sonsT0	0
stoolF0	1	stoolT0	0
psT2	12	psF2	0
braF4	37	braT4	0
playerT0	16	playerF0	0
cycF4	7	cycT4	0
sigF0	5	sigT0	0
archivesT0	8	archivesF0	0
milpaT0	1	milpaF0	0
idnT4	1	idnF4	0
scenicF0	3	scenicT0	0
pcbT0	5	pcbF0	0
collaboratifsF0	1	collaboratifsT0	0
mysteryT0	1	mysteryF0	0
xpF1	2	xpT1	0
wowheadF0	2	wowheadT0	0
tallF0	4	tallT0	0
yuT1	2	yuF1	0
sicF4	4	sicT4	0
ceremonialT0	1	ceremonialF0	0
specialF0	39	specialT0	0
emergenciesF0	1	emergenciesT0	0
frissonnerF0	1	frissonnerT0	0
sieF2	1	sieT2	0
educaoF0	1	educaoT0	0
agiT4	1	agiF4	0
hiT0	4	hiF0	0
weigoldtT0	1	weigoldtF0	0
nobF4	7	nobT4	0
esteemF0	2	esteemT0	0
vitaeF0	1	vitaeT0	0
almightyT0	1	almightyF0	0
saoF0	1	saoT0	0
ethnographyF0	1	ethnographyT0	0
doesntF0	5	doesntT0	0
informationofF0	1	informationofT0	0
uffF2	17	uffT2	0
fedF0	5	fedT0	0
objectF0	2	objectT0	0
rajT2	1	rajF2	0
eventsF0	20	eventsT0	0
yuaT4	2	yuaF4	0
entireF0	6	entireT0	0
favennaF0	1	favennaT0	0
hubT0	1	hubF0	0
avocadoF0	1	avocadoT0	0
bhoF0	1	bhoT0	0
complicadssimoF0	1	complicadssimoT0	0
gerretseT0	2	gerretseF0	0
televizyonT0	1	televizyonF0	0
rtaT2	9	rtaF2	0
likewiseF0	2	likewiseT0	0
freakF0	1	freakT0	0
waT3	258	waF3	0
proseF0	1	proseT0	0
circuitF0	2	circuitT0	0
usuF4	29	usuT4	0
rdsF4	4	rdsT4	0
heywoodT0	1	heywoodF0	0
breakingT0	3	breakingF0	0
eesT2	15	eesF2	0
topF4	52	topT4	0
alternatifsF0	1	alternatifsT0	0
tinamouF0	2	tinamouT0	0
pipingT0	3	pipingF0	0
gesF4	1	gesT4	0
currencyF0	7	currencyT0	0
ningboT0	1	ningboF0	0
keepF0	50	keepT0	0
parentsF0	25	parentsT0	0
amorF0	1	amorT0	0
aetiologyT0	1	aetiologyF0	0
ftT1	71	ftF1	0
whoopF0	1	whoopT0	0
duT2	1	duF2	0
floridaF0	3	floridaT0	0
phsF2	8	phsT2	0
forgetT0	2	forgetF0	0
mgsT2	1	mgsF2	0
gladiatorT0	1	gladiatorF0	0
personnallyF0	2	personnallyT0	0
dontT0	5	dontF0	0
flclT0	2	flclF0	0
swiF4	25	swiT4	0
ilF0	11	ilT0	0
faxF4	8	faxT4	0
ratingF0	1	ratingT0	0
rackT0	1	rackF0	0
cavernF0	1	cavernT0	0
sladeF0	1	sladeT0	0
saveF0	9	saveT0	0
accederF0	1	accederT0	0
siaT2	28	siaF2	0
opportunityT0	4	opportunityF0	0
describeactualF0	1	describeactualT0	0
invertsF0	1	invertsT0	0
texasF0	11	texasT0	0
uemT2	1	uemF2	0
actuallyT0	3	actuallyF0	0
annT2	15	annF2	0
eitherF0	22	eitherT0	0
curiosityT0	1	curiosityF0	0
deF2	159	deT2	0
brachetT0	2	brachetF0	0
watkinsT0	2	watkinsF0	0
eiT3	8	eiF3	0
outlinesF0	1	outlinesT0	0
totallyF0	10	totallyT0	0
acsF2	3	acsT2	0
roamF0	1	roamT0	0
lapT2	3	lapF2	0
racingvideozT0	2	racingvideozF0	0
virtuaF0	1	virtuaT0	0
telT4	28	telF4	0
insightsF0	2	insightsT0	0
bytesT0	1	bytesF0	0
careersF0	1	careersT0	0
examinedF0	1	examinedT0	0
accordsT0	1	accordsF0	0
erikT0	1	erikF0	0
innT4	5	innF4	0
breastF0	1	breastT0	0
revolutionaryT0	5	revolutionaryF0	0
includingF0	54	includingT0	0
theftF0	1	theftT0	0
airlinesT0	1	airlinesF0	0
jdT3	1	jdF3	0
booneT0	1	booneF0	0
taskT0	1	taskF0	0
ymF3	4	ymT3	0
ministriesF0	1	ministriesT0	0
retireF0	1	retireT0	0
ossF2	27	ossT2	0
utF0	22	utT0	0
iseF2	80	iseT2	0
xfsT2	1	xfsF2	0
graphicsF0	4	graphicsT0	0
anglicanF0	1	anglicanT0	0
libcolnF0	1	libcolnT0	0
xinT4	13	xinF4	0
classifiecsF0	1	classifiecsT0	0
urF2	46	urT2	0
canyonsF0	1	canyonsT0	0
noteworthyF0	1	noteworthyT0	0
fenvalerateF0	2	fenvalerateT0	0
smeT4	1	smeF4	0
harT4	36	harF4	0
perT2	29	perF2	0
arcaniteT0	1	arcaniteF0	0
youcanF0	1	youcanT0	0
seT3	522	seF3	0
explosiveF0	1	explosiveT0	0
hhT1	3	hhF1	0
escolherF0	1	escolherT0	0
metalT0	4	metalF0	0
dorT4	2	dorF4	0
meoF2	2	meoT2	0
circusT0	1	circusF0	0
installingF0	5	installingT0	0
toT2	192	toF2	0
volkswagenF0	1	volkswagenT0	0
enceF0	1	enceT0	0
ichatingF0	2	ichatingT0	0
futureF0	13	futureT0	0
bearsF0	1	bearsT0	0
razorbackF0	1	razorbackT0	0
pasaF0	1	pasaT0	0
royalF0	3	royalT0	0
myF3	41	myT3	0
circulationT0	1	circulationF0	0
pspF4	1	pspT4	0
habF4	14	habT4	0
examplesF0	6	examplesT0	0
czerwcaF0	1	czerwcaT0	0
vhsT2	1	vhsF2	0
observingF0	1	observingT0	0
ynhT4	1	ynhF4	0
investF0	1	investT0	0
gasT4	5	gasF4	0
brF1	7	brT1	0
disciplinesF0	2	disciplinesT0	0
orderorF0	1	orderorT0	0
ninT4	6	ninF4	0
minhaF0	1	minhaT0	0
qualityT0	8	qualityF0	0
proficiencyF0	1	proficiencyT0	0
substantiatedF0	1	substantiatedT0	0
yamT2	1	yamF2	0
tzT1	6	tzF1	0
kasF4	1	kasT4	0
lugosiT0	1	lugosiF0	0
segF4	4	segT4	0
eftF4	2	eftT4	0
htF3	37	htT3	0
givenT0	2	givenF0	0
memoriesF0	3	memoriesT0	0
mianF0	2	mianT0	0
ddyF2	9	ddyT2	0
moodF0	1	moodT0	0
seaF0	23	seaT0	0
indoorT0	2	indoorF0	0
vertebraF0	1	vertebraT0	0
arrestF0	1	arrestT0	0
correspondingF0	2	correspondingT0	0
motorcylesF0	1	motorcylesT0	0
senesteT0	1	senesteF0	0
mexicoT0	16	mexicoF0	0
motorT0	3	motorF0	0
omaT2	2	omaF2	0
rainsF0	1	rainsT0	0
overviewF0	2	overviewT0	0
edtT2	2	edtF2	0
yesT2	16	yesF2	0
economicF0	5	economicT0	0
dstF2	2	dstT2	0
ellT2	39	ellF2	0
protectingF0	4	protectingT0	0
zleF2	1	zleT2	0
fledgeF0	1	fledgeT0	0
psxT2	1	psxF2	0
flycatcherF0	4	flycatcherT0	0
skaF4	3	skaT4	0
groupT0	7	groupF0	0
tyrF2	2	tyrT2	0
stalactitesF0	1	stalactitesT0	0
tigerF0	1	tigerT0	0
campgroundsF0	1	campgroundsT0	0
accompanyingF0	2	accompanyingT0	0
diameterF0	2	diameterT0	0
highlyF0	10	highlyT0	0
dicianniT0	1	dicianniF0	0
refuelF0	1	refuelT0	0
ashlandT0	1	ashlandF0	0
acheF0	1	acheT0	0
ocoF2	1	ocoT2	0
yustF0	1	yustT0	0
epithetF0	1	epithetT0	0
amT3	117	amF3	0
consolationF0	1	consolationT0	0
brasilT0	3	brasilF0	0
caT3	530	caF3	0
improvingF0	2	improvingT0	0
rendezvousT0	1	rendezvousF0	0
nmT0	1	nmF0	0
uninhabitedF0	1	uninhabitedT0	0
overallT0	4	overallF0	0
pontusT0	1	pontusF0	0
syT3	51	syF3	0
potT0	3	potF0	0
cecF4	2	cecT4	0
mapscollectionT0	2	mapscollectionF0	0
knowlesT0	3	knowlesF0	0
botT4	6	botF4	0
spT2	6	spF2	0
ogeT4	1	ogeF4	0
mentalF0	3	mentalT0	0
skyF0	6	skyT0	0
acerF0	1	acerT0	0
aguT2	1	aguF2	0
mmT1	3	mmF1	0
thirstsF0	1	thirstsT0	0
groomedF0	3	groomedT0	0
emsT4	7	emsF4	0
humorT0	1	humorF0	0
ocF3	50	ocT3	0
healthyF0	4	healthyT0	0
toldT0	1	toldF0	0
magF4	30	magT4	0
sariF0	2	sariT0	0
ameT2	54	ameF2	0
hpeT2	10	hpeF2	0
mercuryF0	2	mercuryT0	0
tanksT0	1	tanksF0	0
historialF0	1	historialT0	0
guitarsF0	1	guitarsT0	0
pupF2	161	pupT2	0
bitT0	1	bitF0	0
unsolicitedmessagesF0	1	unsolicitedmessagesT0	0
diskT0	1	diskF0	0
spotlightsF0	1	spotlightsT0	0
federalT0	3	federalF0	0
nightclubsF0	1	nightclubsT0	0
preventedF0	1	preventedT0	0
monoF0	1	monoT0	0
downsideF0	1	downsideT0	0
themayaT0	1	themayaF0	0
cmT1	3	cmF1	0
cureF0	1	cureT0	0
isolatedF0	1	isolatedT0	0
ennioT0	2	ennioF0	0
misT0	1	misF0	0
markT0	4	markF0	0
vbT3	1	vbF3	0
radioT0	22	radioF0	0
periodF0	26	periodT0	0
aestheticsT0	1	aestheticsF0	0
sealF0	1	sealT0	0
nameT0	25	nameF0	0
surfaceT0	2	surfaceF0	0
thebesT0	1	thebesF0	0
finallyT0	5	finallyF0	0
siteT0	20	siteF0	0
fairingsF0	1	fairingsT0	0
postedF0	15	postedT0	0
bidF0	1	bidT0	0
oppositeF0	4	oppositeT0	0
abhF4	1	abhT4	0
sawF2	17	sawT2	0
lograrF0	2	lograrT0	0
driF4	73	driT4	0
mankatoT0	2	mankatoF0	0
manateeF0	2	manateeT0	0
bayernT0	1	bayernF0	0
vizT4	1	vizF4	0
alludedF0	1	alludedT0	0
desertT0	3	desertF0	0
dissertationF0	1	dissertationT0	0
fifF4	13	fifT4	0
tanagersF0	3	tanagersT0	0
micF0	2	micT0	0
vendoriF0	1	vendoriT0	0
librarymondayT0	3	librarymondayF0	0
moralesT0	1	moralesF0	0
shearF0	1	shearT0	0
runF2	20	runT2	0
droT4	10	droF4	0
jayhawkT0	1	jayhawkF0	0
consistingF0	1	consistingT0	0
pythnF0	1	pythnT0	0
bientotT0	1	bientotF0	0
carpetF0	1	carpetT0	0
assistT0	4	assistF0	0
casF2	10	casT2	0
unbT4	2	unbF4	0
weF3	652	weT3	0
representanteneT0	1	representanteneF0	0
jehovahT0	1	jehovahF0	0
asiT2	1	asiF2	0
riasF0	1	riasT0	0
screenshotsF0	1	screenshotsT0	0
doubtlessT0	1	doubtlessF0	0
slightF0	7	slightT0	0
nbcT2	2	nbcF2	0
suggestsF0	2	suggestsT0	0
wwT1	2	wwF1	0
tabletsF0	2	tabletsT0	0
coteT0	2	coteF0	0
curmudgeonT0	1	curmudgeonF0	0
ouoF4	1	ouoT4	0
vascularF0	1	vascularT0	0
heresT0	2	heresF0	0
mucT4	6	mucF4	0
angryF0	3	angryT0	0
specificationT0	1	specificationF0	0
stakebedT0	1	stakebedF0	0
yceF2	1	yceT2	0
bruF4	2	bruT4	0
advisableF0	5	advisableT0	0
meaganT0	1	meaganF0	0
wackyT0	3	wackyF0	0
elenaT0	2	elenaF0	0
consistentlyF0	1	consistentlyT0	0
newsmanT0	1	newsmanF0	0
crashT0	2	crashF0	0
custT0	1	custF0	0
aggregatedF0	1	aggregatedT0	0
versuT0	2	versuF0	0
urgingsF0	1	urgingsT0	0
commitmentT0	6	commitmentF0	0
dlcT2	1	dlcF2	0
htyF2	3	htyT2	0
penF0	3	penT0	0
dolF4	13	dolT4	0
susanneT0	2	susanneF0	0
ettersF0	1	ettersT0	0
emaT2	2	emaF2	0
inviteF0	2	inviteT0	0
barT0	2	barF0	0
mdiaF0	1	mdiaT0	0
thatmeansT0	1	thatmeansF0	0
rrT1	5	rrF1	0
aftT4	30	aftF4	0
wonderF0	8	wonderT0	0
backF0	63	backT0	0
erfT2	3	erfF2	0
employerF0	1	employerT0	0
thwF4	1	thwT4	0
pleF2	202	pleT2	0
ltimaF0	1	ltimaT0	0
filesF0	41	filesT0	0
orrF4	1	orrT4	0
orgasmF0	2	orgasmT0	0
explanationF0	1	explanationT0	0
investmentF0	2	investmentT0	0
sectF0	22	sectT0	0
finalsF0	1	finalsT0	0
urnF2	52	urnT2	0
repairF0	7	repairT0	0
dybF4	1	dybT4	0
dwgsT0	1	dwgsF0	0
hulF4	3	hulT4	0
gemF0	2	gemT0	0
hotF2	16	hotT2	0
gorgeousF0	2	gorgeousT0	0
havF4	498	havT4	0
partnersF0	2	partnersT0	0
settlementthatsT0	1	settlementthatsF0	0
personF0	67	personT0	0
armsetroughT0	1	armsetroughF0	0
fibT4	1	fibF4	0
ikF1	2	ikT1	0
palacesF0	3	palacesT0	0
keywordT0	4	keywordF0	0
purchasedF0	4	purchasedT0	0
iflT4	2	iflF4	0
trabajaF0	2	trabajaT0	0
pmF2	15	pmT2	0
mouseoverF0	2	mouseoverT0	0
regionsT0	5	regionsF0	0
sylviT0	3	sylviF0	0
belizegoffT0	1	belizegoffF0	0
episodeF0	2	episodeT0	0
idasT0	1	idasF0	0
cebifronsF0	1	cebifronsT0	0
hidF4	7	hidT4	0
sendsF0	2	sendsT0	0
sayF0	30	sayT0	0
amiciF0	1	amiciT0	0
splT4	1	splF4	0
outsideF0	31	outsideT0	0
usgT4	1	usgF4	0
ndaT2	26	ndaF2	0
modeF0	11	modeT0	0
walkingF0	5	walkingT0	0
lotteryT0	1	lotteryF0	0
basedT0	1	basedF0	0
maintenanceT0	6	maintenanceF0	0
kidsT0	8	kidsF0	0
measuresF0	3	measuresT0	0
batF2	5	batT2	0
excludingF0	1	excludingT0	0
micrT0	1	micrF0	0
msicaF0	5	msicaT0	0
phenT0	3	phenF0	0
speakerF0	2	speakerT0	0
klondikeT0	2	klondikeF0	0
updateT0	6	updateF0	0
investorsdepositaryT0	1	investorsdepositaryF0	0
neymF0	2	neymT0	0
egaF2	2	egaT2	0
hitT4	2	hitF4	0
ligneF0	1	ligneT0	0
jennieT0	1	jennieF0	0
boulderT0	3	boulderF0	0
svetilkeF0	1	svetilkeT0	0
wecF4	1	wecT4	0
recoveryT0	1	recoveryF0	0
uimF2	1	uimT2	0
climbT0	1	climbF0	0
usaF4	18	usaT4	0
moF3	839	moT3	0
tubF2	1	tubT2	0
boomersF0	1	boomersT0	0
diesF0	1	diesT0	0
genteF0	1	genteT0	0
countenanceF0	3	countenanceT0	0
rlF1	13	rlT1	0
cssF4	1	cssT4	0
enrT4	5	enrF4	0
comprisingF0	2	comprisingT0	0
sosF2	1	sosT2	0
phoenixT0	4	phoenixF0	0
eemF2	14	eemT2	0
butterflyF0	1	butterflyT0	0
ebT0	1	ebF0	0
kangT0	2	kangF0	0
eldF4	1	eldT4	0
terrierF0	1	terrierT0	0
hafF0	1	hafT0	0
teachersF0	5	teachersT0	0
coutureT0	1	coutureF0	0
taxF0	2	taxT0	0
euT1	18	euF1	0
fxF1	1	fxT1	0
leeduF0	1	leeduT0	0
eumT2	5	eumF2	0
frontstageF0	1	frontstageT0	0
bodyguardT0	1	bodyguardF0	0
mkT3	1	mkF3	0
previousT0	5	previousF0	0
attendanceF0	2	attendanceT0	0
masaaF0	1	masaaT0	0
thirdpartyT0	1	thirdpartyF0	0
documentariesF0	1	documentariesT0	0
kwT3	1	kwF3	0
saeF0	3	saeT0	0
fluxT0	1	fluxF0	0
mortarF0	2	mortarT0	0
fazF2	3	fazT2	0
cssT0	18	cssF0	0
vitF4	9	vitT4	0
trustedF0	4	trustedT0	0
wjiteF0	1	wjiteT0	0
ucT3	2	ucF3	0
dtT3	1	dtF3	0
veinsF0	1	veinsT0	0
liabilityT0	5	liabilityF0	0
mbinedF0	1	mbinedT0	0
fishermanF0	3	fishermanT0	0
carbonF0	1	carbonT0	0
defianceF0	2	defianceT0	0
ghanaF0	1	ghanaT0	0
slottsF0	2	slottsT0	0
fellowF0	4	fellowT0	0
neutralT0	3	neutralF0	0
mwT1	40	mwF1	0
avoidT0	2	avoidF0	0
errF4	24	errT4	0
stF2	30	stT2	0
bienvenueT0	1	bienvenueF0	0
buiderT0	1	buiderF0	0
ethiopiaT0	1	ethiopiaF0	0
sciF4	19	sciT4	0
cestF0	2	cestT0	0
rheF4	1	rheT4	0
acT3	131	acF3	0
pajT4	1	pajF4	0
rehF4	8	rehT4	0
arealwaysF0	1	arealwaysT0	0
ormondT0	1	ormondF0	0
victorianT0	2	victorianF0	0
noisesF0	4	noisesT0	0
weblogsF0	10	weblogsT0	0
instrumentF0	2	instrumentT0	0
rteF2	12	rteT2	0
identifiedF0	4	identifiedT0	0
addT2	21	addF2	0
partnershipsF0	1	partnershipsT0	0
urgeT0	2	urgeF0	0
kigT4	2	kigF4	0
greatF0	89	greatT0	0
arrangementsF0	9	arrangementsT0	0
liaisonF0	1	liaisonT0	0
artT2	71	artF2	0
birthdayT0	4	birthdayF0	0
thetrainingT0	1	thetrainingF0	0
arthroscopicT0	6	arthroscopicF0	0
cioT4	2	cioF4	0
politikaF0	1	politikaT0	0
yiT3	3	yiF3	0
accountF0	27	accountT0	0
puttingF0	4	puttingT0	0
opiniaoF0	1	opiniaoT0	0
oresF0	1	oresT0	0
choiceT0	3	choiceF0	0
intuitiveF0	1	intuitiveT0	0
hendersT0	1	hendersF0	0
beansT0	2	beansF0	0
bfF3	1	bfT3	0
midstF0	2	midstT0	0
pelF2	2	pelT2	0
minneapolisT0	6	minneapolisF0	0
presentationsF0	2	presentationsT0	0
breddningshjulT0	1	breddningshjulF0	0
bedF4	14	bedT4	0
waveT0	1	waveF0	0
kernelF0	1	kernelT0	0
larF4	162	larT4	0
deviantT0	5	deviantF0	0
votT4	15	votF4	0
cartaF0	1	cartaT0	0
pornT0	1	pornF0	0
plagiarismF0	1	plagiarismT0	0
falloutT0	2	falloutF0	0
etlubricantT0	1	etlubricantF0	0
marryingF0	1	marryingT0	0
deceivedF0	2	deceivedT0	0
tehF2	1	tehT2	0
recommendedF0	2	recommendedT0	0
ademT0	1	ademF0	0
backflowT0	1	backflowF0	0
muststartF0	2	muststartT0	0
withholdingF0	1	withholdingT0	0
graysonF0	1	graysonT0	0
terminatedF0	1	terminatedT0	0
furF0	1	furT0	0
theminimumF0	5	theminimumT0	0
nuvT4	1	nuvF4	0
sadnessF0	1	sadnessT0	0
lhF1	1	lhT1	0
tunnelsF0	1	tunnelsT0	0
dhanamhF0	1	dhanamhT0	0
yempireT0	4	yempireF0	0
seuF0	8	seuT0	0
dealershipF0	1	dealershipT0	0
aosF0	1	aosT0	0
qualificationF0	4	qualificationT0	0
distinguishF0	2	distinguishT0	0
sleepT0	1	sleepF0	0
townsmenF0	1	townsmenT0	0
isaT2	4	isaF2	0
monumentF0	1	monumentT0	0
ttF1	11	ttT1	0
strictF0	1	strictT0	0
cheolF0	1	cheolT0	0
csoT4	1	csoF4	0
preparationF0	3	preparationT0	0
syntaxF0	2	syntaxT0	0
tippingF0	1	tippingT0	0
fargoT0	4	fargoF0	0
rsT0	2	rsF0	0
htmF4	9	htmT4	0
ouaT4	1	ouaF4	0
lerF0	1	lerT0	0
unexpectedF0	2	unexpectedT0	0
oocF2	2	oocT2	0
centerfoldsF0	1	centerfoldsT0	0
emitF0	1	emitT0	0
latF2	10	latT2	0
twentyT0	1	twentyF0	0
aocT2	1	aocF2	0
developF0	13	developT0	0
lumarF0	3	lumarT0	0
chineseT0	11	chineseF0	0
smjddyF0	1	smjddyT0	0
overlookingF0	1	overlookingT0	0
prizesT0	3	prizesF0	0
sconfittaT0	1	sconfittaF0	0
emergeF0	1	emergeT0	0
gouvernementT0	1	gouvernementF0	0
bookingT0	2	bookingF0	0
johnF0	2	johnT0	0
keepingT0	1	keepingF0	0
hostnameF0	1	hostnameT0	0
mccraeT0	1	mccraeF0	0
deploymentF0	1	deploymentT0	0
layoutsF0	5	layoutsT0	0
lookT0	4	lookF0	0
futT4	11	futF4	0
cocF4	4	cocT4	0
saulT0	1	saulF0	0
foldF0	1	foldT0	0
banT4	241	banF4	0
crireF0	1	crireT0	0
padT0	3	padF0	0
juliaT0	3	juliaF0	0
veinsideF0	1	veinsideT0	0
rectangleF0	1	rectangleT0	0
lhcF2	1	lhcT2	0
spiritF0	4	spiritT0	0
citeF0	3	citeT0	0
ripF2	28	ripT2	0
healaonaF0	1	healaonaT0	0
mmmT2	1	mmmF2	0
derT4	6	derF4	0
boxesF0	7	boxesT0	0
burdenedF0	1	burdenedT0	0
icaF2	39	icaT2	0
gamingF0	2	gamingT0	0
iqT1	1	iqF1	0
lahF4	1	lahT4	0
greeceT0	2	greeceF0	0
curtainsF0	3	curtainsT0	0
scentF0	1	scentT0	0
environmentT0	1	environmentF0	0
strawF0	1	strawT0	0
differentF0	54	differentT0	0
giovannaT0	1	giovannaF0	0
mailboardT0	1	mailboardF0	0
warsT0	2	warsF0	0
xerT4	1	xerF4	0
boiledF0	1	boiledT0	0
minedF0	2	minedT0	0
htaT2	1	htaF2	0
livesF0	5	livesT0	0
barbaraF0	4	barbaraT0	0
iggF2	1	iggT2	0
unstoppableT0	37	unstoppableF0	0
gamF4	235	gamT4	0
nuxT2	7	nuxF2	0
lopF2	14	lopT2	0
oppT4	7	oppF4	0
privacystatementF0	1	privacystatementT0	0
ealanF0	1	ealanT0	0
iiyF2	1	iiyT2	0
masF2	22	masT2	0
gunsaulesT0	1	gunsaulesF0	0
definitelyF0	5	definitelyT0	0
guardF0	1	guardT0	0
historicF0	3	historicT0	0
srbT2	1	srbF2	0
bunT4	5	bunF4	0
expensesF0	3	expensesT0	0
ecyF2	3	ecyT2	0
accT4	55	accF4	0
demandT0	22	demandF0	0
proficienciesF0	1	proficienciesT0	0
connexionF0	1	connexionT0	0
processT0	2	processF0	0
distractedF0	1	distractedT0	0
egyT4	3	egyF4	0
serialsT0	1	serialsF0	0
oftF4	27	oftT4	0
attendreF0	1	attendreT0	0
crockettT0	1	crockettF0	0
lenF4	20	lenT4	0
wbrF2	1	wbrT2	0
rollF0	3	rollT0	0
certifiedF0	7	certifiedT0	0
loftT0	1	loftF0	0
maxconsoleT0	1	maxconsoleF0	0
memphisT0	1	memphisF0	0
attractingF0	2	attractingT0	0
itemF0	4	itemT0	0
viF0	2	viT0	0
farmsT0	1	farmsF0	0
forT2	197	forF2	0
freenoF0	1	freenoT0	0
nerT4	3	nerF4	0
insideyouT0	1	insideyouF0	0
catalogueT0	1	catalogueF0	0
demoF0	3	demoT0	0
fliT4	8	fliF4	0
ugaT2	1	ugaF2	0
phoebeT0	2	phoebeF0	0
enthusiasmF0	7	enthusiasmT0	0
akoT4	6	akoF4	0
flF3	166	flT3	0
customersT0	1	customersF0	0
graaF0	2	graaT0	0
nwideF0	1	nwideT0	0
fcF2	8	fcT2	0
crookedT0	3	crookedF0	0
disapprobationF0	2	disapprobationT0	0
checkedF0	3	checkedT0	0
advancesF0	2	advancesT0	0
okaT4	1	okaF4	0
academicallyF0	1	academicallyT0	0
communitiesT0	1	communitiesF0	0
panteneF0	1	panteneT0	0
rniF4	3	rniT4	0
generallyF0	7	generallyT0	0
whpT4	2	whpF4	0
rarelyF0	1	rarelyT0	0
affectingF0	1	affectingT0	0
visaT0	1	visaF0	0
maayaamT0	1	maayaamF0	0
cheiliradhF0	1	cheiliradhT0	0
hatT2	124	hatF2	0
coF3	2369	coT3	0
noF2	173	noT2	0
eliteF0	2	eliteT0	0
creditF0	10	creditT0	0
loversF0	1	loversT0	0
efficientF0	7	efficientT0	0
smaF2	3	smaT2	0
interstateT0	1	interstateF0	0
shanikaF0	1	shanikaT0	0
rkF2	6	rkT2	0
voetbalclubF0	1	voetbalclubT0	0
irlT2	3	irlF2	0
meterT0	2	meterF0	0
wananchiF0	1	wananchiT0	0
wiiT0	2	wiiF0	0
automationT0	1	automationF0	0
zecaF0	1	zecaT0	0
versatileF0	1	versatileT0	0
lanT4	49	lanF4	0
pfuF2	1	pfuT2	0
oldT0	10	oldF0	0
hermanT0	3	hermanF0	0
ccitaneF0	1	ccitaneT0	0
onF2	996	onT2	0
happieF0	1	happieT0	0
cadillacT0	1	cadillacF0	0
rilT2	15	rilF2	0
mnfF2	1	mnfT2	0
arredonegoziT0	5	arredonegoziF0	0
tgpF2	1	tgpT2	0
halfF0	13	halfT0	0
sistersT0	1	sistersF0	0
giuT4	7	giuF4	0
scientificT0	1	scientificF0	0
whitteF0	1	whitteT0	0
danT2	6	danF2	0
xenF2	2	xenT2	0
djT3	2	djF3	0
ethF2	17	ethT2	0
shuddupT0	1	shuddupF0	0
eamT2	15	eamF2	0
blianilF0	1	blianilT0	0
uppF2	1	uppT2	0
seoT2	2	seoF2	0
fhT3	1	fhF3	0
resizableF0	2	resizableT0	0
fulfilledF0	1	fulfilledT0	0
juniorF0	2	juniorT0	0
zutT4	1	zutF4	0
preT2	6	preF2	0
authorityF0	1	authorityT0	0
refreshmentF0	1	refreshmentT0	0
todasF0	3	todasT0	0
localT0	10	localF0	0
circumstanceF0	1	circumstanceT0	0
gsmT2	1	gsmF2	0
nyjT2	1	nyjF2	0
saidT0	1	saidF0	0
emeraldsF0	1	emeraldsT0	0
stretchF0	2	stretchT0	0
ertF2	34	ertT2	0
chaucerT0	1	chaucerF0	0
weirF0	1	weirT0	0
elegantlyF0	1	elegantlyT0	0
designsT0	2	designsF0	0
cornerF0	9	cornerT0	0
settledF0	3	settledT0	0
hilT2	1	hilF2	0
rudklintT0	1	rudklintF0	0
ndF3	9	ndT3	0
secondsF0	7	secondsT0	0
bpF3	2	bpT3	0
eprT2	1	eprF2	0
currentjournalbaseT0	1	currentjournalbaseF0	0
scottT0	8	scottF0	0
democraticF0	1	democraticT0	0
dedF2	189	dedT2	0
wallaceF0	1	wallaceT0	0
kycarpigianiT0	1	kycarpigianiF0	0
athrisT0	1	athrisF0	0
aisT2	6	aisF2	0
terF2	543	terT2	0
directoriesT0	1	directoriesF0	0
mmendatiF0	1	mmendatiT0	0
funF4	151	funT4	0
lunT4	3	lunF4	0
boT0	2	boF0	0
jjF1	7	jjT1	0
maximizingF0	1	maximizingT0	0
calabriaT0	1	calabriaF0	0
hluF4	1	hluT4	0
jordzT0	2	jordzF0	0
trollingF0	3	trollingT0	0
matemticoT0	1	matemticoF0	0
xtsF2	1	xtsT2	0
spiffyF0	1	spiffyT0	0
mantraF0	1	mantraT0	0
urbF4	4	urbT4	0
cacT4	34	cacF4	0
firedoglakeT0	1	firedoglakeF0	0
northF0	24	northT0	0
oamT2	1	oamF2	0
sntisF0	1	sntisT0	0
ardF2	163	ardT2	0
rnaF2	1	rnaT2	0
neighbourhoodF0	1	neighbourhoodT0	0
coerenteF0	1	coerenteT0	0
programsteephT0	1	programsteephF0	0
bedT0	3	bedF0	0
birdT0	3	birdF0	0
nothingT0	2	nothingF0	0
policesF0	1	policesT0	0
teemingF0	1	teemingT0	0
imageT0	21	imageF0	0
nenF2	1	nenT2	0
newcomersF0	2	newcomersT0	0
commandF0	35	commandT0	0
eaderF0	1	eaderT0	0
bcT2	7	bcF2	0
maimiF0	1	maimiT0	0
donF2	59	donT2	0
yagF2	1	yagT2	0
pilT4	9	pilF4	0
opponentF0	4	opponentT0	0
longerF0	30	longerT0	0
picsF0	3	picsT0	0
grantedF0	7	grantedT0	0
besidesofferingT0	1	besidesofferingF0	0
activelyF0	2	activelyT0	0
courtneyT0	1	courtneyF0	0
localfloodT0	1	localfloodF0	0
debT0	2	debF0	0
lantzT0	1	lantzF0	0
middleT0	9	middleF0	0
issT4	54	issF4	0
romanceF0	2	romanceT0	0
naidheachdF0	1	naidheachdT0	0
couT2	2	couF2	0
resterF0	1	resterT0	0
weberT0	1	weberF0	0
ueT1	138	ueF1	0
unityF0	1	unityT0	0
mainF0	55	mainT0	0
xboxF0	66	xboxT0	0
unaccustomedF0	1	unaccustomedT0	0
oumT2	1	oumF2	0
intrigueF0	3	intrigueT0	0
sincairT0	1	sincairF0	0
quodF0	1	quodT0	0
spdT2	3	spdF2	0
lutF2	2	lutT2	0
wireF0	2	wireT0	0
surgeryT0	7	surgeryF0	0
typeconvertT0	1	typeconvertF0	0
fanaticismF0	1	fanaticismT0	0
envF4	48	envT4	0
saturdayeasterT0	1	saturdayeasterF0	0
petT0	4	petF0	0
vivF2	2	vivT2	0
hrefF0	15	hrefT0	0
thyroidF0	1	thyroidT0	0
uptempF0	1	uptempT0	0
rpT3	2	rpF3	0
dryT4	2	dryF4	0
tablesF0	1	tablesT0	0
versedF0	1	versedT0	0
minorsinT0	1	minorsinF0	0
occasionallyF0	2	occasionallyT0	0
negativaF0	1	negativaT0	0
hopT2	19	hopF2	0
issouthF0	1	issouthT0	0
candidateF0	7	candidateT0	0
tfT1	1	tfF1	0
bloggersF0	1	bloggersT0	0
ptT1	110	ptF1	0
hulsebusT0	1	hulsebusF0	0
comprisesF0	1	comprisesT0	0
minookT0	1	minookF0	0
nakaF0	1	nakaT0	0
uiiT2	1	uiiF2	0
civiT0	1	civiF0	0
sexiestF0	2	sexiestT0	0
preeminentF0	1	preeminentT0	0
panicF0	3	panicT0	0
topT0	38	topF0	0
rutT2	1	rutF2	0
suffrageF0	1	suffrageT0	0
emeF2	4	emeT2	0
sonyT0	1	sonyF0	0
moxonT0	1	moxonF0	0
paradiseT0	2	paradiseF0	0
ahF2	1	ahT2	0
elfF2	66	elfT2	0
sisT4	2	sisF4	0
ltaF2	1	ltaT2	0
iumF2	13	iumT2	0
lovesT0	1	lovesF0	0
ecF3	40	ecT3	0
ndeF2	13	ndeT2	0
modaT0	1	modaF0	0
yeaF4	169	yeaT4	0
hipF2	188	hipT2	0
roundheadsF0	1	roundheadsT0	0
substringF0	2	substringT0	0
sagT4	2	sagF4	0
fnuF4	1	fnuT4	0
dcT0	4	dcF0	0
wT0	40	wF0	0
neptuneT0	1	neptuneF0	0
muT3	77	muF3	0
febF2	1	febT2	0
reportedF0	5	reportedT0	0
trailerF0	1	trailerT0	0
tambmF0	1	tambmT0	0
cavalierT0	2	cavalierF0	0
kouwenhovenT0	2	kouwenhovenF0	0
oliveF0	2	oliveT0	0
drumshhhT0	1	drumshhhF0	0
imoT4	1	imoF4	0
ravF4	8	ravT4	0
retainingT0	2	retainingF0	0
kiF1	16	kiT1	0
lcT2	2	lcF2	0
rodT4	2	rodF4	0
altannaF0	1	altannaT0	0
rapF0	5	rapT0	0
altF2	2	altT2	0
lgF2	1	lgT2	0
argentinoF0	4	argentinoT0	0
qsT1	2	qsF1	0
mamT4	1	mamF4	0
soccerF0	1	soccerT0	0
skinT0	1	skinF0	0
tufT4	2	tufF4	0
ramificationsF0	2	ramificationsT0	0
ndexF0	1	ndexT0	0
bbT3	8	bbF3	0
arrivalF0	14	arrivalT0	0
meritF0	1	meritT0	0
carmakersF0	1	carmakersT0	0
dentT0	1	dentF0	0
joinsF0	1	joinsT0	0
offT4	84	offF4	0
percaF0	1	percaT0	0
unscriptedF0	2	unscriptedT0	0
lotT4	3	lotF4	0
snorkeledF0	1	snorkeledT0	0
autorF0	1	autorT0	0
urlT0	22	urlF0	0
descriptiF0	2	descriptiT0	0
overcomesF0	1	overcomesT0	0
turfF0	1	turfT0	0
sewT4	2	sewF4	0
dothF0	1	dothT0	0
bronzesF0	1	bronzesT0	0
yaT1	81	yaF1	0
rehabiitativeT0	1	rehabiitativeF0	0
meuT2	1	meuF2	0
pavementsT0	3	pavementsF0	0
perspectivesT0	5	perspectivesF0	0
stowF0	1	stowT0	0
dubT4	3	dubF4	0
mutuallyF0	1	mutuallyT0	0
ifT2	163	ifF2	0
functionsT0	1	functionsF0	0
exclusivelyF0	2	exclusivelyT0	0
dipT2	1	dipF2	0
liF0	1	liT0	0
rmatiF0	7	rmatiT0	0
esyT2	1	esyF2	0
anemailF0	1	anemailT0	0
ommF4	1	ommT4	0
asiasourceresourceT0	1	asiasourceresourceF0	0
constantlyF0	1	constantlyT0	0
whF0	7	whT0	0
aldT4	3	aldF4	0
hathF0	3	hathT0	0
rapidlyF0	2	rapidlyT0	0
yddF2	1	yddT2	0
availabilityF0	1	availabilityT0	0
eseT2	63	eseF2	0
pgiaT0	2	pgiaF0	0
agF3	201	agT3	0
seqF4	5	seqT4	0
xbT1	1	xbF1	0
nnaT2	19	nnaF2	0
gulfportF0	2	gulfportT0	0
faxT0	12	faxF0	0
spoilF0	2	spoilT0	0
notT2	27	notF2	0
slovnikyF0	1	slovnikyT0	0
automatticF0	1	automatticT0	0
seemsF0	9	seemsT0	0
xarF2	1	xarT2	0
nobmulT0	1	nobmulF0	0
mauritaniaT0	1	mauritaniaF0	0
funcionamientoF0	1	funcionamientoT0	0
leathanF0	1	leathanT0	0
strT4	94	strF4	0
kwaF0	2	kwaT0	0
pyF0	1	pyT0	0
rfcT4	1	rfcF4	0
jefF4	1	jefT4	0
vinceT0	1	vinceF0	0
touchscreenF0	1	touchscreenT0	0
gloverT0	8	gloverF0	0
unT2	6	unF2	0
urlF4	3	urlT4	0
gravdalT0	1	gravdalF0	0
wantsF0	1	wantsT0	0
planesT0	1	planesF0	0
styleF0	15	styleT0	0
vendorsF0	1	vendorsT0	0
immersionF0	2	immersionT0	0
admissionF0	2	admissionT0	0
ultF2	50	ultT2	0
mieT4	1	mieF4	0
rydT4	1	rydF4	0
userelectsF0	1	userelectsT0	0
hurtF0	2	hurtT0	0
jobT4	3	jobF4	0
ornT4	2	ornF4	0
wasF2	407	wasT2	0
incomeF0	2	incomeT0	0
armeniaT0	1	armeniaF0	0
authorizedF0	4	authorizedT0	0
anytimeF0	3	anytimeT0	0
homebrewT0	3	homebrewF0	0
emperT0	1	emperF0	0
ntainsF0	1	ntainsT0	0
possiblyF0	2	possiblyT0	0
randomT0	4	randomF0	0
friendshipsF0	1	friendshipsT0	0
cpxF2	2	cpxT2	0
nteT2	13	nteF2	0
krauseF0	1	krauseT0	0
sharkT0	3	sharkF0	0
kkiF4	1	kkiT4	0
noxF2	1	noxT2	0
guestsT0	2	guestsF0	0
lobT2	1	lobF2	0
legislatureT0	1	legislatureF0	0
trimsF0	1	trimsT0	0
exhT4	5	exhF4	0
publicwednesdayT0	1	publicwednesdayF0	0
diagnosisF0	4	diagnosisT0	0
templeT0	2	templeF0	0
portfoliosF0	3	portfoliosT0	0
shingT0	1	shingF0	0
pvcF4	32	pvcT4	0
owwF4	1	owwT4	0
nationalsT0	1	nationalsF0	0
iasT2	10	iasF2	0
ctrlT0	3	ctrlF0	0
extT2	15	extF2	0
effectT0	3	effectF0	0
keaT4	5	keaF4	0
saludT0	1	saludF0	0
litF4	60	litT4	0
pelasF0	1	pelasT0	0
mathewsT0	1	mathewsF0	0
igT1	47	igF1	0
packingT0	8	packingF0	0
xvT1	1	xvF1	0
alsoF0	129	alsoT0	0
indT4	215	indF4	0
nalT4	1	nalF4	0
grandsT0	1	grandsF0	0
herF4	296	herT4	0
crazyF0	11	crazyT0	0
chaoticT0	1	chaoticF0	0
psychologicalF0	1	psychologicalT0	0
frqF4	1	frqT4	0
wisestF0	2	wisestT0	0
campaignsF0	5	campaignsT0	0
dotT2	1	dotF2	0
grdT2	1	grdF2	0
ebooksT0	1	ebooksF0	0
nstF2	17	nstT2	0
dsusT0	1	dsusF0	0
priestF0	1	priestT0	0
globalizeF0	1	globalizeT0	0
propertiesF0	1	propertiesT0	0
capitalsF0	1	capitalsT0	0
nakedF0	1	nakedT0	0
cxT0	8	cxF0	0
uceT2	1	uceF2	0
simpsonT0	1	simpsonF0	0
viesF0	5	viesT0	0
hynT4	11	hynF4	0
subscriptionF0	4	subscriptionT0	0
schmennerF0	1	schmennerT0	0
soT3	185	soF3	0
nulT4	1	nulF4	0
optF4	78	optT4	0
nwT0	3	nwF0	0
cwT1	88	cwF1	0
vnyF4	2	vnyT4	0
possibleF0	26	possibleT0	0
undT2	32	undF2	0
theologicalF0	1	theologicalT0	0
dalT4	3	dalF4	0
gaiT4	2	gaiF4	0
balF0	1	balT0	0
inhF4	13	inhT4	0
uoT1	2	uoF1	0
hetF2	27	hetT2	0
treadwayT0	1	treadwayF0	0
tiF2	3	tiT2	0
writerT0	2	writerF0	0
cymF4	1	cymT4	0
tpT1	2	tpF1	0
instructedF0	2	instructedT0	0
thingiesF0	1	thingiesT0	0
naturalightT0	57	naturalightF0	0
rinF4	12	rinT4	0
abrF4	7	abrT4	0
providedF0	20	providedT0	0
hreF4	15	hreT4	0
autoF0	10	autoT0	0
windowvarF0	1	windowvarT0	0
veicoloF0	1	veicoloT0	0
omnivorousF0	3	omnivorousT0	0
ntyT2	66	ntyF2	0
dominiqueT0	3	dominiqueF0	0
advertiserT0	1	advertiserF0	0
rotF2	3	rotT2	0
jeroenT0	1	jeroenF0	0
ddF3	1	ddT3	0
seedlingT0	1	seedlingF0	0
adaptalinkT0	1	adaptalinkF0	0
aplT2	1	aplF2	0
austriaT0	2	austriaF0	0
epicrisisF0	1	epicrisisT0	0
oyF1	36	oyT1	0
dfF1	7	dfT1	0
discoverhowT0	1	discoverhowF0	0
gullsF0	3	gullsT0	0
problemasF0	1	problemasT0	0
successF0	12	successT0	0
acceptedF0	4	acceptedT0	0
qjT0	2	qjF0	0
hoseF0	1	hoseT0	0
edxF2	1	edxT2	0
sheetT0	5	sheetF0	0
turningF0	3	turningT0	0
provincesF0	1	provincesT0	0
likeF0	192	likeT0	0
voeuxF0	2	voeuxT0	0
momF4	42	momT4	0
lodgeT0	1	lodgeF0	0
seemedF0	8	seemedT0	0
tgT0	1	tgF0	0
oesT2	9	oesF2	0
jurisdictionF0	1	jurisdictionT0	0
shoneF0	1	shoneT0	0
bonusT0	10	bonusF0	0
haltingF0	1	haltingT0	0
devF4	127	devT4	0
usF1	374	usT1	0
bibF2	1	bibT2	0
danishT0	2	danishF0	0
herselfF0	5	herselfT0	0
sectionT0	1	sectionF0	0
bribesF0	1	bribesT0	0
rubF4	10	rubT4	0
onesT0	2	onesF0	0
basicsizeF0	4	basicsizeT0	0
zipT0	4	zipF0	0
taxesF0	1	taxesT0	0
difficultiesF0	1	difficultiesT0	0
medalF0	1	medalT0	0
olT0	1	olF0	0
fuckingT0	1	fuckingF0	0
nevF4	43	nevT4	0
ugoF2	1	ugoT2	0
eymF2	2	eymT2	0
etlT4	2	etlF4	0
ffiF4	7	ffiT4	0
itxF2	1	itxT2	0
mpF2	1	mpT2	0
alrF4	21	alrT4	0
bbuttonsF0	1	bbuttonsT0	0
swaF2	1	swaT2	0
whosF0	1	whosT0	0
tenT2	14	tenF2	0
informationsuchF0	1	informationsuchT0	0
aimF2	14	aimT2	0
ccT1	3	ccF1	0
hazardousT0	4	hazardousF0	0
explainedyearT0	1	explainedyearF0	0
establishesF0	1	establishesT0	0
cubbyF0	1	cubbyT0	0
damsF0	1	damsT0	0
enF2	25	enT2	0
uglyF0	1	uglyT0	0
mioT4	1	mioF4	0
nyF2	4	nyT2	0
touristsF0	2	touristsT0	0
thmF4	1	thmT4	0
chordsF0	5	chordsT0	0
cayesF0	14	cayesT0	0
descriptionsF0	2	descriptionsT0	0
individualF0	17	individualT0	0
coffinF0	1	coffinT0	0
prostheticF0	1	prostheticT0	0
njiF2	1	njiT2	0
romhaireT0	2	romhaireF0	0
centavinhoF0	1	centavinhoT0	0
raisingT0	3	raisingF0	0
iphoneF0	1	iphoneT0	0
ceiT4	2	ceiF4	0
closingF0	3	closingT0	0
shareholderF0	2	shareholderT0	0
busyF0	2	busyT0	0
shopyouT0	1	shopyouF0	0
momT0	5	momF0	0
presentF0	29	presentT0	0
keyT0	4	keyF0	0
msiF4	9	msiT4	0
lawrenceF0	1	lawrenceT0	0
ntiF2	10	ntiT2	0
generatedF0	3	generatedT0	0
zlsT4	1	zlsF4	0
hinF4	4	hinT4	0
rightdedicatedT0	1	rightdedicatedF0	0
resetT0	1	resetF0	0
reprF0	1	reprT0	0
llegaF0	2	llegaT0	0
ordersT0	1	ordersF0	0
musF2	1	musT2	0
vlsF2	1	vlsT2	0
grandisimoF0	1	grandisimoT0	0
antasF0	1	antasT0	0
bandannaF0	1	bandannaT0	0
pricesonlineT0	1	pricesonlineF0	0
petF4	24	petT4	0
ickF2	58	ickT2	0
meetT0	6	meetF0	0
manorT0	1	manorF0	0
entT2	642	entF2	0
vdT1	25	vdF1	0
hottestF0	4	hottestT0	0
ioniF0	1	ioniT0	0
scoT4	41	scoF4	0
respondingT0	2	respondingF0	0
tepF4	1	tepT4	0
jpgF2	3	jpgT2	0
zifasT0	1	zifasF0	0
championT0	1	championF0	0
lexT0	1	lexF0	0
huntT0	2	huntF0	0
augT2	10	augF2	0
ratT2	3	ratF2	0
fulT2	8	fulF2	0
gueF2	11	gueT2	0
ntgF4	1	ntgT4	0
avevoF0	1	avevoT0	0
bpmF4	1	bpmT4	0
arguingT0	1	arguingF0	0
obrigadoF0	2	obrigadoT0	0
appicatiF0	1	appicatiT0	0
horF4	20	horT4	0
asmF2	9	asmT2	0
abusiveF0	2	abusiveT0	0
inksT0	16	inksF0	0
fafF2	1	fafT2	0
husyT0	1	husyF0	0
pointtheF0	5	pointtheT0	0
kayT4	1	kayF4	0
kindsF0	15	kindsT0	0
unlT4	15	unlF4	0
asnumberF0	1	asnumberT0	0
phT3	100	phF3	0
updF4	35	updT4	0
camzT0	1	camzF0	0
kenmT0	1	kenmF0	0
epitomeF0	1	epitomeT0	0
hominumF0	1	hominumT0	0
tambinF0	2	tambinT0	0
umeT2	5	umeF2	0
tomorrowF0	2	tomorrowT0	0
jabiruT0	2	jabiruF0	0
corporationsF0	4	corporationsT0	0
kingstonF0	1	kingstonT0	0
fraF0	1	fraT0	0
ironforgeF0	1	ironforgeT0	0
luxT4	3	luxF4	0
simF4	64	simT4	0
barF4	53	barT4	0
exceptF0	8	exceptT0	0
proctorT0	1	proctorF0	0
pcF2	3	pcT2	0
apT0	3	apF0	0
roseF0	3	roseT0	0
lbsF2	3	lbsT2	0
limerF0	1	limerT0	0
announcementF0	3	announcementT0	0
priwatF0	1	priwatT0	0
swoT4	1	swoF4	0
climateF0	26	climateT0	0
toddlersF0	7	toddlersT0	0
bhaF4	2	bhaT4	0
studiesT0	2	studiesF0	0
ebayT0	5	ebayF0	0
cowF4	4	cowT4	0
epicT0	2	epicF0	0
lveT2	2	lveF2	0
automotiveF0	1	automotiveT0	0
wasntF0	3	wasntT0	0
nqlF2	1	nqlT2	0
federationT0	1	federationF0	0
kaiT0	1	kaiF0	0
termsT0	1	termsF0	0
canceledF0	1	canceledT0	0
acupunctureF0	1	acupunctureT0	0
meadT0	1	meadF0	0
wowgoldF0	1	wowgoldT0	0
jaF0	1	jaT0	0
yayF4	1	yayT4	0
iusT2	5	iusF2	0
jakobF0	1	jakobT0	0
nnonF0	1	nnonT0	0
atestF0	1	atestT0	0
mpensatiF0	1	mpensatiT0	0
fishingtoT0	1	fishingtoF0	0
abumF0	1	abumT0	0
tornadoF0	5	tornadoT0	0
dollarsF0	4	dollarsT0	0
armyF0	5	armyT0	0
politicalT0	3	politicalF0	0
mgaF4	6	mgaT4	0
onvF4	1	onvT4	0
mdT0	3	mdF0	0
tirT4	1	tirF4	0
higherT0	2	higherF0	0
crossdressingF0	1	crossdressingT0	0
annoyingF0	5	annoyingT0	0
scoresT0	15	scoresF0	0
codeF0	38	codeT0	0
thF3	8476	thT3	0
rghF2	1	rghT2	0
websiteF0	26	websiteT0	0
nnyF2	11	nnyT2	0
terminateF0	1	terminateT0	0
renT4	11	renF4	0
rehabilitationforensicsinstrumentationpavementT0	1	rehabilitationforensicsinstrumentationpavementF0	0
alfT2	6	alfF2	0
rentF0	11	rentT0	0
empirecT0	2	empirecF0	0
sceT4	3	sceF4	0
nikiT0	1	nikiF0	0
hackT0	2	hackF0	0
operatingT0	3	operatingF0	0
bydF4	1	bydT4	0
bleakT0	1	bleakF0	0
fiT2	1	fiF2	0
unpF4	10	unpT4	0
biscuitT0	1	biscuitF0	0
usaT0	8	usaF0	0
calcioF0	1	calcioT0	0
saleF0	31	saleT0	0
routerF0	2	routerT0	0
bradleyT0	1	bradleyF0	0
urtT2	7	urtF2	0
storeT0	7	storeF0	0
wrF0	1	wrT0	0
ttaF4	3	ttaT4	0
meeF2	1	meeT2	0
rtoF2	5	rtoT2	0
mixedF0	2	mixedT0	0
starchoiceT0	1	starchoiceF0	0
opF0	2	opT0	0
squT4	5	squF4	0
umaF0	9	umaT0	0
bellinghamF0	1	bellinghamT0	0
pagarF0	1	pagarT0	0
unfF4	9	unfT4	0
buildingaT0	1	buildingaF0	0
wvT2	2	wvF2	0
landmarksF0	1	landmarksT0	0
etT2	16	etF2	0
rwandamapT0	1	rwandamapF0	0
formerF0	13	formerT0	0
wyF3	5	wyT3	0
switchinF0	1	switchinT0	0
recordersT0	1	recordersF0	0
applicationsF0	5	applicationsT0	0
sesF2	206	sesT2	0
batteryF0	4	batteryT0	0
globalizedF0	1	globalizedT0	0
funeralF0	1	funeralT0	0
uniqueT0	3	uniqueF0	0
gostadoF0	1	gostadoT0	0
transvanT0	1	transvanF0	0
promotesF0	1	promotesT0	0
wagF4	1	wagT4	0
voisF0	1	voisT0	0
lliF2	6	lliT2	0
catoctinF0	1	catoctinT0	0
cisF4	1	cisT4	0
multiF0	9	multiT0	0
queF2	138	queT2	0
dupF4	4	dupT4	0
btwF0	2	btwT0	0
feF0	3	feT0	0
retailF0	1	retailT0	0
yayT0	1	yayF0	0
aeyT0	1	aeyF0	0
auditF0	2	auditT0	0
stumblersF0	14	stumblersT0	0
caulkerT0	4	caulkerF0	0
investissementT0	1	investissementF0	0
clipsT0	3	clipsF0	0
meanT0	1	meanF0	0
jaleesaF0	1	jaleesaT0	0
keyF4	42	keyT4	0
insertT0	2	insertF0	0
refreshingF0	6	refreshingT0	0
mksF2	1	mksT2	0
intercF0	1	intercT0	0
waterwaysF0	4	waterwaysT0	0
playfulF0	1	playfulT0	0
meetingF0	9	meetingT0	0
raphaelT0	1	raphaelF0	0
injectorsT0	1	injectorsF0	0
cockatooF0	1	cockatooT0	0
cusF2	8	cusT2	0
daT2	14	daF2	0
gtT0	3	gtF0	0
maiF2	2	maiT2	0
storytellerT0	1	storytellerF0	0
omoF2	13	omoT2	0
fuT0	3	fuF0	0
dvT1	2	dvF1	0
xylF4	1	xylT4	0
exF2	6	exT2	0
judgeF0	5	judgeT0	0
crashawT0	1	crashawF0	0
thrillT0	1	thrillF0	0
wxxF4	1	wxxT4	0
novF4	23	novT4	0
forkliftF0	1	forkliftT0	0
suddenF0	1	suddenT0	0
communistT0	1	communistF0	0
globalT0	27	globalF0	0
ehhF4	1	ehhT4	0
tetrisT0	1	tetrisF0	0
aeT1	6	aeF1	0
parmaT0	1	parmaF0	0
valleyF0	2	valleyT0	0
downloadsT0	5	downloadsF0	0
rofT2	1	rofF2	0
strengthF0	1	strengthT0	0
lvT3	6	lvF3	0
comparaesF0	1	comparaesT0	0
sutterT0	1	sutterF0	0
dangerF0	3	dangerT0	0
orfT2	1	orfF2	0
cmyT0	1	cmyF0	0
onlF4	262	onlT4	0
maoT2	1	maoF2	0
nvT1	2	nvF1	0
inputsF0	5	inputsT0	0
rarT4	4	rarF4	0
penserF0	2	penserT0	0
lbeT2	1	lbeF2	0
deleteT0	59	deleteF0	0
ivF0	1	ivT0	0
newsmailingsT0	1	newsmailingsF0	0
agaT2	2	agaF2	0
marryF0	1	marryT0	0
knightF0	1	knightT0	0
greentreeT0	1	greentreeF0	0
hdpeT0	1	hdpeF0	0
ehhT0	1	ehhF0	0
eflF2	1	eflT2	0
jeffreyF0	1	jeffreyT0	0
aeyF4	1	aeyT4	0
kieF0	1	kieT0	0
potF4	18	potT4	0
banquetsF0	1	banquetsT0	0
narF2	6	narT2	0
fanboyT0	2	fanboyF0	0
ladT4	7	ladF4	0
arrT4	17	arrF4	0
frighteningF0	1	frighteningT0	0
souF0	1	souT0	0
internetzF0	1	internetzT0	0
fcfbF0	4	fcfbT0	0
stableF0	3	stableT0	0
formationF0	2	formationT0	0
sensorsF0	2	sensorsT0	0
comT0	9	comF0	0
yckT2	1	yckF2	0
labF0	1	labT0	0
hhsF0	1	hhsT0	0
gaF3	347	gaT3	0
rpgF4	1	rpgT4	0
scanF0	3	scanT0	0
benchmadeT0	1	benchmadeF0	0
dserviceF0	1	dserviceT0	0
moskvaT0	2	moskvaF0	0
ipT2	6	ipF2	0
makersF0	2	makersT0	0
sntF2	10	sntT2	0
parisF0	2	parisT0	0
inevitableF0	1	inevitableT0	0
youF4	1777	youT4	0
brackishF0	2	brackishT0	0
shipscanT0	3	shipscanF0	0
sharedT0	2	sharedF0	0
itobviouslyF0	1	itobviouslyT0	0
crenshawT0	1	crenshawF0	0
budgetT0	1	budgetF0	0
unlikelyF0	1	unlikelyT0	0
sysF2	1	sysT2	0
iaF1	150	iaT1	0
utfT4	1	utfF4	0
paoloT0	2	paoloF0	0
deprivedF0	1	deprivedT0	0
largeT0	3	largeF0	0
creatingF0	9	creatingT0	0
donovanT0	1	donovanF0	0
technicaF0	2	technicaT0	0
utensilsF0	1	utensilsT0	0
wowF4	144	wowT4	0
kadhiT0	1	kadhiF0	0
miteF0	1	miteT0	0
lodF4	13	lodT4	0
ieiF2	1	ieiT2	0
pvF3	36	pvT3	0
flightsF0	4	flightsT0	0
lofF2	1	lofT2	0
kigaliT0	2	kigaliF0	0
guyF2	16	guyT2	0
divF0	1	divT0	0
facilitiesT0	5	facilitiesF0	0
iosF2	7	iosT2	0
owsT4	1	owsF4	0
mmeF4	3	mmeT4	0
nomeF0	1	nomeT0	0
rabF4	2	rabT4	0
roadsT0	3	roadsF0	0
aciF2	4	aciT2	0
probablyF0	7	probablyT0	0
tadF0	1	tadT0	0
nextT0	6	nextF0	0
torF2	159	torT2	0
mxT0	1	mxF0	0
venF4	11	venT4	0
overpassT0	1	overpassF0	0
lowryT0	1	lowryF0	0
storageF0	2	storageT0	0
tabF2	14	tabT2	0
ssF3	5	ssT3	0
securitestT0	1	securitestF0	0
undeadT0	2	undeadF0	0
promotingF0	6	promotingT0	0
vsF0	11	vsT0	0
pairsF0	2	pairsT0	0
wantedT0	6	wantedF0	0
rpgT0	1	rpgF0	0
civitatiF0	1	civitatiT0	0
baierF0	1	baierT0	0
explicitlyF0	2	explicitlyT0	0
crashesT0	1	crashesF0	0
atonedF0	1	atonedT0	0
rhT1	1	rhF1	0
stairT0	2	stairF0	0
cancelledF0	2	cancelledT0	0
tivF4	2	tivT4	0
shallowsT0	2	shallowsF0	0
misadventureF0	1	misadventureT0	0
weaponsF0	1	weaponsT0	0
gcuF4	1	gcuT4	0
zelF2	2	zelT2	0
ciaF2	9	ciaT2	0
xybyrlyrT0	1	xybyrlyrF0	0
napF4	3	napT4	0
radF2	2	radT2	0
prT3	611	prF3	0
elT0	6	elF0	0
consortiumF0	3	consortiumT0	0
ogaF2	1	ogaT2	0
dearlyF0	1	dearlyT0	0
retF2	10	retT2	0
socialT0	5	socialF0	0
rightkunnaT0	1	rightkunnaF0	0
wealthierF0	1	wealthierT0	0
universalT0	1	universalF0	0
scandinavianT0	1	scandinavianF0	0
sweT4	8	sweF4	0
bzF3	1	bzT3	0
ecoF2	5	ecoT2	0
inletsF0	2	inletsT0	0
aceT2	76	aceF2	0
oldF4	60	oldT4	0
precipitationT0	1	precipitationF0	0
citiizenF0	1	citiizenT0	0
buckleyT0	1	buckleyF0	0
analystsT0	1	analystsF0	0
pindarickT0	1	pindarickF0	0
anglaisF0	1	anglaisT0	0
performancesT0	1	performancesF0	0
wineT0	2	wineF0	0
topossessF0	1	topossessT0	0
launchT0	2	launchF0	0
tsunamiT0	4	tsunamiF0	0
zoologicalF0	1	zoologicalT0	0
fenF0	4	fenT0	0
squareF0	15	squareT0	0
rtyF2	54	rtyT2	0
cooperationF0	1	cooperationT0	0
gnF0	1	gnT0	0
markusT0	1	markusF0	0
naggingF0	1	naggingT0	0
budT4	2	budF4	0
cheeseT0	1	cheeseF0	0
openstorageT0	1	openstorageF0	0
woF3	841	woT3	0
arnF2	46	arnT2	0
omF3	10	omT3	0
occF4	43	occT4	0
ribT2	2	ribF2	0
executorF0	1	executorT0	0
qF0	4	qT0	0
cruiseT0	8	cruiseF0	0
ivoryF0	1	ivoryT0	0
austrianT0	1	austrianF0	0
camT4	33	camF4	0
keriT0	1	keriF0	0
hydT4	31	hydF4	0
klikT0	1	klikF0	0
ooF1	51	ooT1	0
sturdyF0	2	sturdyT0	0
bodiedF0	1	bodiedT0	0
perdomainF0	11	perdomainT0	0
paintingsF0	2	paintingsT0	0
acreF0	2	acreT0	0
verF0	11	verT0	0
sseF2	19	sseT2	0
mmoF4	2	mmoT4	0
prussianT0	1	prussianF0	0
biF0	2	biT0	0
developenablingF0	5	developenablingT0	0
ncT0	3	ncF0	0
prefersF0	1	prefersT0	0
onlyifT0	13	onlyifF0	0
expiredF0	1	expiredT0	0
actsT0	1	actsF0	0
ghT2	2	ghF2	0
mmoT0	1	mmoF0	0
intermediaryF0	1	intermediaryT0	0
vrgT4	2	vrgF4	0
expectF0	12	expectT0	0
bbsF2	2	bbsT2	0
wideT0	3	wideF0	0
netT2	47	netF2	0
usreligiousT0	1	usreligiousF0	0
crossroadsT0	1	crossroadsF0	0
nhaF2	7	nhaT2	0
sellonT0	1	sellonF0	0
processorsF0	1	processorsT0	0
nanT2	2	nanF2	0
eysT2	6	eysF2	0
xmbT2	1	xmbF2	0
mirrorF0	3	mirrorT0	0
findT0	33	findF0	0
truncationT0	2	truncationF0	0
globeF0	3	globeT0	0
dislikeF0	1	dislikeT0	0
nedF2	248	nedT2	0
readsT0	1	readsF0	0
ajakirjadT0	1	ajakirjadF0	0
attractiveT0	1	attractiveF0	0
skiT2	7	skiF2	0
siempreF0	4	siempreT0	0
thiT4	268	thiF4	0
separateT0	1	separateF0	0
pghF4	6	pghT4	0
vetT4	2	vetF4	0
ephT2	4	ephF2	0
savingsT0	1	savingsF0	0
almaF0	1	almaT0	0
ubtF2	4	ubtT2	0
warholT0	1	warholF0	0
toscaniT0	1	toscaniF0	0
shT0	17	shF0	0
mhzT4	1	mhzF4	0
alloyF0	1	alloyT0	0
rjeF2	1	rjeT2	0
mphaleF0	4	mphaleT0	0
winwdT0	1	winwdF0	0
pubT2	2	pubF2	0
oaT1	9	oaF1	0
feministT0	3	feministF0	0
wwwT2	2	wwwF2	0
nfF1	8	nfT1	0
xitF2	5	xitT2	0
wymF4	1	wymT4	0
wisF4	50	wisT4	0
fpsF4	2	fpsT4	0
wartyF0	1	wartyT0	0
bulletsT0	1	bulletsF0	0
emoF2	5	emoT2	0
boxT0	2	boxF0	0
seectiF0	3	seectiT0	0
jonesT0	4	jonesF0	0
thrustsF0	1	thrustsT0	0
positiveF0	6	positiveT0	0
kamF0	1	kamT0	0
satelliteF0	1	satelliteT0	0
detT2	3	detF2	0
eachF0	48	eachT0	0
eventyT0	1	eventyF0	0
attacksT0	1	attacksF0	0
rhaT4	1	rhaF4	0
quantityT0	2	quantityF0	0
zipF4	2	zipT4	0
dwvT2	1	dwvF2	0
motivatedF0	4	motivatedT0	0
coralT0	2	coralF0	0
downlighterF0	1	downlighterT0	0
miscellanyT0	1	miscellanyF0	0
xmlT2	1	xmlF2	0
concreteT0	8	concreteF0	0
refT2	1	refF2	0
attF4	126	attT4	0
barracudaF0	6	barracudaT0	0
outbackF0	1	outbackT0	0
castilloT0	3	castilloF0	0
rallhF0	1	rallhT0	0
locutionF0	1	locutionT0	0
massacreF0	2	massacreT0	0
articularF0	1	articularT0	0
excavationsT0	1	excavationsF0	0
jazzT0	1	jazzF0	0
murmuredF0	1	murmuredT0	0
comconnectionT0	2	comconnectionF0	0
fluxusT0	1	fluxusF0	0
activitiesT0	2	activitiesF0	0
unloadT0	5	unloadF0	0
hurT4	4	hurF4	0
nbT1	1	nbF1	0
kekT4	2	kekF4	0
romaF0	1	romaT0	0
giT1	3	giF1	0
riskF0	5	riskT0	0
julesF0	2	julesT0	0
bloodfistsT0	1	bloodfistsF0	0
motsF0	1	motsT0	0
farF0	19	farT0	0
outdoorsT0	1	outdoorsF0	0
knownF0	34	knownT0	0
garrickT0	1	garrickF0	0
antF0	2	antT0	0
nnF3	3	nnT3	0
cucT4	1	cucF4	0
chillyF0	1	chillyT0	0
fivT4	12	fivF4	0
dinT4	5	dinF4	0
determinationF0	3	determinationT0	0
returnedF0	4	returnedT0	0
passagesF0	1	passagesT0	0
udvidelseF0	1	udvidelseT0	0
hizF2	1	hizT2	0
plF3	538	plT3	0
escT4	4	escF4	0
moonF0	2	moonT0	0
doesT0	9	doesF0	0
ceF3	217	ceT3	0
arF2	9	arT2	0
ndyF2	13	ndyT2	0
sundsvalenT0	2	sundsvalenF0	0
untF0	3	untT0	0
camelsF0	1	camelsT0	0
executivesF0	1	executivesT0	0
focalT0	1	focalF0	0
boxF4	22	boxT4	0
pinoyT0	1	pinoyF0	0
dgzT4	31	dgzF4	0
affF2	12	affT2	0
uisT2	4	uisF2	0
advT4	25	advF4	0
worldwideF0	4	worldwideT0	0
educationalF0	11	educationalT0	0
athT2	27	athF2	0
eosT2	6	eosF2	0
todayT0	18	todayF0	0
honourT0	1	honourF0	0
ugeF2	15	ugeT2	0
shepherdT0	1	shepherdF0	0
poisioningF0	2	poisioningT0	0
babygearF0	1	babygearT0	0
clerkT0	1	clerkF0	0
dyF2	4	dyT2	0
attT0	2	attF0	0
isiT4	2	isiF4	0
nerfT0	2	nerfF0	0
contenutiF0	1	contenutiT0	0
rainforestF0	5	rainforestT0	0
korbelT0	4	korbelF0	0
jorF2	28	jorT2	0
gcF1	2	gcT1	0
smiF4	21	smiT4	0
constructF0	6	constructT0	0
kouT4	3	kouF4	0
cesT4	9	cesF4	0
revetmentsT0	1	revetmentsF0	0
terminologyF0	3	terminologyT0	0
iceT4	5	iceF4	0
extenderF0	1	extenderT0	0
adpF4	1	adpT4	0
derrekT0	1	derrekF0	0
attemptT0	1	attemptF0	0
wserF0	1	wserT0	0
pedF0	2	pedT0	0
managerF0	2	managerT0	0
bravT0	1	bravF0	0
cosT4	20	cosF4	0
jsF2	1	jsT2	0
wgsT2	1	wgsF2	0
danielT0	3	danielF0	0
spartanF0	1	spartanT0	0
metaicT0	1	metaicF0	0
boobiesF0	4	boobiesT0	0
crellyT0	1	crellyF0	0
strikingF0	3	strikingT0	0
shoeF0	2	shoeT0	0
quF3	509	quT3	0
deniedT0	1	deniedF0	0
anT2	25	anF2	0
machineT0	1	machineF0	0
lackF0	3	lackT0	0
drsT0	47	drsF0	0
horseT0	2	horseF0	0
ayT1	293	ayF1	0
ukuleleT0	1	ukuleleF0	0
rulF4	9	rulT4	0
secureF0	6	secureT0	0
rezT2	1	rezF2	0
ngestF0	1	ngestT0	0
ofgettingT0	1	ofgettingF0	0
electionF0	1	electionT0	0
acyT2	17	acyF2	0
paragraphsF0	1	paragraphsT0	0
answersT0	2	answersF0	0
innovationT0	1	innovationF0	0
blogsF0	3	blogsT0	0
virgilT0	1	virgilF0	0
militaryT0	12	militaryF0	0
monumentmarineT0	1	monumentmarineF0	0
blT3	164	blF3	0
uyT1	32	uyF1	0
suF1	2	suT1	0
consoleF0	6	consoleT0	0
heremostT0	1	heremostF0	0
determinedF0	5	determinedT0	0
skuF4	1	skuT4	0
aiF1	14	aiT1	0
oomF2	23	oomT2	0
incrediblyF0	2	incrediblyT0	0
resultF0	9	resultT0	0
resignedF0	1	resignedT0	0
itinerariesF0	2	itinerariesT0	0
tempoF0	4	tempoT0	0
draftT0	4	draftF0	0
fliesF0	2	fliesT0	0
modelingT0	2	modelingF0	0
amsF2	60	amsT2	0
smartestF0	1	smartestT0	0
ssyF2	4	ssyT2	0
alorsF0	3	alorsT0	0
relationsT0	11	relationsF0	0
ipnT2	1	ipnF2	0
bookT0	14	bookF0	0
navT4	19	navF4	0
guF3	217	guT3	0
componentT0	1	componentF0	0
schemeF0	1	schemeT0	0
arthasT0	1	arthasF0	0
fakeT0	1	fakeF0	0
tapT4	4	tapF4	0
gwF1	2	gwT1	0
lauraT0	2	lauraF0	0
ngF0	10	ngT0	0
rpsF2	1	rpsT2	0
javascriptT0	33	javascriptF0	0
thirdF0	23	thirdT0	0
chF0	1	chT0	0
bookmarksT0	1	bookmarksF0	0
wallsF0	2	wallsT0	0
bifurcationsF0	1	bifurcationsT0	0
xiiiT0	1	xiiiF0	0
adelaideT0	1	adelaideF0	0
bullF0	15	bullT0	0
inquiredF0	1	inquiredT0	0
leT0	1	leF0	0
classifiedF0	1	classifiedT0	0
colorF0	14	colorT0	0
ctdT4	1	ctdF4	0
sureT0	1	sureF0	0
ntoT2	16	ntoF2	0
insegnaF0	2	insegnaT0	0
developmentamountT0	1	developmentamountF0	0
lamorindaT0	1	lamorindaF0	0
tornandoF0	1	tornandoT0	0
mesT4	16	mesF4	0
chineT0	1	chineF0	0
omnivoreT0	1	omnivoreF0	0
killedF0	3	killedT0	0
zazF2	1	zazT2	0
handF0	28	handT0	0
hydropowerF0	3	hydropowerT0	0
broF0	1	broT0	0
henT4	11	henF4	0
organicT0	16	organicF0	0
marlinF0	2	marlinT0	0
alexandriaT0	1	alexandriaF0	0
vilasT0	1	vilasF0	0
orfieF0	1	orfieT0	0
authorizeT0	1	authorizeF0	0
spousalT0	1	spousalF0	0
emiT4	3	emiF4	0
sustainableF0	10	sustainableT0	0
subscribingF0	1	subscribingT0	0
nowaT0	1	nowaF0	0
commonF0	14	commonT0	0
chqllengeF0	1	chqllengeT0	0
strlkerF0	1	strlkerT0	0
passengersinternationalT0	1	passengersinternationalF0	0
brokenF0	5	brokenT0	0
trF3	613	trT3	0
swimmingT0	1	swimmingF0	0
norT4	147	norF4	0
explainF0	5	explainT0	0
incredibleF0	12	incredibleT0	0
majorityF0	6	majorityT0	0
umsF2	16	umsT2	0
ouT1	250	ouF1	0
pleasingF0	2	pleasingT0	0
emyF2	5	emyT2	0
pxF1	36	pxT1	0
failedF0	3	failedT0	0
ditF2	30	ditT2	0
reallyT0	2	reallyF0	0
postarF0	2	postarT0	0
benT0	57	benF0	0
saddleF0	1	saddleT0	0
amiF2	3	amiT2	0
lumbarF0	3	lumbarT0	0
cortekyouF0	1	cortekyouT0	0
ringsyysteemF0	1	ringsyysteemT0	0
thermalF0	2	thermalT0	0
reddenedF0	2	reddenedT0	0
dirF4	185	dirT4	0
quickF0	7	quickT0	0
pestleF0	1	pestleT0	0
guessF0	11	guessT0	0
negotiationF0	1	negotiationT0	0
meamiT0	1	meamiF0	0
physicalF0	10	physicalT0	0
douglasT0	2	douglasF0	0
socT4	33	socF4	0
wealthF0	8	wealthT0	0
ljoT4	1	ljoF4	0
officersF0	6	officersT0	0
phyT2	11	phyF2	0
arvadaT0	2	arvadaF0	0
japT4	17	japF4	0
quizT0	1	quizF0	0
libF2	1	libT2	0
owF3	93	owT3	0
wowT0	82	wowF0	0
impossibilityF0	1	impossibilityT0	0
flaT2	1	flaF2	0
ussT2	4	ussF2	0
cheatersF0	2	cheatersT0	0
dirT0	1	dirF0	0
combinationF0	1	combinationT0	0
mardakanT0	1	mardakanF0	0
aoaT4	1	aoaF4	0
susT2	18	susF2	0
gravitationalF0	1	gravitationalT0	0
enhancmentF0	1	enhancmentT0	0
eeF1	395	eeT1	0
zerT2	31	zerF2	0
inspiresF0	1	inspiresT0	0
pipF4	26	pipT4	0
weekendT0	3	weekendF0	0
itF2	512	itT2	0
trappingF0	1	trappingT0	0
beatenF0	1	beatenT0	0
campusF0	8	campusT0	0
oclcT0	1	oclcF0	0
herT0	8	herF0	0
restaurantT0	3	restaurantF0	0
septemberT0	14	septemberF0	0
shadeT0	1	shadeF0	0
stealT0	1	stealF0	0
utdF0	2	utdT0	0
savedF0	2	savedT0	0
rmF0	1	rmT0	0
thingyF0	1	thingyT0	0
kokT4	1	kokF4	0
snapperF0	2	snapperT0	0
airportT0	3	airportF0	0
eckT2	18	eckF2	0
secT4	64	secF4	0
stumbesF0	1	stumbesT0	0
tediousF0	2	tediousT0	0
dollT0	1	dollF0	0
cooF2	1	cooT2	0
sourT0	3	sourF0	0
flmT0	1	flmF0	0
ldT1	250	ldF1	0
avaiabiityF0	1	avaiabiityT0	0
womF4	57	womT4	0
pheT2	1	pheF2	0
librariesownF0	2	librariesownT0	0
quaT2	1	quaF2	0
wheatF0	1	wheatT0	0
daigdigF0	1	daigdigT0	0
happensF0	4	happensT0	0
xnF3	1	xnT3	0
davT4	6	davF4	0
sortsF0	2	sortsT0	0
typF4	68	typT4	0
backstageF0	1	backstageT0	0
velT2	33	velF2	0
ycuT2	1	ycuF2	0
obamasT0	9	obamasF0	0
straticsT0	1	straticsF0	0
agriculturalF0	1	agriculturalT0	0
fivesF0	1	fivesT0	0
unnT2	1	unnF2	0
oiT3	7	oiF3	0
ntsF2	463	ntsT2	0
sequestratorsF0	2	sequestratorsT0	0
popamooT0	1	popamooF0	0
stoppedF0	6	stoppedT0	0
competitionF0	3	competitionT0	0
fallingF0	8	fallingT0	0
chartsF0	2	chartsT0	0
karolF0	12	karolT0	0
broadbandF0	1	broadbandT0	0
wersF0	1	wersT0	0
vwT2	1	vwF2	0
vedF4	2	vedT4	0
eigF4	8	eigT4	0
ksF1	267	ksT1	0
jdcT4	1	jdcF4	0
cabanasF0	2	cabanasT0	0
errorstrT0	1	errorstrF0	0
beginningF0	16	beginningT0	0
tinklerT0	1	tinklerF0	0
castT0	1	castF0	0
seiF2	1	seiT2	0
crownF0	2	crownT0	0
videowelcomeT0	1	videowelcomeF0	0
habituallyF0	1	habituallyT0	0
umT3	3	umF3	0
gdrT2	12	gdrF2	0
ashleysT0	1	ashleysF0	0
scholarshipsF0	7	scholarshipsT0	0
licheF0	1	licheT0	0
iyT3	1	iyF3	0
oeiT2	1	oeiF2	0
becomeT0	1	becomeF0	0
dorfT0	1	dorfF0	0
devilleF0	4	devilleT0	0
bangkokT0	1	bangkokF0	0
meccaF0	1	meccaT0	0
paintedF0	1	paintedT0	0
sizedscenarioT0	1	sizedscenarioF0	0
axT2	1	axF2	0
accompanyF0	5	accompanyT0	0
commissionF0	1	commissionT0	0
argentinaT0	2	argentinaF0	0
thriceF0	1	thriceT0	0
elbowT0	1	elbowF0	0
arlF4	1	arlT4	0
paT0	5	paF0	0
issuerT0	1	issuerF0	0
tylT4	1	tylF4	0
jolT4	2	jolF4	0
lovelyF0	6	lovelyT0	0
irelandT0	6	irelandF0	0
mystiqueT0	5	mystiqueF0	0
tsF2	2	tsT2	0
christineT0	1	christineF0	0
monoxideF0	2	monoxideT0	0
coalesceF0	1	coalesceT0	0
wickedF0	1	wickedT0	0
oweF2	1	oweT2	0
regulatedF0	1	regulatedT0	0
evvivaT0	1	evvivaF0	0
unempF0	2	unempT0	0
finT2	2	finF2	0
renderedF0	1	renderedT0	0
dreamweaverT0	1	dreamweaverF0	0
merchantsF0	1	merchantsT0	0
subsidiariesF0	6	subsidiariesT0	0
fresnnoF0	1	fresnnoT0	0
deathknightF0	1	deathknightT0	0
aweT2	3	aweF2	0
looselyF0	1	looselyT0	0
kiteboardingF0	1	kiteboardingT0	0
thereofF0	1	thereofT0	0
zeusT0	2	zeusF0	0
amarT0	1	amarF0	0
fictitiousF0	1	fictitiousT0	0
dreT4	14	dreF4	0
designationF0	2	designationT0	0
rtedF0	1	rtedT0	0
crammedF0	1	crammedT0	0
srT0	1	srF0	0
abortsF0	1	abortsT0	0
panningF0	1	panningT0	0
faqsT0	1	faqsF0	0
goddessF0	9	goddessT0	0
ugF3	5	ugT3	0
linersF0	2	linersT0	0
explodeF0	2	explodeT0	0
industrialT0	20	industrialF0	0
polishF0	3	polishT0	0
nnoF2	4	nnoT2	0
etrF2	1	etrT2	0
cobbledF0	1	cobbledT0	0
kuskoquimT0	1	kuskoquimF0	0
durabeF0	1	durabeT0	0
iiiT4	8	iiiF4	0
semT4	5	semF4	0
lecturesF0	2	lecturesT0	0
doingT0	1	doingF0	0
cacharelT0	1	cacharelF0	0
artisticT0	1	artisticF0	0
remarksF0	4	remarksT0	0
dimensionalF0	3	dimensionalT0	0
cableF0	2	cableT0	0
upT0	16	upF0	0
buyerT0	3	buyerF0	0
unitbelizeT0	1	unitbelizeF0	0
sceneryF0	1	sceneryT0	0
onprivacyF0	2	onprivacyT0	0
llsF2	74	llsT2	0
tendersF0	1	tendersT0	0
passiveF0	2	passiveT0	0
tintingF0	1	tintingT0	0
ridF4	33	ridT4	0
gateT0	2	gateF0	0
ofF0	3675	ofT0	0
rodeoT0	1	rodeoF0	0
kaviakT0	2	kaviakF0	0
comparisonF0	1	comparisonT0	0
itrT4	2	itrF4	0
confoundedF0	1	confoundedT0	0
meaT2	1	meaF2	0
coiT4	2	coiF4	0
ringsT0	1	ringsF0	0
formsF0	10	formsT0	0
winsF0	2	winsT0	0
illF2	549	illT2	0
pnF1	2	pnT1	0
nieuwsT0	4	nieuwsF0	0
iuavT0	1	iuavF0	0
rightofficialT0	1	rightofficialF0	0
suggestedF0	1	suggestedT0	0
optT0	5	optF0	0
angelesF0	4	angelesT0	0
matchF0	9	matchT0	0
softwareF0	69	softwareT0	0
pharmacyT0	1	pharmacyF0	0
backgroundsF0	1	backgroundsT0	0
addingT0	1	addingF0	0
mysT4	10	mysF4	0
artistT0	6	artistF0	0
consequentialT0	5	consequentialF0	0
permissionF0	12	permissionT0	0
adhF2	1	adhT2	0
sfxT2	1	sfxF2	0
oysT2	1	oysF2	0
armedT0	1	armedF0	0
yuanT0	2	yuanF0	0
tiffT0	1	tiffF0	0
finnT0	1	finnF0	0
notebookT0	3	notebookF0	0
fundamentaF0	1	fundamentaT0	0
difT2	1	difF2	0
productionF0	14	productionT0	0
guiT4	85	guiF4	0
sexyT0	5	sexyF0	0
hadF2	140	hadT2	0
ageF2	289	ageT2	0
fifteenthF0	1	fifteenthT0	0
sarahT0	3	sarahF0	0
plotT0	1	plotF0	0
ledF4	3	ledT4	0
duchessT0	1	duchessF0	0
eegT4	1	eegF4	0
atpT4	1	atpF4	0
rhyF4	1	rhyT4	0
hpT3	16	hpF3	0
scheduleT0	2	scheduleF0	0
eisF2	6	eisT2	0
billericaT0	1	billericaF0	0
gmF1	1	gmT1	0
installationsT0	2	installationsF0	0
finaleT0	1	finaleF0	0
pinT2	5	pinF2	0
ssoF2	6	ssoT2	0
ikiT2	7	ikiF2	0
womensF0	2	womensT0	0
endF2	128	endT2	0
askingF0	5	askingT0	0
prashadT0	1	prashadF0	0
ltiF4	3	ltiT4	0
scrapingF0	2	scrapingT0	0
raF2	1	raT2	0
federaT0	1	federaF0	0
accordanceF0	2	accordanceT0	0
cheapF0	9	cheapT0	0
bizT4	3	bizF4	0
lnT1	40	lnF1	0
clearancesF0	1	clearancesT0	0
sunbathersF0	1	sunbathersT0	0
tstT2	1	tstF2	0
statedF0	6	statedT0	0
fitF0	9	fitT0	0
eaT1	76	eaF1	0
bicycleF0	4	bicycleT0	0
xxF3	1	xxT3	0
havingT0	3	havingF0	0
byseveralF0	1	byseveralT0	0
nlgF2	1	nlgT2	0
chalmersT0	2	chalmersF0	0
japaneseF0	8	japaneseT0	0
charterF0	7	charterT0	0
glassyF0	1	glassyT0	0
rchT2	77	rchF2	0
aoT1	13	aoF1	0
librariansF0	1	librariansT0	0
texT2	2	texF2	0
cindereaT0	1	cindereaF0	0
examineT0	1	examineF0	0
coatimundisandT0	1	coatimundisandF0	0
flyF2	10	flyT2	0
ealaontirF0	1	ealaontirT0	0
campT0	1	campF0	0
tackF0	1	tackT0	0
shipsF0	48	shipsT0	0
wesT4	23	wesF4	0
packagesF0	7	packagesT0	0
gaiconsultantsF0	1	gaiconsultantsT0	0
thyF2	26	thyT2	0
hikeT0	1	hikeF0	0
inspiratrixF0	1	inspiratrixT0	0
dtsF2	1	dtsT2	0
pogoT0	1	pogoF0	0
alarmF0	1	alarmT0	0
diversT0	1	diversF0	0
redT4	12	redF4	0
lrF1	1	lrT1	0
mazdaF0	2	mazdaT0	0
somT4	27	somF4	0
beievesF0	1	beievesT0	0
sextonT0	1	sextonF0	0
jobcardF0	5	jobcardT0	0
startenF0	1	startenT0	0
cleverF0	2	cleverT0	0
oisF2	8	oisT2	0
tutF4	6	tutT4	0
fainterF0	2	fainterT0	0
lurF4	2	lurT4	0
imaF2	11	imaT2	0
hurricaneF0	1	hurricaneT0	0
sinnamonT0	12	sinnamonF0	0
realizingF0	2	realizingT0	0
mbT2	6	mbF2	0
esqF4	1	esqT4	0
yodkF0	1	yodkT0	0
andrewF0	1	andrewT0	0
tolT4	12	tolF4	0
vanT4	13	vanF4	0
tipF0	2	tipT0	0
neF2	23	neT2	0
offeredF0	8	offeredT0	0
localityF0	1	localityT0	0
odrT4	1	odrF4	0
depthF0	12	depthT0	0
fxiT2	1	fxiF2	0
spesieltT0	1	spesieltF0	0
fertieF0	1	fertieT0	0
lebT2	1	lebF2	0
veT0	7	veF0	0
mnT0	15	mnF0	0
askT0	9	askF0	0
cksF2	56	cksT2	0
painfulF0	6	painfulT0	0
catchingF0	3	catchingT0	0
hpglT0	6	hpglF0	0
chazariaT0	1	chazariaF0	0
nextgenT0	2	nextgenF0	0
mgF1	8	mgT1	0
refinedF0	1	refinedT0	0
mosesT0	1	mosesF0	0
entrepreneurF0	1	entrepreneurT0	0
plantF0	6	plantT0	0
assignmentF0	1	assignmentT0	0
addictingT0	1	addictingF0	0
vilF2	9	vilT2	0
competenceF0	1	competenceT0	0
parenstF0	2	parenstT0	0
meF3	546	meT3	0
memF4	69	memT4	0
boostersF0	1	boostersT0	0
muslimT0	1	muslimF0	0
cpvF4	1	cpvT4	0
mayT2	47	mayF2	0
foF0	1	foT0	0
hollowF0	2	hollowT0	0
gibranT0	1	gibranF0	0
mocF4	1	mocT4	0
eewireT0	1	eewireF0	0
sasT2	37	sasF2	0
brookT0	1	brookF0	0
bytT4	1	bytF4	0
feastF0	1	feastT0	0
dimancheF0	2	dimancheT0	0
ausF4	12	ausT4	0
aviationT0	1	aviationF0	0
explorerF0	1	explorerT0	0
reedsF0	1	reedsT0	0
headquartersT0	3	headquartersF0	0
tatF4	2	tatT4	0
internalF0	5	internalT0	0
purposesF0	14	purposesT0	0
lonF4	107	lonT4	0
resourcesT0	9	resourcesF0	0
mellonT0	194	mellonF0	0
correctedT0	15	correctedF0	0
startedF0	19	startedT0	0
dropT0	6	dropF0	0
amwT4	1	amwF4	0
simplementeF0	1	simplementeT0	0
afterwardsF0	1	afterwardsT0	0
telewizjaT0	1	telewizjaF0	0
baseF0	13	baseT0	0
dfwF2	1	dfwT2	0
nmentalT0	1	nmentalF0	0
tulareT0	1	tulareF0	0
lloT2	17	lloF2	0
nabT4	1	nabF4	0
ceiingT0	1	ceiingF0	0
gizaT0	1	gizaF0	0
ndoF2	25	ndoT2	0
rexT4	1	rexF4	0
madeT0	1	madeF0	0
effT4	31	effF4	0
wastewaterT0	1	wastewaterF0	0
shareF0	38	shareT0	0
ruinsF0	3	ruinsT0	0
nailsF0	1	nailsT0	0
novT0	37	novF0	0
tedT2	267	tedF2	0
hallT0	2	hallF0	0
sapphiresF0	1	sapphiresT0	0
ynF2	2	ynT2	0
viableF0	1	viableT0	0
mgmtT0	1	mgmtF0	0
careF0	21	careT0	0
bejewelsT0	2	bejewelsF0	0
ropT2	7	ropF2	0
ahmedabadT0	1	ahmedabadF0	0
svtF4	1	svtT4	0
llcT4	1	llcF4	0
idtF2	2	idtT2	0
kendrickT0	1	kendrickF0	0
forrF0	1	forrT0	0
bejT4	2	bejF4	0
youT0	193	youF0	0
crabsF0	1	crabsT0	0
uaiF4	1	uaiT4	0
nebF4	1	nebT4	0
nonF2	36	nonT2	0
jahT2	1	jahF2	0
ashortF0	1	ashortT0	0
storiesF0	17	storiesT0	0
thousandsT0	1	thousandsF0	0
partyadvertiserF0	1	partyadvertiserT0	0
collectionpaintingsT0	1	collectionpaintingsF0	0
sonarT0	2	sonarF0	0
irpF2	2	irpT2	0
spdakF0	1	spdakT0	0
erieF0	4	erieT0	0
iplT4	4	iplF4	0
cansF0	1	cansT0	0
gF0	25	gT0	0
wrapsF0	4	wrapsT0	0
boardsF0	2	boardsT0	0
ondF2	32	ondT2	0
phenomenonF0	2	phenomenonT0	0
headlightsT0	2	headlightsF0	0
rlsT2	10	rlsF2	0
comF4	782	comT4	0
interestsT0	1	interestsF0	0
loginF0	18	loginT0	0
datF0	2	datT0	0
flickF0	2	flickT0	0
steelF0	5	steelT0	0
ectiF0	1	ectiT0	0
newgoogvarT0	5	newgoogvarF0	0
evidentF0	2	evidentT0	0
darF2	26	darT2	0
ieT3	2	ieF3	0
albacoreF0	1	albacoreT0	0
fugroT0	1	fugroF0	0
foundationT0	11	foundationF0	0
satisfactorilyF0	1	satisfactorilyT0	0
diggF0	1	diggT0	0
fredT0	2	fredF0	0
segmentinitT0	1	segmentinitF0	0
windowsT0	26	windowsF0	0
nveF4	2	nveT4	0
llT3	12	llF3	0
esT3	86	esF3	0
bbcT4	1	bbcF4	0
recollectF0	1	recollectT0	0
punF4	12	punT4	0
droppersT0	1	droppersF0	0
knowT0	1	knowF0	0
distantF0	1	distantT0	0
mfpF0	1	mfpT0	0
requiredT0	1	requiredF0	0
fetF4	1	fetT4	0
batboyT0	1	batboyF0	0
shocksT0	1	shocksF0	0
cyF3	11	cyT3	0
checksF0	2	checksT0	0
pomsT0	1	pomsF0	0
noaccessF0	1	noaccessT0	0
claveF0	1	claveT0	0
clearT0	6	clearF0	0
infT2	2	infF2	0
jazT4	2	jazF4	0
guidesF0	22	guidesT0	0
messengerT0	4	messengerF0	0
oriolT0	2	oriolF0	0
lakishaT0	1	lakishaF0	0
woqF0	2	woqT0	0
personstheT0	1	personstheF0	0
laboratoryT0	5	laboratoryF0	0
denF2	15	denT2	0
traditionsF0	2	traditionsT0	0
wellbeingF0	1	wellbeingT0	0
vhaF4	1	vhaT4	0
sexuallyF0	1	sexuallyT0	0
sugT4	6	sugF4	0
portugueseF0	2	portugueseT0	0
frT3	304	frF3	0
wayT2	29	wayF2	0
aieF0	1	aieT0	0
lifT4	16	lifF4	0
convertersF0	1	convertersT0	0
yfriendT0	1	yfriendF0	0
databaseF0	15	databaseT0	0
oemF2	7	oemT2	0
flatscentralT0	1	flatscentralF0	0
bsF0	1	bsT0	0
efF0	1	efT0	0
transcriptsT0	1	transcriptsF0	0
scootedF0	1	scootedT0	0
hubF4	4	hubT4	0
informT0	4	informF0	0
isF3	242	isT3	0
hurriedF0	1	hurriedT0	0
itlT0	1	itlF0	0
gebautenF0	1	gebautenT0	0
smallT0	4	smallF0	0
eyF1	271	eyT1	0
referrerT0	1	referrerF0	0
brgT4	1	brgF4	0
peF0	2	peT0	0
callyF0	1	callyT0	0
yourselfF0	9	yourselfT0	0
burF4	14	burT4	0
transformationT0	1	transformationF0	0
suaF4	5	suaT4	0
loT0	3	loF0	0
blissT0	2	blissF0	0
onnF2	2	onnT2	0
butF2	233	butT2	0
picturesF0	28	picturesT0	0
xanT2	2	xanF2	0
dinnersF0	3	dinnersT0	0
owaT2	1	owaF2	0
nylF4	1	nylT4	0
gymF0	2	gymT0	0
rrsF0	2	rrsT0	0
htmlT0	10	htmlF0	0
oddF2	2	oddT2	0
acidF0	1	acidT0	0
creamsF0	2	creamsT0	0
footballT0	4	footballF0	0
homestaysF0	1	homestaysT0	0
maryF0	1	maryT0	0
alwaysT0	5	alwaysF0	0
gongT0	2	gongF0	0
whieF0	1	whieT0	0
agoF2	37	agoT2	0
intensityF0	1	intensityT0	0
computerF0	29	computerT0	0
brgerserviceT0	1	brgerserviceF0	0
sectorsF0	25	sectorsT0	0
okT1	57	okF1	0
nchF0	1	nchT0	0
ravineF0	1	ravineT0	0
qlnF2	4	qlnT2	0
enfimT0	1	enfimF0	0
cdT0	13	cdF0	0
divergingF0	1	divergingT0	0
padF4	12	padT4	0
tookT0	1	tookF0	0
huntingT0	2	huntingF0	0
adT2	13	adF2	0
andT2	371	andF2	0
ppiF4	1	ppiT4	0
gameboxesF0	1	gameboxesT0	0
tahT2	2	tahF2	0
theF2	5590	theT2	0
indexofT0	20	indexofF0	0
ikeF0	3	ikeT0	0
theatreF0	3	theatreT0	0
rowfantT0	1	rowfantF0	0
vyT0	1	vyF0	0
academicF0	7	academicT0	0
serverT0	17	serverF0	0
futbonyjT0	1	futbonyjF0	0
evidenceF0	3	evidenceT0	0
fryT2	1	fryF2	0
nduT2	2	nduF2	0
implementingF0	2	implementingT0	0
patT4	9	patF4	0
mansionT0	1	mansionF0	0
chloeF0	1	chloeT0	0
sakF4	1	sakT4	0
bonF4	41	bonT4	0
rreF4	1	rreT4	0
eoF1	37	eoT1	0
carloT0	3	carloF0	0
rockF0	9	rockT0	0
samF2	1	samT2	0
gaudilyF0	1	gaudilyT0	0
koT1	5	koF1	0
concertsF0	3	concertsT0	0
frightenF0	1	frightenT0	0
emF3	155	emT3	0
mustT0	5	mustF0	0
rfsF2	1	rfsT2	0
sometimeF0	1	sometimeT0	0
acoT2	1	acoF2	0
lizT4	3	lizF4	0
intF2	68	intT2	0
symbolsT0	1	symbolsF0	0
disappointingF0	2	disappointingT0	0
ninthF0	1	ninthT0	0
rgbT4	1	rgbF4	0
wereT0	2	wereF0	0
inrF4	1	inrT4	0
licenseF0	14	licenseT0	0
trafficF0	6	trafficT0	0
doF2	156	doT2	0
giftsF0	6	giftsT0	0
useF0	150	useT0	0
nativeF0	7	nativeT0	0
questionsT0	1	questionsF0	0
ralF4	13	ralT4	0
slaterF0	1	slaterT0	0
capriceT0	2	capriceF0	0
keT1	126	keF1	0
sideF0	24	sideT0	0
zalT2	7	zalF2	0
onhT4	1	onhF4	0
frankenmuthF0	1	frankenmuthT0	0
lawsuitF0	13	lawsuitT0	0
offersT0	2	offersF0	0
cetteF0	2	cetteT0	0
planT0	4	planF0	0
ekeF4	1	ekeT4	0
considerationsF0	2	considerationsT0	0
craigsT0	2	craigsF0	0
panF4	22	panT4	0
problF0	1	problT0	0
shanghaiT0	4	shanghaiF0	0
hlundF0	1	hlundT0	0
hedT4	23	hedF4	0
upstairsF0	3	upstairsT0	0
crossoversT0	1	crossoversF0	0
manyT0	16	manyF0	0
isoF2	1	isoT2	0
heckF0	2	heckT0	0
activatedF0	2	activatedT0	0
clrF2	1	clrT2	0
catalinaT0	1	catalinaF0	0
neelyT0	1	neelyF0	0
anywayT0	1	anywayF0	0
gallonF0	1	gallonT0	0
carsoupT0	1	carsoupF0	0
pghT0	8	pghF0	0
elpF2	56	elpT2	0
tynT2	1	tynF2	0
thoughT0	2	thoughF0	0
warmF0	14	warmT0	0
supportT0	16	supportF0	0
sidoF0	1	sidoT0	0
hellF0	2	hellT0	0
infunctionF0	1	infunctionT0	0
azzF2	1	azzT2	0
empirereferencedT0	1	empirereferencedF0	0
ssmF4	1	ssmT4	0
awT3	14	awF3	0
clearestF0	1	clearestT0	0
recollectingT0	1	recollectingF0	0
regularlyT0	1	regularlyF0	0
filT4	33	filF4	0
dezF0	1	dezT0	0
ggyT2	2	ggyF2	0
putT4	11	putF4	0
tobT4	4	tobF4	0
gacF4	2	gacT4	0
dmtT4	1	dmtF4	0
kickedF0	2	kickedT0	0
mecF4	8	mecT4	0
recordT0	2	recordF0	0
trazendoF0	1	trazendoT0	0
ovnisT0	1	ovnisF0	0
ansiT0	2	ansiF0	0
tournamentT0	6	tournamentF0	0
estoniaT0	1	estoniaF0	0
characterF0	10	characterT0	0
pharmaceuticalF0	1	pharmaceuticalT0	0
mptT2	5	mptF2	0
entersF0	1	entersT0	0
photographerF0	5	photographerT0	0
memesF0	1	memesT0	0
hanF2	118	hanT2	0
commerceF0	5	commerceT0	0
seagrassF0	1	seagrassT0	0
decisionsF0	11	decisionsT0	0
placedF0	4	placedT0	0
icoT4	11	icoF4	0
cybermapsanT0	1	cybermapsanF0	0
creativeT0	3	creativeF0	0
guatemalaborderT0	1	guatemalaborderF0	0
leastF0	34	leastT0	0
tonT2	97	tonF2	0
obbT2	1	obbF2	0
mediumF0	1	mediumT0	0
otfF4	1	otfT4	0
landmassF0	1	landmassT0	0
nightlyF0	1	nightlyT0	0
symT4	5	symF4	0
ednF2	1	ednT2	0
gioF4	2	gioT4	0
stataF0	1	stataT0	0
priyaT0	2	priyaF0	0
skF1	47	skT1	0
wannaT0	2	wannaF0	0
restrictedT0	2	restrictedF0	0
didT4	26	didF4	0
anadvertisingF0	1	anadvertisingT0	0
andresT0	1	andresF0	0
eminemT0	1	eminemF0	0
tourenT0	1	tourenF0	0
othF2	50	othT2	0
concordoF0	1	concordoT0	0
waterF0	67	waterT0	0
blaeuT0	1	blaeuF0	0
akaF2	2	akaT2	0
sensesF0	2	sensesT0	0
editorF0	7	editorT0	0
mmunityF0	2	mmunityT0	0
fatT4	6	fatF4	0
porT2	4	porF2	0
gigF2	2	gigT2	0
incurablyF0	1	incurablyT0	0
cuesaT0	1	cuesaF0	0
consolidatedT0	1	consolidatedF0	0
geeT4	1	geeF4	0
viewersF0	4	viewersT0	0
averageF0	14	averageT0	0
commentF0	16	commentT0	0
developersF0	1	developersT0	0
ceyF2	1	ceyT2	0
tinF2	8	tinT2	0
anotherT0	13	anotherF0	0
causeT0	5	causeF0	0
heritageF0	4	heritageT0	0
miaF2	1	miaT2	0
ucsF2	1	ucsT2	0
consultationF0	2	consultationT0	0
giaT4	3	giaF4	0
atributosF0	1	atributosT0	0
ersteT0	1	ersteF0	0
bitF4	32	bitT4	0
ixtF2	1	ixtT2	0
inspectedF0	1	inspectedT0	0
mcT1	8	mcF1	0
iciF4	3	iciT4	0
birdingT0	1	birdingF0	0
responseT0	3	responseF0	0
epF0	1	epT0	0
altairT0	1	altairF0	0
nitF2	18	nitT2	0
wordpressF0	1	wordpressT0	0
siF3	664	siT3	0
driversF0	5	driversT0	0
digicellT0	1	digicellF0	0
commitF0	1	commitT0	0
rurT4	1	rurF4	0
accidentT0	2	accidentF0	0
sksT2	1	sksF2	0
unxT2	1	unxF2	0
mT0	86	mF0	0
groveT0	2	groveF0	0
esoT2	6	esoF2	0
objT4	2	objF4	0
rdanF0	2	rdanT0	0
decorationsT0	1	decorationsF0	0
grilleT0	1	grilleF0	0
traditionalF0	9	traditionalT0	0
avismapT0	1	avismapF0	0
principlesF0	5	principlesT0	0
appF2	2	appT2	0
tiskanaT0	1	tiskanaF0	0
onresizeF0	1	onresizeT0	0
ebbT2	1	ebbF2	0
panT0	9	panF0	0
essF2	325	essT2	0
mhicT0	1	mhicF0	0
aowT2	1	aowF2	0
abnT4	1	abnF4	0
forceT0	5	forceF0	0
parishF0	1	parishT0	0
opgerichtF0	1	opgerichtT0	0
guidelinesT0	8	guidelinesF0	0
ruF2	1	ruT2	0
weiT4	6	weiF4	0
rigidT0	2	rigidF0	0
disgustF0	2	disgustT0	0
inaccessibleF0	1	inaccessibleT0	0
findingF0	5	findingT0	0
ventilatingT0	2	ventilatingF0	0
sfT2	6	sfF2	0
encouragementF0	1	encouragementT0	0
completeT0	8	completeF0	0
illinoisT0	1	illinoisF0	0
uzzF2	1	uzzT2	0
thadeuT0	1	thadeuF0	0
raceF0	6	raceT0	0
steinT0	1	steinF0	0
swallowT0	2	swallowF0	0
forgeF0	1	forgeT0	0
saaF4	3	saaT4	0
gsT1	155	gsF1	0
oeuF4	1	oeuT4	0
womanlyT0	1	womanlyF0	0
auctionT0	1	auctionF0	0
vinF0	1	vinT0	0
mdijiF0	1	mdijiT0	0
misF4	54	misT4	0
fdF1	4	fdT1	0
achoF0	2	achoT0	0
wouldnF0	2	wouldnT0	0
yoF1	5	yoT1	0
cmaT4	3	cmaF4	0
eyeF0	11	eyeT0	0
cprT4	1	cprF4	0
angeF0	2	angeT0	0
moreoverT0	2	moreoverF0	0
gldF2	1	gldT2	0
highgateT0	1	highgateF0	0
rngT2	1	rngF2	0
vonF4	1	vonT4	0
pspT0	16	pspF0	0
sumF2	3	sumT2	0
oseT2	62	oseF2	0
treF2	26	treT2	0
brahmsT0	1	brahmsF0	0
remaxF0	1	remaxT0	0
repT2	4	repF2	0
cameronT0	1	cameronF0	0
scrapT0	1	scrapF0	0
atF0	931	atT0	0
ontT2	54	ontF2	0
deemF0	1	deemT0	0
argonautT0	1	argonautF0	0
churchesF0	3	churchesT0	0
stonequestT0	1	stonequestF0	0
crimsonF0	1	crimsonT0	0
modernizationF0	2	modernizationT0	0
menuT0	4	menuF0	0
enqueteF0	2	enqueteT0	0
formaggioF0	2	formaggioT0	0
swatT0	1	swatF0	0
edwardT0	2	edwardF0	0
runingF0	1	runingT0	0
ritT4	1	ritF4	0
romanF0	4	romanT0	0
assT2	30	assF2	0
havocF0	1	havocT0	0
councilF0	6	councilT0	0
popT4	127	popF4	0
revistasF0	1	revistasT0	0
cutsT0	1	cutsF0	0
troF2	1	troT2	0
outroT0	1	outroF0	0
diabeticF0	1	diabeticT0	0
dealerF0	2	dealerT0	0
confrontF0	1	confrontT0	0
bodF4	15	bodT4	0
envoyF0	1	envoyT0	0
linF0	1	linT0	0
lahfF0	1	lahfT0	0
ssmiddyF0	1	ssmiddyT0	0
countF0	9	countT0	0
nickyckaF0	1	nickyckaT0	0
adminT0	1	adminF0	0
hneT4	1	hneF4	0
reductionT0	2	reductionF0	0
rorF4	1	rorT4	0
elizabethanT0	1	elizabethanF0	0
dameT0	1	dameF0	0
pkT0	1	pkF0	0
accessiblebyF0	1	accessiblebyT0	0
obituariesT0	1	obituariesF0	0
bapT2	1	bapF2	0
vobT2	1	vobF2	0
transferringF0	1	transferringT0	0
keithT0	2	keithF0	0
ordT4	21	ordF4	0
caspianT0	1	caspianF0	0
statisticsT0	3	statisticsF0	0
expertiseT0	12	expertiseF0	0
warehamT0	1	warehamF0	0
barberianaT0	1	barberianaF0	0
dxfsT0	1	dxfsF0	0
miiF4	3	miiT4	0
mutilateT0	1	mutilateF0	0
ckeT2	1	ckeF2	0
importF0	6	importT0	0
wmaT4	1	wmaF4	0
genealogicalF0	1	genealogicalT0	0
honT4	16	honF4	0
dandT0	1	dandF0	0
mestizoT0	1	mestizoF0	0
delF4	63	delT4	0
uiF1	12	uiT1	0
turgenieffT0	1	turgenieffF0	0
ollT2	15	ollF2	0
methodF0	10	methodT0	0
ortF2	192	ortT2	0
viaduF0	1	viaduT0	0
amoT2	4	amoF2	0
krisstenT0	1	krisstenF0	0
benF4	28	benT4	0
increasingT0	1	increasingF0	0
froyskanF0	1	froyskanT0	0
officialF0	18	officialT0	0
pngT4	2	pngF4	0
ouiF0	2	ouiT0	0
advertiseT0	1	advertiseF0	0
legendaryF0	1	legendaryT0	0
