edF1	3109	edT1	0
soupsF0	1	soupsT0	0
ybeF2	7	ybeT2	0
ebF3	8	ebT3	0
backupT0	6	backupF0	0
yetT0	4	yetF0	0
signageF0	1	signageT0	0
rtfF0	1	rtfT0	0
bridgesF0	1	bridgesT0	0
modifyT0	5	modifyF0	0
fitingsT0	7	fitingsF0	0
firmF0	4	firmT0	0
europeT0	33	europeF0	0
broodF0	1	broodT0	0
dedicationF0	2	dedicationT0	0
camsF0	2	camsT0	0
lvdT2	2	lvdF2	0
xtT2	1	xtF2	0
advancedT0	5	advancedF0	0
toothF0	2	toothT0	0
osT2	2	osF2	0
estabishedF0	1	estabishedT0	0
choT4	69	choF4	0
basinsT0	1	basinsF0	0
wordT0	3	wordF0	0
estF0	15	estT0	0
springhiT0	1	springhiF0	0
britaT0	1	britaF0	0
achF2	76	achT2	0
pcsT2	4	pcsF2	0
editingF0	5	editingT0	0
trillionsF0	1	trillionsT0	0
screensaversF0	1	screensaversT0	0
symbolicF0	1	symbolicT0	0
ushT2	8	ushF2	0
mothF0	1	mothT0	0
mistressF0	1	mistressT0	0
waterstopsT0	1	waterstopsF0	0
vegasT0	3	vegasF0	0
taxiF0	5	taxiT0	0
gaugesF0	1	gaugesT0	0
runsT0	2	runsF0	0
saginawT0	1	saginawF0	0
artigoF0	1	artigoT0	0
failureF0	4	failureT0	0
observatoryT0	1	observatoryF0	0
hitchF0	3	hitchT0	0
ntT2	1	ntF2	0
snorkelingT0	1	snorkelingF0	0
exhaustF0	1	exhaustT0	0
companionF0	2	companionT0	0
sedimentsT0	1	sedimentsF0	0
seriousF0	7	seriousT0	0
dominatesF0	1	dominatesT0	0
ambT4	17	ambF4	0
bulkF0	1	bulkT0	0
categoriesT0	3	categoriesF0	0
adwareF0	2	adwareT0	0
indulgentF0	1	indulgentT0	0
regF4	125	regT4	0
gunsamriskT0	1	gunsamriskF0	0
ecourseT0	13	ecourseF0	0
kitT0	8	kitF0	0
nieT2	4	nieF2	0
rienF0	2	rienT0	0
scaleF0	5	scaleT0	0
seniorF0	6	seniorT0	0
oupF2	23	oupT2	0
mientenF0	1	mientenT0	0
wonF2	14	wonT2	0
versionF0	42	versionT0	0
ekT0	2	ekF0	0
etaT4	1	etaF4	0
providersT0	1	providersF0	0
tipsF0	8	tipsT0	0
perfectlyF0	6	perfectlyT0	0
usersdF0	1	usersdT0	0
oleF2	53	oleT2	0
mysteriousF0	7	mysteriousT0	0
batchF0	29	batchT0	0
fermT0	1	fermF0	0
tiF1	99	tiT1	0
dueF4	7	dueT4	0
kitF4	13	kitT4	0
xaT1	1	xaF1	0
southwestT0	5	southwestF0	0
hengistT0	1	hengistF0	0
boardT0	143	boardF0	0
domainF0	6	domainT0	0
rushF0	3	rushT0	0
fraudF0	1	fraudT0	0
afF3	117	afT3	0
nykoriakT0	1	nykoriakF0	0
thereforeT0	3	thereforeF0	0
feiF4	3	feiT4	0
aonF4	1	aonT4	0
storytimeT0	18	storytimeF0	0
alternatedF0	1	alternatedT0	0
humdrumF0	1	humdrumT0	0
amnT2	1	amnF2	0
chinesedirectoryT0	1	chinesedirectoryF0	0
bakF0	1	bakT0	0
melT0	1	melF0	0
carbamazabineF0	1	carbamazabineT0	0
sandwichedF0	1	sandwichedT0	0
rogueT0	1	rogueF0	0
theoreticalF0	1	theoreticalT0	0
solidarityF0	1	solidarityT0	0
linwoodT0	1	linwoodF0	0
angolaT0	1	angolaF0	0
mriT0	3	mriF0	0
dealersF0	2	dealersT0	0
inventoryT0	6	inventoryF0	0
brooksT0	1	brooksF0	0
tellsF0	2	tellsT0	0
disF2	4	disT2	0
undedF0	2	undedT0	0
marathiT0	2	marathiF0	0
cedF2	81	cedT2	0
outdoorT0	2	outdoorF0	0
realF0	50	realT0	0
maxT2	4	maxF2	0
muzikT0	1	muzikF0	0
kliF2	1	kliT2	0
gruT4	3	gruF4	0
otevyenT0	1	otevyenF0	0
partisanshipF0	1	partisanshipT0	0
lioT4	1	lioF4	0
pressedF0	1	pressedT0	0
rsuT2	2	rsuF2	0
rightbalitangT0	1	rightbalitangF0	0
paigeT0	1	paigeF0	0
ctT3	4	ctF3	0
olaT2	7	olaF2	0
bbrF2	1	bbrT2	0
classicT0	38	classicF0	0
nverterF0	1	nverterT0	0
nitroxT0	1	nitroxF0	0
argestF0	2	argestT0	0
ionT2	599	ionF2	0
endlessF0	2	endlessT0	0
orgT0	2	orgF0	0
sheriffsT0	1	sheriffsF0	0
cadT2	38	cadF2	0
tourF0	60	tourT0	0
maliciousF0	1	maliciousT0	0
draftyF0	1	draftyT0	0
blockbusterT0	1	blockbusterF0	0
statesmanshipF0	5	statesmanshipT0	0
throatF0	1	throatT0	0
specificshipF0	1	specificshipT0	0
skF0	1	skT0	0
areasF0	41	areasT0	0
psyF4	5	psyT4	0
jooT0	1	jooF0	0
amountF0	10	amountT0	0
kfcT0	1	kfcF0	0
savingF0	5	savingT0	0
nesT2	51	nesF2	0
oryT2	67	oryF2	0
gluF4	2	gluT4	0
playableF0	1	playableT0	0
hugT4	6	hugF4	0
speakersF0	2	speakersT0	0
besideF0	1	besideT0	0
diyT2	5	diyF2	0
fimT2	1	fimF2	0
hiddenT0	1	hiddenF0	0
sepF4	10	sepT4	0
battalionT0	3	battalionF0	0
txT2	4	txF2	0
hablaT0	1	hablaF0	0
conF2	9	conT2	0
himF4	96	himT4	0
traversedF0	1	traversedT0	0
dcaT2	1	dcaF2	0
reachtilF0	1	reachtilT0	0
iveT4	8	iveF4	0
nmwF4	1	nmwT4	0
raidT0	1	raidF0	0
pacF4	32	pacT4	0
ketogahsF0	1	ketogahsT0	0
franceaT0	1	franceaF0	0
nymF2	1	nymT2	0
collectioncollectionT0	2	collectioncollectionF0	0
zoneT0	9	zoneF0	0
devisedF0	1	devisedT0	0
clientsF0	16	clientsT0	0
skippedF0	1	skippedT0	0
sinF2	11	sinT2	0
bombT0	5	bombF0	0
fishT0	3	fishF0	0
aidF0	3	aidT0	0
serieT0	1	serieF0	0
linkingF0	3	linkingT0	0
deceasedF0	2	deceasedT0	0
desertsF0	1	desertsT0	0
librarianshipF0	1	librarianshipT0	0
rightenglishT0	2	rightenglishF0	0
fllF4	1	fllT4	0
himT0	1	himF0	0
rkF1	207	rkT1	0
customarilyF0	1	customarilyT0	0
consideredT0	1	consideredF0	0
diiF2	1	diiT2	0
leyF2	9	leyT2	0
revengeF0	1	revengeT0	0
bosT4	9	bosF4	0
kelleyT0	1	kelleyF0	0
wriF4	89	wriT4	0
ligT2	3	ligF2	0
speechT0	4	speechF0	0
liaF2	12	liaT2	0
adoF4	13	adoT4	0
budapestT0	1	budapestF0	0
alyT2	15	alyF2	0
packedF0	3	packedT0	0
worksF0	20	worksT0	0
oxenhamadvancedT0	1	oxenhamadvancedF0	0
urgT4	3	urgF4	0
uneT0	3	uneF0	0
codingF0	2	codingT0	0
twantF0	1	twantT0	0
prparationT0	1	prparationF0	0
pumF4	4	pumT4	0
oldsmobileF0	1	oldsmobileT0	0
abcT4	5	abcF4	0
mistakeF0	3	mistakeT0	0
belongsF0	1	belongsT0	0
chronT0	1	chronF0	0
hiiT4	1	hiiF4	0
measuredT0	1	measuredF0	0
warezteamT0	1	warezteamF0	0
zemF0	1	zemT0	0
urF1	1080	urT1	0
fuaimF0	1	fuaimT0	0
twT3	21	twF3	0
wizardsF0	2	wizardsT0	0
basicallyF0	2	basicallyT0	0
homelandF0	2	homelandT0	0
mountedF0	2	mountedT0	0
investmentsF0	1	investmentsT0	0
fhilteF0	1	fhilteT0	0
asF0	549	asT0	0
rscF4	1	rscT4	0
difficultT0	1	difficultF0	0
ansF0	2	ansT0	0
toddyF0	1	toddyT0	0
armF2	24	armT2	0
implantsF0	1	implantsT0	0
inyT2	2	inyF2	0
dimT4	1	dimF4	0
kindergartenF0	1	kindergartenT0	0
paulinaT0	1	paulinaF0	0
tranquilF0	1	tranquilT0	0
ulyT2	20	ulyF2	0
zF0	18	zT0	0
liberiamapT0	1	liberiamapF0	0
zaF3	3	zaT3	0
centersT0	7	centersF0	0
medicaidT0	1	medicaidF0	0
geneticsF0	1	geneticsT0	0
busF2	16	busT2	0
winningF0	3	winningT0	0
aclT4	1	aclF4	0
chicoT0	1	chicoF0	0
gnuF2	1	gnuT2	0
junkF0	1	junkT0	0
originallyF0	2	originallyT0	0
fileT0	11	fileF0	0
cazF4	1	cazT4	0
wjeT2	1	wjeF2	0
submergedF0	3	submergedT0	0
katF2	1	katT2	0
nortonT0	53	nortonF0	0
netsunserverT0	15	netsunserverF0	0
authorsF0	2	authorsT0	0
pamF4	4	pamT4	0
taglineT0	1	taglineF0	0
majorsF0	1	majorsT0	0
rifleF0	1	rifleT0	0
nyF1	426	nyT1	0
boredomF0	2	boredomT0	0
smpT2	1	smpF2	0
tooF4	106	tooT4	0
yncF2	3	yncT2	0
outfileT0	1	outfileF0	0
angelaT0	2	angelaF0	0
hereafterF0	1	hereafterT0	0
itoF0	1	itoT0	0
divisionsF0	1	divisionsT0	0
racF2	1	racT2	0
smartphonesF0	1	smartphonesT0	0
masterF0	4	masterT0	0
ubsF2	7	ubsT2	0
downloadableT0	4	downloadableF0	0
capableF0	11	capableT0	0
veF3	254	veT3	0
harderF0	1	harderT0	0
sxT3	2	sxF3	0
ovoF2	7	ovoT2	0
aptsF0	4	aptsT0	0
cunT2	1	cunF2	0
janitT0	1	janitF0	0
resultsT0	2	resultsF0	0
corvetteF0	1	corvetteT0	0
keptT0	1	keptF0	0
consistentF0	6	consistentT0	0
astucesT0	1	astucesF0	0
ariT2	3	ariF2	0
delaT0	1	delaF0	0
reaF0	3	reaT0	0
sepT0	61	sepF0	0
maT2	6	maF2	0
azF3	1	azT3	0
hardshipsF0	1	hardshipsT0	0
mapquestT0	2	mapquestF0	0
shelburneT0	1	shelburneF0	0
includedF0	10	includedT0	0
tyT1	406	tyF1	0
rieF2	9	rieT2	0
languageF0	12	languageT0	0
ladyT0	7	ladyF0	0
clT1	6	clF1	0
expressT0	5	expressF0	0
evyF2	1	evyT2	0
journauxT0	1	journauxF0	0
pouringF0	2	pouringT0	0
cataloguingF0	1	cataloguingT0	0
sopF4	1	sopT4	0
detailsF0	14	detailsT0	0
robotF0	1	robotT0	0
discussionF0	6	discussionT0	0
handleF0	11	handleT0	0
usfT4	1	usfF4	0
malT4	15	malF4	0
pngsF0	2	pngsT0	0
overlapsF0	1	overlapsT0	0
notifiedT0	5	notifiedF0	0
ampF4	107	ampT4	0
alexT0	3	alexF0	0
strivesF0	1	strivesT0	0
rksT2	34	rksF2	0
islF4	162	islT4	0
commercialF0	13	commercialT0	0
ywF2	1	ywT2	0
glaF4	19	glaT4	0
nzbF2	1	nzbT2	0
trendsT0	11	trendsF0	0
leeF2	2	leeT2	0
ioT2	3	ioF2	0
mjmT4	1	mjmF4	0
governmentsF0	5	governmentsT0	0
mageF0	1	mageT0	0
yearlyF0	3	yearlyT0	0
beF3	921	beT3	0
initializedT0	2	initializedF0	0
treatmentT0	6	treatmentF0	0
pumpF0	1	pumpT0	0
consumerT0	2	consumerF0	0
burnsF0	3	burnsT0	0
heroF0	2	heroT0	0
opiF4	12	opiT4	0
classifiF0	1	classifiT0	0
aneF4	3	aneT4	0
eliT4	5	eliF4	0
itwF2	2	itwT2	0
vcT1	42	vcF1	0
medF2	82	medT2	0
vocT0	2	vocF0	0
qualificationsF0	1	qualificationsT0	0
guerraT0	1	guerraF0	0
kupT2	29	kupF2	0
usbF2	1	usbT2	0
ainF0	1	ainT0	0
oorT2	18	oorF2	0
nobuT0	4	nobuF0	0
plasticT0	3	plasticF0	0
sslT0	2	sslF0	0
dueT0	4	dueF0	0
majesticF0	1	majesticT0	0
wakeT0	2	wakeF0	0
escapingF0	2	escapingT0	0
tremorsF0	1	tremorsT0	0
hemT4	5	hemF4	0
talkingT0	1	talkingF0	0
gettingT0	4	gettingF0	0
enaF4	21	enaT4	0
orgF4	52	orgT4	0
rareT0	4	rareF0	0
cardF0	11	cardT0	0
vocF4	5	vocT4	0
brazilianT0	1	brazilianF0	0
beatesT0	1	beatesF0	0
ipoF4	1	ipoT4	0
pechT0	1	pechF0	0
ungF2	31	ungT2	0
statesT0	41	statesF0	0
horaceT0	2	horaceF0	0
haleighF0	1	haleighT0	0
kyT0	1	kyF0	0
leaT2	1	leaF2	0
blimeyT0	1	blimeyF0	0
flycatchersF0	1	flycatchersT0	0
attendT0	1	attendF0	0
bayT2	15	bayF2	0
luzjnikistadionT0	1	luzjnikistadionF0	0
dsustoT0	1	dsustoF0	0
carriedF0	3	carriedT0	0
groupsF0	6	groupsT0	0
addressF0	29	addressT0	0
corruptedF0	1	corruptedT0	0
papercraftF0	1	papercraftT0	0
hogT0	1	hogF0	0
mercenaryF0	1	mercenaryT0	0
netfixF0	1	netfixT0	0
adsF0	15	adsT0	0
shoppingT0	1	shoppingF0	0
midT4	21	midF4	0
gonT4	3	gonF4	0
infantT0	2	infantF0	0
minesT0	4	minesF0	0
rtrT4	3	rtrF4	0
nickelF0	1	nickelT0	0
ffxT4	1	ffxF4	0
farewellingF0	1	farewellingT0	0
fastenedF0	1	fastenedT0	0
titedF0	1	titedT0	0
itiT2	3	itiF2	0
redesignedF0	1	redesignedT0	0
rvF0	1	rvT0	0
moroccoT0	1	moroccoF0	0
silviaT0	18	silviaF0	0
galleriesT0	2	galleriesF0	0
espF4	29	espT4	0
voyF2	1	voyT2	0
jeffersonT0	4	jeffersonF0	0
mintF0	1	mintT0	0
gospelT0	1	gospelF0	0
networkF0	14	networkT0	0
dollsF0	2	dollsT0	0
trueF0	26	trueT0	0
webmasterF0	2	webmasterT0	0
nightfireF0	1	nightfireT0	0
madmanF0	1	madmanT0	0
chlorideT0	11	chlorideF0	0
crankedF0	2	crankedT0	0
nordkskF0	1	nordkskT0	0
goodsF0	6	goodsT0	0
beiT4	14	beiF4	0
valparaisoT0	1	valparaisoF0	0
statisticF0	1	statisticT0	0
baileyT0	1	baileyF0	0
destroyT0	1	destroyF0	0
kvyT2	1	kvyF2	0
pipeF0	8	pipeT0	0
dgeT4	13	dgeF4	0
deaingT0	1	deaingF0	0
hindiT0	2	hindiF0	0
sydT2	1	sydF2	0
diwtF0	1	diwtT0	0
psT1	120	psF1	0
mraF2	1	mraT2	0
rtlT0	2	rtlF0	0
srementF0	2	srementT0	0
honoraryT0	2	honoraryF0	0
flightT0	1	flightF0	0
decksF0	1	decksT0	0
aapT2	1	aapF2	0
steekF0	1	steekT0	0
protocolF0	3	protocolT0	0
increbleF0	2	increbleT0	0
personageF0	1	personageT0	0
athazardousT0	1	athazardousF0	0
faltaF0	1	faltaT0	0
hiF3	448	hiT3	0
lloroT0	1	lloroF0	0
addisonT0	1	addisonF0	0
eorT2	1	eorF2	0
bahaT0	3	bahaF0	0
satT0	4	satF0	0
acrobatT0	2	acrobatF0	0
klubF0	3	klubT0	0
solemnityF0	1	solemnityT0	0
outputsF0	1	outputsT0	0
gentingT0	2	gentingF0	0
almostT0	2	almostF0	0
ireF2	73	ireT2	0
singularlyF0	1	singularlyT0	0
afcT0	1	afcF0	0
ancientF0	20	ancientT0	0
stainlessF0	1	stainlessT0	0
ationsF0	2	ationsT0	0
sexT2	27	sexF2	0
vegetablesF0	1	vegetablesT0	0
drillsF0	1	drillsT0	0
roomsF0	12	roomsT0	0
legendsF0	1	legendsT0	0
carreirasT0	1	carreirasF0	0
hfT2	2	hfF2	0
bugT0	1	bugF0	0
richesF0	3	richesT0	0
hanfordT0	1	hanfordF0	0
voltageF0	2	voltageT0	0
lieT4	4	lieF4	0
pacbitunT0	1	pacbitunF0	0
upwardsF0	1	upwardsT0	0
animalT0	2	animalF0	0
collaborationsF0	1	collaborationsT0	0
abovetheF0	1	abovetheT0	0
matadorF0	1	matadorT0	0
rayF0	7	rayT0	0
silF4	19	silT4	0
excellenceF0	1	excellenceT0	0
jqueryT0	13	jqueryF0	0
hoverF0	14	hoverT0	0
travertineT0	1	travertineF0	0
aspT4	2	aspF4	0
exaF4	56	exaT4	0
whereinF0	2	whereinT0	0
bombasT0	1	bombasF0	0
multiethnicF0	1	multiethnicT0	0
puarF0	1	puarT0	0
rainforestsF0	3	rainforestsT0	0
bandsT0	1	bandsF0	0
duT1	4	duF1	0
khaF4	2	khaT4	0
miglioriT0	1	miglioriF0	0
woodardT0	1	woodardF0	0
shitF0	15	shitT0	0
mafF4	3	mafT4	0
rowT4	2	rowF4	0
attorneyF0	1	attorneyT0	0
greenlandF0	1	greenlandT0	0
zeroF0	6	zeroT0	0
battlefieldF0	1	battlefieldT0	0
pearlF0	1	pearlT0	0
modenaT0	1	modenaF0	0
changedF0	17	changedT0	0
kristinT0	1	kristinF0	0
mygatsbyT0	1	mygatsbyF0	0
titeF0	1	titeT0	0
surviveF0	2	surviveT0	0
importantF0	25	importantT0	0
rightnivsnT0	1	rightnivsnF0	0
einT2	7	einF2	0
iraT2	10	iraF2	0
whyT4	44	whyF4	0
voirF0	2	voirT0	0
mulT4	7	mulF4	0
bonefishF0	7	bonefishT0	0
datamancerT0	1	datamancerF0	0
eiT2	1	eiF2	0
bT0	69	bF0	0
destroygameF0	5	destroygameT0	0
bosengT0	1	bosengF0	0
turtleT0	1	turtleF0	0
vereineT0	1	vereineF0	0
memorialF0	2	memorialT0	0
oliT4	3	oliF4	0
thursdayT0	17	thursdayF0	0
aspirinF0	1	aspirinT0	0
afcF4	1	afcT4	0
hoodT0	1	hoodF0	0
oxF1	93	oxT1	0
chatroomsF0	1	chatroomsT0	0
warningT0	5	warningF0	0
gaeilgeT0	6	gaeilgeF0	0
colF4	166	colT4	0
pleasuresF0	1	pleasuresT0	0
hygF4	2	hygT4	0
hybridF0	1	hybridT0	0
crsF4	2	crsT4	0
rideF0	8	rideT0	0
assessingF0	1	assessingT0	0
nolantwoT0	1	nolantwoF0	0
outourusersT0	1	outourusersF0	0
dasF0	4	dasT0	0
settingstoF0	5	settingstoT0	0
ketT4	2	ketF4	0
pF0	53	pT0	0
housedF0	1	housedT0	0
baronT0	1	baronF0	0
twoT2	16	twoF2	0
cellularF0	2	cellularT0	0
wydawnictwaT0	1	wydawnictwaF0	0
hellipF0	5	hellipT0	0
plainF0	5	plainT0	0
abT3	80	abF3	0
tichborneT0	1	tichborneF0	0
inspectorsF0	1	inspectorsT0	0
poeticF0	1	poeticT0	0
galleryT0	17	galleryF0	0
fondationF0	1	fondationT0	0
alleviatingF0	1	alleviatingT0	0
trimT0	1	trimF0	0
riF3	216	riT3	0
grahsmF0	1	grahsmT0	0
digF4	28	digT4	0
unfulfilledF0	1	unfulfilledT0	0
seT2	5	seF2	0
mmittedF0	2	mmittedT0	0
feetF0	33	feetT0	0
tmT3	1	tmF3	0
restorativeF0	1	restorativeT0	0
angF2	42	angT2	0
diT3	271	diF3	0
ywhT4	1	ywhF4	0
mailsF0	2	mailsT0	0
navalT0	1	navalF0	0
toT1	249	toF1	0
beldenT0	1	beldenF0	0
octT2	33	octF2	0
miningT0	1	miningF0	0
hatedF0	1	hatedT0	0
rasT2	15	rasF2	0
prosthesisT0	13	prosthesisF0	0
ineT2	120	ineF2	0
materialsteenF0	1	materialsteenT0	0
nasdaqT0	1	nasdaqF0	0
subaruT0	3	subaruF0	0
myF2	262	myT2	0
epeT4	1	epeF4	0
eerT2	26	eerF2	0
dieT2	6	dieF2	0
sivF4	1	sivT4	0
saintsF0	2	saintsT0	0
unT1	65	unF1	0
cheekF0	1	cheekT0	0
bomT0	3	bomF0	0
brF0	4	brT0	0
ursT2	3	ursF2	0
vaporizeF0	1	vaporizeT0	0
cohT4	1	cohF4	0
maskinerT0	1	maskinerF0	0
vialF0	1	vialT0	0
rdabeF0	2	rdabeT0	0
expertT0	5	expertF0	0
surroundingF0	4	surroundingT0	0
efyT4	1	efyF4	0
ifcT2	1	ifcF2	0
flagshipF0	2	flagshipT0	0
guidoT0	1	guidoF0	0
utilityT0	9	utilityF0	0
briefT0	1	briefF0	0
beanT0	2	beanF0	0
yujhF0	1	yujhT0	0
proceduresT0	1	proceduresF0	0
counterF0	1	counterT0	0
materialsF0	15	materialsT0	0
ziT1	19	ziF1	0
ragT4	2	ragF4	0
gunnF0	1	gunnT0	0
crimeT0	1	crimeF0	0
roT3	137	roF3	0
counterdownF0	2	counterdownT0	0
eafF2	4	eafT2	0
seatonlineT0	1	seatonlineF0	0
bastianT0	1	bastianF0	0
prisonerT0	1	prisonerF0	0
learntF0	10	learntT0	0
idaysF0	1	idaysT0	0
masqueF0	1	masqueT0	0
odeF0	1	odeT0	0
cbT1	6	cbF1	0
adoptionF0	1	adoptionT0	0
piaT4	7	piaF4	0
capT0	2	capF0	0
torteF0	1	torteT0	0
nprT2	2	nprF2	0
vhtT0	1	vhtF0	0
idiptieF0	1	idiptieT0	0
robertF0	1	robertT0	0
limbF0	1	limbT0	0
apeF2	8	apeT2	0
eirF2	257	eirT2	0
winT4	62	winF4	0
legalisedF0	1	legalisedT0	0
alternativesF0	1	alternativesT0	0
carriageF0	1	carriageT0	0
eipF4	1	eipT4	0
linkF0	54	linkT0	0
contenuF0	1	contenuT0	0
dyestuffF0	1	dyestuffT0	0
ncoF2	1	ncoT2	0
laidF0	4	laidT0	0
sedT2	42	sedF2	0
ixT3	2	ixF3	0
earningF0	1	earningT0	0
salF2	6	salT2	0
asteriskF0	4	asteriskT0	0
utilitiesF0	1	utilitiesT0	0
atmosphereF0	1	atmosphereT0	0
expiresT0	2	expiresF0	0
fesF4	1	fesT4	0
lyricalT0	1	lyricalF0	0
submissionF0	2	submissionT0	0
dioxideF0	1	dioxideT0	0
zooT4	10	zooF4	0
certainT0	2	certainF0	0
palavrasF0	1	palavrasT0	0
eybF2	1	eybT2	0
gifF2	2	gifT2	0
donneF0	1	donneT0	0
amT2	80	amF2	0
adventureF0	22	adventureT0	0
filedT0	8	filedF0	0
caT2	5	caF2	0
breedF0	4	breedT0	0
imaginedF0	1	imaginedT0	0
brightF0	5	brightT0	0
hempfieldT0	1	hempfieldF0	0
usevarF0	1	usevarT0	0
liquidT0	1	liquidF0	0
taoT4	1	taoF4	0
leoF2	2	leoT2	0
vesselF0	4	vesselT0	0
oodlesT0	2	oodlesF0	0
shitmeT0	1	shitmeF0	0
tradingcurrencyT0	1	tradingcurrencyF0	0
daleT0	1	daleF0	0
interiorT0	4	interiorF0	0
reputationsT0	1	reputationsF0	0
spT1	27	spF1	0
ttF0	1	ttT0	0
ghidhligT0	1	ghidhligF0	0
carboniferousT0	1	carboniferousF0	0
curriculumsF0	1	curriculumsT0	0
planshF0	1	planshT0	0
oinT2	4	oinF2	0
fletchersF0	1	fletchersT0	0
snowyT0	1	snowyF0	0
kentuckyT0	1	kentuckyF0	0
lureF0	1	lureT0	0
mervuryF0	1	mervuryT0	0
naaT4	1	naaF4	0
bathroomF0	2	bathroomT0	0
conferenceF0	18	conferenceT0	0
deveF0	3	deveT0	0
hedgeagencyT0	1	hedgeagencyF0	0
olF3	67	olT3	0
rciF4	1	rciT4	0
beenF0	168	beenT0	0
karF4	14	karT4	0
oirF2	10	oirT2	0
uboT2	5	uboF2	0
fairfieldF0	1	fairfieldT0	0
harshT0	1	harshF0	0
biggerT0	1	biggerF0	0
pasT4	30	pasF4	0
groovedF0	1	groovedT0	0
racesT0	1	racesF0	0
protagonistF0	1	protagonistT0	0
doohT0	1	doohF0	0
fantasticalF0	1	fantasticalT0	0
cmT0	2	cmF0	0
frequenciesF0	2	frequenciesT0	0
needingF0	2	needingT0	0
transactionF0	7	transactionT0	0
lsquoF0	2	lsquoT0	0
compuT0	1	compuF0	0
ndF2	13	ndT2	0
karT0	1	karF0	0
filterF0	2	filterT0	0
rmaF2	3	rmaT2	0
isnF2	10	isnT2	0
ssjT2	3	ssjF2	0
atsF4	1	atsT4	0
worT4	156	worF4	0
ebaT2	1	ebaF2	0
cropT0	1	cropF0	0
heightvarF0	1	heightvarT0	0
plaisirF0	1	plaisirT0	0
banteringF0	1	banteringT0	0
fixvtsF0	1	fixvtsT0	0
crewsT0	1	crewsF0	0
raunalniatvoT0	1	raunalniatvoF0	0
swineF0	1	swineT0	0
obyF2	4	obyT2	0
gameF0	158	gameT0	0
bearF0	4	bearT0	0
flownovemberT0	2	flownovemberF0	0
yesterdayF0	1	yesterdayT0	0
makeoverT0	1	makeoverF0	0
mrsT0	16	mrsF0	0
onvoF0	1	onvoT0	0
azyF2	13	azyT2	0
stortingT0	1	stortingF0	0
groF4	78	groT4	0
rogF4	1	rogT4	0
featureF0	36	featureT0	0
mpuF4	2	mpuT4	0
nkmT2	1	nkmF2	0
laquoF0	1	laquoT0	0
roulF0	1	roulT0	0
commanderseT0	1	commanderseF0	0
ibaF2	1	ibaT2	0
xieT2	5	xieF2	0
weF2	205	weT2	0
extendF0	1	extendT0	0
thankT0	5	thankF0	0
textronF0	1	textronT0	0
elaT2	8	elaF2	0
dieseF0	1	dieseT0	0
sprintT0	1	sprintF0	0
vesT4	3	vesF4	0
kraF4	3	kraT4	0
applyingF0	4	applyingT0	0
observeT0	1	observeF0	0
feathF0	1	feathT0	0
accordionT0	1	accordionF0	0
hooT2	7	hooF2	0
stationeryF0	1	stationeryT0	0
rencontrerF0	2	rencontrerT0	0
joyF4	5	joyT4	0
rushresourceT0	1	rushresourceF0	0
uonF4	1	uonT4	0
vacT4	2	vacF4	0
recentlyF0	13	recentlyT0	0
interestingF0	19	interestingT0	0
eventT0	6	eventF0	0
sonorousF0	1	sonorousT0	0
ateT4	1	ateF4	0
harrisonF0	1	harrisonT0	0
tasF4	7	tasT4	0
veyF2	10	veyT2	0
posF4	154	posT4	0
tennesseeT0	2	tennesseeF0	0
wineryF0	2	wineryT0	0
dicT4	9	dicF4	0
embrasseF0	2	embrasseT0	0
kenT0	1	kenF0	0
bibliographyF0	2	bibliographyT0	0
installsF0	1	installsT0	0
shelvesF0	2	shelvesT0	0
graebnerF0	1	graebnerT0	0
mjT3	2	mjF3	0
loggedF0	6	loggedT0	0
femaeF0	1	femaeT0	0
abyT2	5	abyF2	0
grammingF0	1	grammingT0	0
todoF0	5	todoT0	0
mvT1	1	mvF1	0
zealF0	2	zealT0	0
jouT4	12	jouF4	0
endsT0	1	endsF0	0
comoF0	10	comoT0	0
awardsF0	5	awardsT0	0
ichT0	2	ichF0	0
seawallsT0	1	seawallsF0	0
aurF4	2	aurT4	0
qualifiedT0	3	qualifiedF0	0
discussT0	3	discussF0	0
wilhelminaT0	1	wilhelminaF0	0
idcT4	1	idcF4	0
fitingwF0	1	fitingwT0	0
jaiF4	4	jaiT4	0
ichF4	2	ichT4	0
luaF0	1	luaT0	0
werT4	3	werF4	0
videT0	3	videF0	0
unlessF0	7	unlessT0	0
losingT0	1	losingF0	0
yeF0	1	yeT0	0
kurF4	2	kurT4	0
fouF2	2	fouT2	0
ignT0	1	ignF0	0
consacraF0	1	consacraT0	0
wiktiT0	1	wiktiF0	0
girlF0	8	girlT0	0
placesT0	4	placesF0	0
iiF2	1	iiT2	0
dangerousT0	2	dangerousF0	0
lotsF0	13	lotsT0	0
chipF0	3	chipT0	0
collectionT0	5	collectionF0	0
scotsT0	2	scotsF0	0
libreF0	1	libreT0	0
muzF4	1	muzT4	0
uchF2	180	uchT2	0
gavF4	13	gavT4	0
capacityF0	4	capacityT0	0
yorT2	1	yorF2	0
coucouT0	1	coucouF0	0
wallisT0	1	wallisF0	0
transmissionT0	1	transmissionF0	0
lasF2	12	lasT2	0
periodicalF0	1	periodicalT0	0
pooT4	9	pooF4	0
tagT2	67	tagF2	0
soundsF0	9	soundsT0	0
bemF4	3	bemT4	0
conditionsF0	25	conditionsT0	0
reqF4	111	reqT4	0
bieT4	4	bieF4	0
tempF0	4	tempT0	0
declareT0	3	declareF0	0
fingeredF0	2	fingeredT0	0
gandhinagarT0	1	gandhinagarF0	0
olsT4	2	olsF4	0
resF2	188	resT2	0
magnetiteF0	1	magnetiteT0	0
thenextF0	1	thenextT0	0
shipbuildingF0	1	shipbuildingT0	0
barefootT0	1	barefootF0	0
idT3	15	idF3	0
teamsF0	1	teamsT0	0
taygetosT0	1	taygetosF0	0
appsT0	2	appsF0	0
haugesundT0	1	haugesundF0	0
ballisticsT0	1	ballisticsF0	0
dlpF2	1	dlpT2	0
gulF4	5	gulT4	0
doncF0	1	doncT0	0
reportingF0	9	reportingT0	0
tamathaT0	1	tamathaF0	0
toyF4	5	toyT4	0
sacrificesF0	1	sacrificesT0	0
fewF0	46	fewT0	0
cjeT2	1	cjeF2	0
cesoT0	5	cesoF0	0
moF2	1	moT2	0
withT0	88	withF0	0
assaultedF0	1	assaultedT0	0
initT0	3	initF0	0
josiahF0	1	josiahT0	0
sapT4	1	sapF4	0
ovenF0	3	ovenT0	0
sdeT2	1	sdeF2	0
sirT4	5	sirF4	0
biteF0	3	biteT0	0
moisF0	2	moisT0	0
youreF0	2	youreT0	0
mappingF0	5	mappingT0	0
sveT4	1	sveF4	0
dichlorophenolT0	3	dichlorophenolF0	0
tsF1	1398	tsT1	0
euT0	15	euF0	0
absolutelyF0	2	absolutelyT0	0
mapsaT0	1	mapsaF0	0
proposedF0	2	proposedT0	0
marquesF0	1	marquesT0	0
eloF2	2	eloT2	0
mkT2	2	mkF2	0
aimsT0	1	aimsF0	0
selfT0	1	selfF0	0
cebF4	1	cebT4	0
sviF4	1	sviT4	0
ulT3	6	ulF3	0
oloF2	4	oloT2	0
ureF0	2	ureT0	0
minT4	71	minF4	0
outcomeF0	1	outcomeT0	0
madonnaT0	1	madonnaF0	0
fastF0	20	fastT0	0
dagF2	2	dagT2	0
loverT0	1	loverF0	0
pwF1	1	pwT1	0
jeremyT0	1	jeremyF0	0
tansmissionF0	1	tansmissionT0	0
faultF0	3	faultT0	0
chsF4	1	chsT4	0
subjectionF0	1	subjectionT0	0
verdeT0	1	verdeF0	0
secretF0	5	secretT0	0
iliF4	1	iliT4	0
criF4	41	criT4	0
uitF4	1	uitT4	0
cpuT0	8	cpuF0	0
uleT2	11	uleF2	0
metallicaT0	2	metallicaF0	0
originF0	1	originT0	0
acT2	1	acF2	0
ohoT2	1	ohoF2	0
xeiT2	1	xeiF2	0
chemicalT0	30	chemicalF0	0
ideasF0	12	ideasT0	0
degT4	2	degF4	0
holdsF0	6	holdsT0	0
communicationF0	12	communicationT0	0
segaT0	2	segaF0	0
osbT4	1	osbF4	0
kgF2	9	kgT2	0
excF2	1	excT2	0
sofF4	74	sofT4	0
cryT4	1	cryF4	0
margaritaF0	1	margaritaT0	0
gtF3	3	gtT3	0
perfumeT0	1	perfumeF0	0
earthF0	6	earthT0	0
cockT0	2	cockF0	0
vistasF0	2	vistasT0	0
tpbT2	1	tpbF2	0
hopelesslyF0	1	hopelesslyT0	0
descriptionT0	4	descriptionF0	0
destructT0	1	destructF0	0
afterT0	28	afterF0	0
nanotechnologyF0	1	nanotechnologyT0	0
nycF2	1	nycT2	0
wfF1	1	wfT1	0
menubarF0	2	menubarT0	0
upF3	99	upT3	0
inoT2	24	inoF2	0
rosF2	15	rosT2	0
exportT0	3	exportF0	0
pillsT0	1	pillsF0	0
uttleF0	1	uttleT0	0
adrsT0	2	adrsF0	0
banguiT0	3	banguiF0	0
planningandF0	5	planningandT0	0
astF4	15	astT4	0
etcT2	1	etcF2	0
metersT0	2	metersF0	0
environmentalF0	10	environmentalT0	0
esteemedF0	2	esteemedT0	0
untsF0	1	untsT0	0
lichT0	3	lichF0	0
ancT2	1	ancF2	0
hasT2	5	hasF2	0
noirF0	1	noirT0	0
seachdainF0	1	seachdainT0	0
shotT0	1	shotF0	0
experienceT0	2	experienceF0	0
rocT4	48	rocF4	0
demF2	3	demT2	0
zaiT4	1	zaiF4	0
visF4	196	visT4	0
bonsoirT0	1	bonsoirF0	0
comprisedT0	1	comprisedF0	0
lastT0	35	lastF0	0
incorrectlyF0	3	incorrectlyT0	0
sometimesT0	5	sometimesF0	0
lifebrT0	1	lifebrF0	0
severalF0	34	severalT0	0
refreshinglyT0	1	refreshinglyF0	0
economyF0	4	economyT0	0
moorsT0	1	moorsF0	0
uelT2	6	uelF2	0
retroT0	2	retroF0	0
peoT4	9	peoF4	0
massesF0	2	massesT0	0
sashimiF0	1	sashimiT0	0
tlvisionT0	1	tlvisionF0	0
teenF0	3	teenT0	0
typicalT0	1	typicalF0	0
nascerF0	1	nascerT0	0
conasF0	1	conasT0	0
apartmentF0	10	apartmentT0	0
instantlyF0	6	instantlyT0	0
wlT1	2	wlF1	0
boaT2	5	boaF2	0
nueF4	1	nueT4	0
andtoF0	1	andtoT0	0
arthurT0	2	arthurF0	0
sindF0	2	sindT0	0
ovaT2	6	ovaF2	0
controllerT0	2	controllerF0	0
peintureF0	1	peintureT0	0
luluF0	3	luluT0	0
ramF2	76	ramT2	0
bestF0	94	bestT0	0
deliveriesT0	1	deliveriesF0	0
paraF0	13	paraT0	0
ncyF2	35	ncyT2	0
blogF0	60	blogT0	0
lmcT2	1	lmcF2	0
travellingF0	6	travellingT0	0
modeledF0	1	modeledT0	0
restaurantprobablyT0	1	restaurantprobablyF0	0
chicagoF0	3	chicagoT0	0
nseT2	13	nseF2	0
infameF0	1	infameT0	0
guiltyF0	3	guiltyT0	0
habitatsF0	3	habitatsT0	0
silksF0	2	silksT0	0
pigF2	14	pigT2	0
nuuT4	1	nuuF4	0
bcT1	23	bcF1	0
oneamT0	1	oneamF0	0
ebyF2	4	ebyT2	0
motorsT0	3	motorsF0	0
shoalsT0	1	shoalsF0	0
hecT4	4	hecF4	0
digpileT0	1	digpileF0	0
venloF0	1	venloT0	0
sickestF0	1	sickestT0	0
casiT0	1	casiF0	0
pesF4	10	pesT4	0
workshopsF0	1	workshopsT0	0
jeaT4	4	jeaF4	0
depuisF0	2	depuisT0	0
definitiF0	2	definitiT0	0
ifeF4	4	ifeT4	0
utoT4	1	utoF4	0
rosearikT0	1	rosearikF0	0
algorithmsF0	1	algorithmsT0	0
argT4	7	argF4	0
pittsburghT0	8	pittsburghF0	0
gotF2	26	gotT2	0
chatT0	5	chatF0	0
servicesF0	99	servicesT0	0
reposedF0	1	reposedT0	0
canT2	83	canF2	0
downloadT0	15	downloadF0	0
equationF0	1	equationT0	0
boothT0	1	boothF0	0
discretionaryF0	1	discretionaryT0	0
sleT4	1	sleF4	0
cybF4	1	cybT4	0
gabF4	4	gabT4	0
bertrandT0	1	bertrandF0	0
dialF0	2	dialT0	0
subF2	2	subT2	0
dukT4	4	dukF4	0
unitF0	17	unitT0	0
eadF4	4	eadT4	0
joeT0	4	joeF0	0
ghoF4	2	ghoT4	0
airportsF0	4	airportsT0	0
saF0	11	saT0	0
donaldsonT0	1	donaldsonF0	0
swedenT0	3	swedenF0	0
hoT3	285	hoF3	0
abeT2	3	abeF2	0
radiT0	1	radiF0	0
chetF0	2	chetT0	0
emnF2	1	emnT2	0
tayT4	2	tayF4	0
betterT0	4	betterF0	0
forzaT0	2	forzaF0	0
eshF2	9	eshT2	0
wetlandsT0	3	wetlandsF0	0
cfaT0	1	cfaF0	0
faitF0	3	faitT0	0
ibmF0	2	ibmT0	0
keystoneF0	1	keystoneT0	0
reportT0	11	reportF0	0
uthedF0	1	uthedT0	0
adulthoodF0	2	adulthoodT0	0
kimberleyF0	1	kimberleyT0	0
machinesT0	1	machinesF0	0
niT3	57	niF3	0
takF2	6	takT2	0
provaF0	1	provaT0	0
smieF0	1	smieT0	0
vasF2	1	vasT2	0
naturF0	1	naturT0	0
voF3	98	voT3	0
windT0	2	windF0	0
ebarF0	2	ebarT0	0
tgaT2	1	tgaF2	0
prophetF0	18	prophetT0	0
preserveT0	1	preserveF0	0
flF2	1	flT2	0
wingsT0	1	wingsF0	0
byF3	6	byT3	0
yellowT0	3	yellowF0	0
fcF1	11	fcT1	0
ognT4	1	ognF4	0
orphanF0	1	orphanT0	0
gerF4	7	gerT4	0
whiF4	360	whiT4	0
tolowercaseT0	1	tolowercaseF0	0
thrT4	51	thrF4	0
euroclearT0	1	euroclearF0	0
footF0	7	footT0	0
mnimoF0	1	mnimoT0	0
remindedF0	4	remindedT0	0
timF2	2	timT2	0
coF2	9	coT2	0
alcT4	1	alcF4	0
ligureT0	1	ligureF0	0
pawF4	1	pawT4	0
tmeT2	1	tmeF2	0
namelyF0	2	namelyT0	0
lesT4	21	lesF4	0
recT4	119	recF4	0
kubiszT0	1	kubiszF0	0
ornithologistsF0	1	ornithologistsT0	0
sellersF0	1	sellersT0	0
respectT0	5	respectF0	0
ricF4	21	ricT4	0
octoberT0	12	octoberF0	0
daoT0	1	daoF0	0
yreT2	3	yreF2	0
jamaicaT0	1	jamaicaF0	0
audioT0	5	audioF0	0
performsT0	1	performsF0	0
ppayersF0	1	ppayersT0	0
ucbT4	1	ucbF4	0
summarizesF0	1	summarizesT0	0
onF1	3042	onT1	0
thingF0	24	thingT0	0
amongT0	5	amongF0	0
physxF0	1	physxT0	0
waT2	1	waF2	0
sbwF0	1	sbwT0	0
vueT2	2	vueF2	0
scrF4	41	scrT4	0
akrF4	2	akrT4	0
kanT4	41	kanF4	0
prayingF0	2	prayingT0	0
audT4	14	audF4	0
relaxF0	1	relaxT0	0
questhelperF0	1	questhelperT0	0
famF4	43	famT4	0
theinterestsF0	1	theinterestsT0	0
ashT2	10	ashF2	0
waltzT0	1	waltzF0	0
wabT4	1	wabF4	0
pleasantT0	1	pleasantF0	0
izT1	7	izF1	0
outT4	31	outF4	0
syvT4	1	syvF4	0
srsT4	1	srsF4	0
nisF2	2	nisT2	0
displayF0	15	displayT0	0
aldermanT0	1	aldermanF0	0
cristoT0	1	cristoF0	0
heavilyT0	1	heavilyF0	0
sipviaF0	1	sipviaT0	0
encycF0	1	encycT0	0
centerlinesF0	1	centerlinesT0	0
hiaT2	1	hiaF2	0
pagesT0	7	pagesF0	0
gadisF0	1	gadisT0	0
nginxconnectionT0	1	nginxconnectionF0	0
mcraeT0	1	mcraeF0	0
boF3	443	boT3	0
dinamoT0	1	dinamoF0	0
griF0	1	griT0	0
academicsF0	1	academicsT0	0
sithF0	1	sithT0	0
fittingsF0	6	fittingsT0	0
kedF4	1	kedT4	0
staunchF0	1	staunchT0	0
apsT4	1	apsF4	0
cardsinF0	1	cardsinT0	0
believeT0	1	believeF0	0
mirF4	5	mirT4	0
naoF4	3	naoT4	0
uirlseF0	1	uirlseT0	0
lysisF0	1	lysisT0	0
ltzebuergT0	2	ltzebuergF0	0
eavesF0	1	eavesT0	0
teethF0	9	teethT0	0
ataF2	81	ataT2	0
masticatoryF0	1	masticatoryT0	0
punitiveF0	5	punitiveT0	0
uvsF2	1	uvsT2	0
troopT0	2	troopF0	0
laterF0	25	laterT0	0
austinT0	4	austinF0	0
oboF2	1	oboT2	0
cleF4	39	cleT4	0
itsT2	49	itsF2	0
textareaF0	9	textareaT0	0
badenochT0	1	badenochF0	0
agateF0	1	agateT0	0
srF3	5	srT3	0
konusunaT0	1	konusunaF0	0
juyT4	1	juyF4	0
advantagesF0	3	advantagesT0	0
hamF2	9	hamT2	0
buyingT0	3	buyingF0	0
gutT2	1	gutF2	0
cerT4	15	cerF4	0
stF1	1750	stT1	0
patchT0	5	patchF0	0
rearT0	1	rearF0	0
kbmT4	3	kbmF4	0
inhibiterF0	1	inhibiterT0	0
okayT0	1	okayF0	0
buguriT0	1	buguriF0	0
numrF0	1	numrT0	0
umrF2	1	umrT2	0
bilderbergF0	1	bilderbergT0	0
someT0	11	someF0	0
yerT2	32	yerF2	0
rubbingsF0	3	rubbingsT0	0
nawT2	1	nawF2	0
ruF1	5	ruT1	0
orcT4	32	orcF4	0
novemberT0	26	novemberF0	0
rmcF0	1	rmcT0	0
introducesF0	2	introducesT0	0
ezaF2	5	ezaT2	0
gainedF0	3	gainedT0	0
compatriotF0	2	compatriotT0	0
guidedT0	1	guidedF0	0
rinucciniT0	1	rinucciniF0	0
ecotourismF0	1	ecotourismT0	0
suddenlyF0	3	suddenlyT0	0
meteorologicalF0	1	meteorologicalT0	0
fleshF0	2	fleshT0	0
fffT2	1	fffF2	0
accurateF0	1	accurateT0	0
scherzingerF0	1	scherzingerT0	0
bagF4	5	bagT4	0
revealsT0	2	revealsF0	0
highlightingF0	2	highlightingT0	0
bowT0	1	bowF0	0
shippingT0	2	shippingF0	0
ltzT2	1	ltzF2	0
lusF2	15	lusT2	0
diaF0	2	diaT0	0
gunF2	2	gunT2	0
xumT2	1	xumF2	0
exerciseF0	2	exerciseT0	0
manifoldF0	1	manifoldT0	0
livestockF0	1	livestockT0	0
haiT2	5	haiF2	0
dvrF0	1	dvrT0	0
portugeseT0	1	portugeseF0	0
amazinglyT0	1	amazinglyF0	0
usandsF0	3	usandsT0	0
hehehT0	1	hehehF0	0
gitT4	1	gitF4	0
repetitivelyF0	1	repetitivelyT0	0
missionF0	4	missionT0	0
persistentcookiesT0	1	persistentcookiesF0	0
creditsT0	1	creditsF0	0
resourceF0	13	resourceT0	0
harriburgF0	1	harriburgT0	0
lugF4	2	lugT4	0
enforceF0	2	enforceT0	0
risT4	3	risF4	0
piT1	4	piF1	0
utiF4	11	utiT4	0
orT3	117	orF3	0
schT0	1	schF0	0
reT3	645	reF3	0
syndicateT0	1	syndicateF0	0
coaxedF0	1	coaxedT0	0
confinedT0	1	confinedF0	0
augmentsF0	1	augmentsT0	0
sheF2	74	sheT2	0
mohT4	3	mohF4	0
ocellatedturkeysT0	1	ocellatedturkeysF0	0
cartoonistF0	1	cartoonistT0	0
wintersF0	1	wintersT0	0
cementF0	1	cementT0	0
onwF2	1	onwT2	0
tomcatT0	9	tomcatF0	0
cateredF0	1	cateredT0	0
missusF0	1	missusT0	0
xyF1	11	xyT1	0
dogT4	1	dogF4	0
passwordsF0	6	passwordsT0	0
orcishF0	6	orcishT0	0
gearsF0	3	gearsT0	0
upyF2	1	upyT2	0
faxedF0	2	faxedT0	0
explanationsF0	1	explanationsT0	0
subterfugeF0	1	subterfugeT0	0
furnishedF0	2	furnishedT0	0
ahF1	7	ahT1	0
linceulF0	1	linceulT0	0
estemosF0	1	estemosT0	0
zumF4	2	zumT4	0
airT2	32	airF2	0
connectionT0	25	connectionF0	0
oohT2	1	oohF2	0
ufcT0	1	ufcF0	0
unoF4	2	unoT4	0
ilkF2	3	ilkT2	0
windsurfersF0	1	windsurfersT0	0
hipsT0	1	hipsF0	0
occasionalF0	1	occasionalT0	0
countryF0	76	countryT0	0
xvT0	1	xvF0	0
destructiveF0	2	destructiveT0	0
oprahT0	2	oprahF0	0
otticiT0	1	otticiF0	0
imaginationF0	3	imaginationT0	0
mugenT0	1	mugenF0	0
temT2	19	temF2	0
specificationsT0	8	specificationsF0	0
bagT0	2	bagF0	0
scrT0	2	scrF0	0
bowF4	5	bowT4	0
greenwoodT0	3	greenwoodF0	0
analyticalT0	1	analyticalF0	0
auxT4	32	auxF4	0
ryT3	3	ryF3	0
sloT4	45	sloF4	0
udsF0	1	udsT0	0
sibF4	1	sibT4	0
creaturesF0	2	creaturesT0	0
operationsT0	2	operationsF0	0
kiF0	1	kiT0	0
docksF0	2	docksT0	0
deerT0	1	deerF0	0
salesT0	2	salesF0	0
lcT1	7	lcF1	0
hairF0	10	hairT0	0
vinylT0	2	vinylF0	0
ormT4	1	ormF4	0
detailedT0	2	detailedF0	0
zensF0	1	zensT0	0
nkT1	259	nkF1	0
sonT2	61	sonF2	0
celF4	10	celT4	0
yalT2	2	yalF2	0
otcT2	1	otcF2	0
citizenT0	1	citizenF0	0
otherdocumentsF0	1	otherdocumentsT0	0
nsiF2	1	nsiT2	0
onsT2	264	onsF2	0
conquestF0	5	conquestT0	0
eteF4	1	eteT4	0
laneT0	1	laneF0	0
bioT4	8	bioF4	0
evoF2	1	evoT2	0
trucksF0	4	trucksT0	0
fiberF0	1	fiberT0	0
tournamentsF0	1	tournamentsT0	0
humiliatedT0	1	humiliatedF0	0
amendedT0	1	amendedF0	0
lanewaysF0	1	lanewaysT0	0
bladeF0	2	bladeT0	0
jayT4	1	jayF4	0
xisF2	5	xisT2	0
pieceT0	26	pieceF0	0
shipT0	47	shipF0	0
nemF2	1	nemT2	0
weblogT0	38	weblogF0	0
qualquerF0	3	qualquerT0	0
discoveredF0	12	discoveredT0	0
festivitetenT0	1	festivitetenF0	0
milF0	1	milT0	0
yaT0	1	yaF0	0
prijsF0	2	prijsT0	0
sendT0	24	sendF0	0
ngoT4	1	ngoF4	0
dcF3	4	dcT3	0
williamstownT0	1	williamstownF0	0
ifT1	187	ifF1	0
smarterF0	1	smarterT0	0
elsT4	2	elsF4	0
oncF2	1	oncT2	0
patiF0	1	patiT0	0
wnF3	5	wnT3	0
operationalF0	1	operationalT0	0
dhrF4	1	dhrT4	0
tamesF0	1	tamesT0	0
deaF4	42	deaT4	0
almT4	3	almF4	0
ivaF2	3	ivaT2	0
nakT4	2	nakF4	0
wingspanofF0	1	wingspanofT0	0
drowsyF0	1	drowsyT0	0
opeT4	23	opeF4	0
leF3	484	leT3	0
femaleF0	3	femaleT0	0
polytechnicT0	1	polytechnicF0	0
fucF4	3	fucT4	0
millionF0	10	millionT0	0
atollsbelizeT0	1	atollsbelizeF0	0
ensT2	16	ensF2	0
potterT0	2	potterF0	0
agF2	3	agT2	0
stumbledF0	1	stumbledT0	0
lethalF0	1	lethalT0	0
softwaresF0	1	softwaresT0	0
prescriptionT0	1	prescriptionF0	0
clergymanF0	1	clergymanT0	0
thumbT0	1	thumbF0	0
cafF4	5	cafT4	0
quemF0	1	quemT0	0
ierF2	72	ierT2	0
bringT0	4	bringF0	0
mapT0	73	mapF0	0
feminismF0	2	feminismT0	0
francescaT0	3	francescaF0	0
iepF4	1	iepT4	0
letsF0	5	letsT0	0
pekingT0	35	pekingF0	0
rockettT0	2	rockettF0	0
coversF0	8	coversT0	0
nthF2	25	nthT2	0
estimateF0	2	estimateT0	0
satF4	14	satT4	0
gonaloT0	1	gonaloF0	0
billyT0	4	billyF0	0
mesmosF0	1	mesmosT0	0
yfqT2	1	yfqF2	0
practicesareF0	1	practicesareT0	0
torrentT0	1	torrentF0	0
chanceT0	1	chanceF0	0
fooT4	37	fooF4	0
ixeT2	1	ixeF2	0
tendoF0	1	tendoT0	0
singleF0	25	singleT0	0
questionableF0	1	questionableT0	0
bellsT0	1	bellsF0	0
pedlarF0	1	pedlarT0	0
woodsF0	2	woodsT0	0
lycF4	1	lycT4	0
hawF2	1	hawT2	0
introductoryF0	1	introductoryT0	0
anaT4	34	anaF4	0
haveF0	461	haveT0	0
rightusT0	2	rightusF0	0
desT2	35	desF2	0
inqF4	6	inqT4	0
girF0	1	girT0	0
responsableF0	1	responsableT0	0
campsF0	1	campsT0	0
sittingT0	1	sittingF0	0
creativesF0	1	creativesT0	0
sulF2	2	sulT2	0
glanceF0	1	glanceT0	0
doF1	223	doT1	0
protectedF0	25	protectedT0	0
straightF0	2	straightT0	0
sunF0	6	sunT0	0
cabT4	5	cabF4	0
lvT2	3	lvF2	0
iodT2	4	iodF2	0
bukF0	2	bukT0	0
socitT0	1	socitF0	0
polarF0	1	polarT0	0
fromT0	26	fromF0	0
feeT4	51	feeF4	0
ylaT2	1	ylaF2	0
sanctuaryF0	11	sanctuaryT0	0
incorporateF0	1	incorporateT0	0
eniT2	2	eniF2	0
toneF0	1	toneT0	0
cafT0	1	cafF0	0
toaT4	1	toaF4	0
unwantedF0	8	unwantedT0	0
capF4	69	capT4	0
choosingF0	2	choosingT0	0
wwiiF0	1	wwiiT0	0
thorpeF0	1	thorpeT0	0
chaF2	2	chaT2	0
phpF4	3	phpT4	0
utilitatisF0	1	utilitatisT0	0
cluT4	11	cluF4	0
lainF0	1	lainT0	0
cleanupT0	1	cleanupF0	0
romT4	15	romF4	0
guanacasteT0	2	guanacasteF0	0
gorF4	5	gorT4	0
quenchF0	1	quenchT0	0
ivoireT0	1	ivoireF0	0
hgT1	2	hgF1	0
fieldT0	4	fieldF0	0
emulatorsT0	1	emulatorsF0	0
eenF0	1	eenT0	0
rikT2	3	rikF2	0
feedersF0	1	feedersT0	0
qlF1	1	qlT1	0
dizerF0	1	dizerT0	0
faF3	507	faT3	0
cobF4	3	cobT4	0
rsaT2	2	rsaF2	0
edsT2	15	edsF2	0
ghaT4	2	ghaF4	0
soT2	32	soF2	0
providesT0	2	providesF0	0
sexsearchT0	1	sexsearchF0	0
nokF4	2	nokT4	0
apiT4	1	apiF4	0
irF3	9	irT3	0
karazhanT0	1	karazhanF0	0
freezingF0	1	freezingT0	0
fcuT0	1	fcuF0	0
getF2	171	getT2	0
currentlyT0	5	currentlyF0	0
stsT2	62	stsF2	0
hegF4	1	hegT4	0
netwT0	1	netwF0	0
uoT0	1	uoF0	0
italicF0	2	italicT0	0
subscribeT0	16	subscribeF0	0
mainlandF0	13	mainlandT0	0
kultkraF0	1	kultkraT0	0
offsF0	2	offsT0	0
forestryT0	1	forestryF0	0
awnT2	1	awnF2	0
haF1	19	haT1	0
bareF0	2	bareT0	0
grantF0	7	grantT0	0
pastF0	16	pastT0	0
esnT2	3	esnF2	0
araF4	4	araT4	0
blewT0	1	blewF0	0
druunT0	1	druunF0	0
hikingF0	2	hikingT0	0
ddF2	1	ddT2	0
likF2	1	likT2	0
cfcF2	1	cfcT2	0
ehT3	3	ehF3	0
losT4	19	losF4	0
countyT0	60	countyF0	0
actF0	10	actT0	0
personalizeF0	1	personalizeT0	0
offspringT0	1	offspringF0	0
kmT2	1	kmF2	0
oceanT0	5	oceanF0	0
effectivenessF0	3	effectivenessT0	0
tripleT0	1	tripleF0	0
conduciveF0	1	conduciveT0	0
criticallyF0	1	criticallyT0	0
rimT0	1	rimF0	0
carF2	20	carT2	0
districtT0	21	districtF0	0
tunichilT0	1	tunichilF0	0
jobsF0	35	jobsT0	0
coastT0	2	coastF0	0
bmT1	1	bmF1	0
deF1	750	deT1	0
nmF3	1	nmT3	0
usF0	82	usT0	0
settingF0	19	settingT0	0
originatedF0	1	originatedT0	0
toyotaF0	4	toyotaT0	0
westernT0	11	westernF0	0
monumentsF0	1	monumentsT0	0
sailsF0	1	sailsT0	0
renewedF0	1	renewedT0	0
toenailF0	1	toenailT0	0
coastlineF0	5	coastlineT0	0
teeT0	1	teeF0	0
luzhnikiT0	1	luzhnikiF0	0
ambitiF0	1	ambitiT0	0
obiT4	1	obiF4	0
mpF1	117	mpT1	0
yuT0	1	yuF0	0
poiF4	56	poiT4	0
intenseF0	5	intenseT0	0
tssT2	1	tssF2	0
maurizioT0	2	maurizioF0	0
ccT0	2	ccF0	0
frecuentementeF0	1	frecuentementeT0	0
acnT2	1	acnF2	0
haponT0	1	haponF0	0
betweenT0	1	betweenF0	0
melF4	11	melT4	0
enF1	940	enT1	0
performanceT0	11	performanceF0	0
farbicaT0	1	farbicaF0	0
hereF0	140	hereT0	0
uselessF0	5	uselessT0	0
notationT0	1	notationF0	0
ombT0	1	ombF0	0
bewF4	1	bewT4	0
plugF0	1	plugT0	0
rocksT0	5	rocksF0	0
desireT0	1	desireF0	0
nauT4	1	nauF4	0
miniviewT0	1	miniviewF0	0
xyuF4	1	xyuT4	0
haaF4	1	haaT4	0
autF2	3	autT2	0
customsT0	2	customsF0	0
wxF3	1	wxT3	0
subscriptionsF0	3	subscriptionsT0	0
clickingF0	1	clickingT0	0
avidF0	1	avidT0	0
chiquibulrainT0	1	chiquibulrainF0	0
ourF0	173	ourT0	0
acceptableF0	1	acceptableT0	0
blvT4	2	blvF4	0
rhythmF0	1	rhythmT0	0
ndtT2	2	ndtF2	0
facilitatedF0	2	facilitatedT0	0
precisamF0	1	precisamT0	0
texanT0	2	texanF0	0
aybT2	1	aybF2	0
tigersharkF0	1	tigersharkT0	0
strokeF0	6	strokeT0	0
ospF4	3	ospT4	0
spoF4	50	spoT4	0
giftT0	2	giftF0	0
capacidadF0	1	capacidadT0	0
polskaT0	1	polskaF0	0
avyT2	4	avyF2	0
settlementinfT0	1	settlementinfF0	0
obamaF0	2	obamaT0	0
deployedF0	1	deployedT0	0
chanteurF0	1	chanteurT0	0
mailatF0	1	mailatT0	0
unlockT0	2	unlockF0	0
aprivateF0	1	aprivateT0	0
spayedF0	1	spayedT0	0
anxietyF0	1	anxietyT0	0
himesT0	2	himesF0	0
washedF0	2	washedT0	0
employmentT0	7	employmentF0	0
utahT0	1	utahF0	0
nuoF4	1	nuoT4	0
durationT0	1	durationF0	0
itaF4	14	itaT4	0
besT4	61	besF4	0
maisT0	3	maisF0	0
sylT4	5	sylF4	0
jigT4	2	jigF4	0
badlyF0	1	badlyT0	0
tisT2	4	tisF2	0
monitorT0	4	monitorF0	0
louisF0	1	louisT0	0
reeT2	157	reeF2	0
dreaminT0	1	dreaminF0	0
oulT2	5	oulF2	0
swrT0	1	swrF0	0
phT2	5	phF2	0
cnsT4	1	cnsF4	0
streetstT0	1	streetstF0	0
burkinaT0	2	burkinaF0	0
novoF0	5	novoT0	0
spuT4	2	spuF4	0
reinvestmentF0	1	reinvestmentT0	0
tradeF0	15	tradeT0	0
godT4	9	godF4	0
releasecT0	1	releasecF0	0
philippT0	2	philippF0	0
mobilizationconstructionT0	1	mobilizationconstructionF0	0
ialF2	196	ialT2	0
becF4	104	becT4	0
zaerdosF0	1	zaerdosT0	0
alT3	307	alF3	0
utsF4	3	utsT4	0
ihcT0	1	ihcF0	0
vvrggF0	1	vvrggT0	0
dinosaursF0	1	dinosaursT0	0
frakF0	1	frakT0	0
sakeF0	1	sakeT0	0
mudT2	1	mudF2	0
uriT2	6	uriF2	0
lightF0	15	lightT0	0
iriT4	6	iriF4	0
steepleF0	1	steepleT0	0
wecanF0	1	wecanT0	0
iedT2	92	iedF2	0
nowakF0	2	nowakT0	0
cubicT0	1	cubicF0	0
awardedF0	2	awardedT0	0
logicF0	19	logicT0	0
sovT4	3	sovF4	0
sandeedF0	1	sandeedT0	0
wokeF0	1	wokeT0	0
sinceF0	26	sinceT0	0
tiborT0	3	tiborF0	0
skipedF0	1	skipedT0	0
doubtF0	4	doubtT0	0
gomezT0	1	gomezF0	0
adhesivesT0	16	adhesivesF0	0
sketchesF0	3	sketchesT0	0
cehT4	7	cehF4	0
roiF2	1	roiT2	0
worriedF0	1	worriedT0	0
reduceF0	3	reduceT0	0
ouvertsF0	1	ouvertsT0	0
gurT4	2	gurF4	0
unknownF0	3	unknownT0	0
touristF0	6	touristT0	0
agrT4	23	agrF4	0
nashT0	1	nashF0	0
votedF0	1	votedT0	0
soundexT0	2	soundexF0	0
notlinkedF0	1	notlinkedT0	0
clcT2	1	clcF2	0
ketchupT0	1	ketchupF0	0
gallereisT0	1	gallereisF0	0
thatsF0	4	thatsT0	0
servicedivisionT0	1	servicedivisionF0	0
agesT0	1	agesF0	0
wwfF2	1	wwfT2	0
gloriousF0	2	gloriousT0	0
taiF4	29	taiT4	0
dvdF4	3	dvdT4	0
speF4	266	speT4	0
gbaT0	1	gbaF0	0
rispettoT0	1	rispettoF0	0
dmaT2	1	dmaF2	0
anyF4	263	anyT4	0
hassleF0	3	hassleT0	0
adaT4	6	adaF4	0
cimaF0	1	cimaT0	0
causesT0	1	causesF0	0
dyeF0	2	dyeT0	0
purrsF0	1	purrsT0	0
distortedF0	1	distortedT0	0
faidhlicheanF0	1	faidhlicheanT0	0
australiaF0	1	australiaT0	0
digitaF0	1	digitaT0	0
hardtopT0	2	hardtopF0	0
fiT1	1	fiF1	0
ngsF4	3	ngsT4	0
deuF4	2	deuT4	0
vowF4	2	vowT4	0
guideT0	39	guideF0	0
alleystingrayT0	1	alleystingrayF0	0
dvdT0	23	dvdF0	0
actionF0	8	actionT0	0
ovF3	123	ovT3	0
oneF0	255	oneT0	0
omahaT0	4	omahaF0	0
sectiT0	1	sectiF0	0
safariF0	1	safariT0	0
wjT3	1	wjF3	0
inspectionT0	2	inspectionF0	0
anyT0	43	anyF0	0
daaT4	1	daaF4	0
umdT2	1	umdF2	0
bigT2	19	bigF2	0
prestationsT0	1	prestationsF0	0
greekT0	6	greekF0	0
urlsT0	1	urlsF0	0
wvT1	3	wvF1	0
catF0	5	catT0	0
movF4	61	movT4	0
unaT4	1	unaF4	0
diedT0	2	diedF0	0
etT1	364	etF1	0
croT4	14	croF4	0
shakespsareT0	1	shakespsareF0	0
bikingF0	2	bikingT0	0
frontsF0	2	frontsT0	0
loanT0	3	loanF0	0
unanimementeF0	1	unanimementeT0	0
obeF2	3	obeT2	0
sixthF0	1	sixthT0	0
changeF0	92	changeT0	0
aleT2	34	aleF2	0
elsleyT0	1	elsleyF0	0
huesnerT0	2	huesnerF0	0
tchinT0	1	tchinF0	0
circularsT0	3	circularsF0	0
zmF1	1	zmT1	0
assemblyF0	3	assemblyT0	0
rgT1	14	rgF1	0
paoF2	2	paoT2	0
millF0	1	millT0	0
diverT0	1	diverF0	0
remT4	24	remF4	0
tlpT2	2	tlpF2	0
rimF4	2	rimT4	0
rumF2	28	rumT2	0
mdF3	4	mdT3	0
ecorpsT0	1	ecorpsF0	0
porqF0	1	porqT0	0
qnkF2	1	qnkT2	0
lT0	35	lF0	0
drumF0	10	drumT0	0
remarkF0	1	remarkT0	0
adoramF0	1	adoramT0	0
ctsF2	129	ctsT2	0
minimumF0	1	minimumT0	0
sumterF0	1	sumterT0	0
settlementkidsT0	1	settlementkidsF0	0
concernF0	2	concernT0	0
brokerageF0	2	brokerageT0	0
rsoF2	1	rsoT2	0
envyF0	3	envyT0	0
anoF4	66	anoT4	0
daT1	93	daF1	0
ereT2	141	ereF2	0
orsF2	204	orsT2	0
remainingF0	2	remainingT0	0
advertisingT0	4	advertisingF0	0
lgF1	2	lgT1	0
rggF2	6	rggT2	0
reversedF0	1	reversedT0	0
exF1	45	exT1	0
noaF4	1	noaT4	0
cbcT2	1	cbcF2	0
hideF0	2	hideT0	0
hauF4	2	hauT4	0
lareF0	2	lareT0	0
mieiF0	1	mieiT0	0
increaseT0	9	increaseF0	0
alignedF0	1	alignedT0	0
speechesF0	1	speechesT0	0
atterF0	1	atterT0	0
econimicalF0	1	econimicalT0	0
darexF0	1	darexT0	0
mtT3	2	mtF3	0
islesT0	1	islesF0	0
pmF1	16	pmT1	0
eviT4	2	eviF4	0
krF1	1	krT1	0
aliF2	2	aliT2	0
gogurtF0	1	gogurtT0	0
airfieldF0	1	airfieldT0	0
delayedF0	3	delayedT0	0
hansT0	6	hansF0	0
mestreT0	1	mestreF0	0
kadT4	1	kadF4	0
englishF0	7	englishT0	0
arhritisF0	1	arhritisT0	0
membranesF0	1	membranesT0	0
yoF0	5	yoT0	0
simulatorT0	1	simulatorF0	0
ebsT4	2	ebsF4	0
basketF0	1	basketT0	0
hisT4	48	hisF4	0
companywithinT0	1	companywithinF0	0
vT0	45	vF0	0
simonisF0	1	simonisT0	0
chairsF0	1	chairsT0	0
crawledF0	1	crawledT0	0
lawT4	8	lawF4	0
ltdT4	4	ltdF4	0
bellevueT0	2	bellevueF0	0
healF0	1	healT0	0
sanF0	11	sanT0	0
isntT0	1	isntF0	0
excerptedF0	1	excerptedT0	0
gilT2	1	gilF2	0
pedirF0	1	pedirT0	0
treadF0	1	treadT0	0
namT2	3	namF2	0
piersonF0	1	piersonT0	0
jandyT0	1	jandyF0	0
dierF0	1	dierT0	0
helenT0	4	helenF0	0
jisT2	1	jisF2	0
roomyT0	1	roomyF0	0
gaF2	2	gaT2	0
markedT0	1	markedF0	0
midounamF0	1	midounamT0	0
eduF4	39	eduT4	0
ictF2	20	ictT2	0
totalF0	25	totalT0	0
frankF0	7	frankT0	0
kiddosF0	1	kiddosT0	0
ipT1	90	ipF1	0
parleF0	2	parleT0	0
bugconnectionT0	3	bugconnectionF0	0
htrT4	4	htrF4	0
crossingF0	1	crossingT0	0
greT0	1	greF0	0
inlandT0	2	inlandF0	0
fallsF0	1	fallsT0	0
specialisedT0	1	specialisedF0	0
imageryF0	2	imageryT0	0
wipT2	1	wipF2	0
emancipationF0	1	emancipationT0	0
knoF4	142	knoT4	0
scarsF0	1	scarsT0	0
elasticationF0	1	elasticationT0	0
uxT1	28	uxF1	0
consistedT0	1	consistedF0	0
vancouF0	1	vancouT0	0
hearT0	1	hearF0	0
scottaT0	1	scottaF0	0
creativityF0	6	creativityT0	0
webF4	280	webT4	0
declineF0	4	declineT0	0
presentlyF0	1	presentlyT0	0
chevroletT0	47	chevroletF0	0
devilF0	1	devilT0	0
carelessF0	2	carelessT0	0
izmT2	1	izmF2	0
mpaF4	9	mpaT4	0
jettaF0	1	jettaT0	0
theunitedT0	1	theunitedF0	0
playstationF0	2	playstationT0	0
ievT4	1	ievF4	0
odF1	186	odT1	0
rcaF2	5	rcaT2	0
afoF2	1	afoT2	0
incessantF0	1	incessantT0	0
funnyF0	1	funnyT0	0
nsT3	1	nsF3	0
charesT0	1	charesF0	0
ubeT2	18	ubeF2	0
nyeF0	3	nyeT0	0
compactedF0	1	compactedT0	0
cncT0	8	cncF0	0
suckingT0	1	suckingF0	0
filmingT0	1	filmingF0	0
ssF2	3	ssT2	0
dependingF0	10	dependingT0	0
hourT0	3	hourF0	0
penelopeF0	1	penelopeT0	0
windingF0	1	windingT0	0
toeF4	2	toeT4	0
raeF0	1	raeT0	0
ipeF4	1	ipeT4	0
yleF2	19	yleT2	0
schwinnT0	1	schwinnF0	0
uzkT2	1	uzkF2	0
slelingF0	1	slelingT0	0
tacosF0	1	tacosT0	0
ncF3	5	ncT3	0
stuF4	110	stuT4	0
hummerF0	1	hummerT0	0
immobiliariF0	1	immobiliariT0	0
azyrbaycanT0	1	azyrbaycanF0	0
dvbT2	2	dvbF2	0
occasionsF0	1	occasionsT0	0
nationaT0	1	nationaF0	0
ceF2	14	ceT2	0
gaeryT0	1	gaeryF0	0
securitiesT0	18	securitiesF0	0
representativesF0	1	representativesT0	0
screeningT0	2	screeningF0	0
cintiqT0	1	cintiqF0	0
dumT2	1	dumF2	0
prT2	10	prF2	0
amiriT0	1	amiriF0	0
bisF4	5	bisT4	0
surpassedF0	1	surpassedT0	0
sipF0	1	sipT0	0
heyT2	36	heyF2	0
buT3	185	buF3	0
idoT2	1	idoF2	0
wahooT0	1	wahooF0	0
inallF0	1	inallT0	0
copiarF0	2	copiarT0	0
navyT0	1	navyF0	0
florentT0	2	florentF0	0
cavaliersF0	1	cavaliersT0	0
advertisementsF0	2	advertisementsT0	0
plotsF0	1	plotsT0	0
plymouthF0	4	plymouthT0	0
mitF2	51	mitT2	0
ohT3	38	ohF3	0
aboT2	1	aboF2	0
parametersT0	1	parametersF0	0
welF4	102	welT4	0
roeT2	2	roeF2	0
uloT2	1	uloF2	0
mgrT2	2	mgrF2	0
trF2	5	trT2	0
nceF2	397	nceT2	0
binneF0	1	binneT0	0
textsF0	1	textsT0	0
elF3	117	elT3	0
behindT0	1	behindF0	0
vmsF0	4	vmsT0	0
peabodyT0	2	peabodyF0	0
newslettersF0	3	newslettersT0	0
rssT4	2	rssF4	0
cylT0	1	cylF0	0
aveT2	41	aveF2	0
mmloadmenusT0	1	mmloadmenusF0	0
ubT3	1	ubF3	0
heT3	337	heF3	0
omF2	3	omT2	0
manualT0	10	manualF0	0
shF3	748	shT3	0
understandingT0	2	understandingF0	0
coeurF0	4	coeurT0	0
settlementcT0	2	settlementcF0	0
waitressF0	1	waitressT0	0
kipT4	1	kipF4	0
pltT2	1	pltF2	0
garantiF0	1	garantiT0	0
worshipT0	1	worshipF0	0
mobileF0	4	mobileT0	0
agentsT0	35	agentsF0	0
risesF0	1	risesT0	0
hmsT0	2	hmsF0	0
remoteF0	14	remoteT0	0
scrofaF0	2	scrofaT0	0
cadeoT0	1	cadeoF0	0
ghT1	75	ghF1	0
produziertesF0	1	produziertesT0	0
ybF3	1	ybT3	0
fatalF0	3	fatalT0	0
deathT0	9	deathF0	0
goesF0	4	goesT0	0
unnecessaryF0	1	unnecessaryT0	0
vioT4	6	vioF4	0
mdiT4	2	mdiF4	0
gtiT4	2	gtiF4	0
mustwalkF0	1	mustwalkT0	0
alcoholF0	2	alcoholT0	0
routineF0	1	routineT0	0
athleticF0	1	athleticT0	0
numbersF0	4	numbersT0	0
woodhullT0	1	woodhullF0	0
ossiT0	1	ossiF0	0
rearrangingF0	2	rearrangingT0	0
mobF4	6	mobT4	0
nimT4	2	nimF4	0
rsyF2	1	rsyT2	0
importedF0	2	importedT0	0
chileanT0	4	chileanF0	0
atoT4	12	atoF4	0
delormeT0	1	delormeF0	0
liverF0	1	liverT0	0
mazF4	2	mazT4	0
ruggedF0	1	ruggedT0	0
lvlT4	5	lvlF4	0
ruralF0	1	ruralT0	0
springtimeF0	1	springtimeT0	0
directiF0	1	directiT0	0
lifeT0	9	lifeF0	0
emergesF0	2	emergesT0	0
ganF2	22	ganT2	0
goodlyF0	1	goodlyT0	0
brokersF0	1	brokersT0	0
loaT2	1	loaF2	0
flashT0	3	flashF0	0
ciatiF0	3	ciatiT0	0
loeF2	1	loeT2	0
iroF2	1	iroT2	0
becomesF0	3	becomesT0	0
programmedF0	1	programmedT0	0
headingF0	1	headingT0	0
zimT2	1	zimF2	0
nyuT0	1	nyuF0	0
pizzaT0	2	pizzaF0	0
basicF0	10	basicT0	0
premadeT0	1	premadeF0	0
belgianT0	1	belgianF0	0
faenF0	1	faenT0	0
singerT0	1	singerF0	0
cigaretteF0	4	cigaretteT0	0
sceneT0	1	sceneF0	0
msrF4	1	msrT4	0
brainF0	5	brainT0	0
strictlyF0	1	strictlyT0	0
cupboardF0	1	cupboardT0	0
xxxF2	1	xxxT2	0
beginsF0	6	beginsT0	0
searchingF0	8	searchingT0	0
convenzioniF0	1	convenzioniT0	0
zusT4	1	zusF4	0
noticedF0	4	noticedT0	0
doaT0	1	doaF0	0
hyT3	53	hyF3	0
kimberleeF0	1	kimberleeT0	0
ffrF4	1	ffrT4	0
specializingF0	1	specializingT0	0
wloF4	1	wloT4	0
nuukolF0	1	nuukolT0	0
emailF0	43	emailT0	0
birdwatchF0	2	birdwatchT0	0
tlhT0	1	tlhF0	0
hostingT0	1	hostingF0	0
domF2	17	domT2	0
bulletF0	1	bulletT0	0
surveyscF0	1	surveyscT0	0
dmiT4	2	dmiF4	0
houseF0	16	houseT0	0
fbF2	2	fbT2	0
saelmansT0	1	saelmansF0	0
tenhaF0	2	tenhaT0	0
udeF4	1	udeT4	0
tosF0	1	tosT0	0
tunerF0	2	tunerT0	0
existedF0	1	existedT0	0
embracF0	1	embracT0	0
calT4	32	calF4	0
iruT2	2	iruF2	0
associationsT0	2	associationsF0	0
racewayF0	1	racewayT0	0
whenT0	45	whenF0	0
wymanF0	1	wymanT0	0
zazdirectT0	1	zazdirectF0	0
indoT0	3	indoF0	0
realityT0	1	realityF0	0
progdvbT0	2	progdvbF0	0
hagT4	1	hagF4	0
tardeF0	2	tardeT0	0
biaF2	1	biaT2	0
walkinF0	1	walkinT0	0
youwishF0	5	youwishT0	0
udT1	7	udF1	0
proxyT0	11	proxyF0	0
coupleF0	16	coupleT0	0
plF2	14	plT2	0
viaF2	39	viaT2	0
movesF0	5	movesT0	0
lyF3	13	lyT3	0
ownF2	196	ownT2	0
odiT2	1	odiF2	0
facF4	98	facT4	0
arF1	597	arT1	0
clovisT0	1	clovisF0	0
azeF2	2	azeT2	0
artistaF0	2	artistaT0	0
hieF2	1	hieT2	0
previouslyF0	3	previouslyT0	0
botsF0	1	botsT0	0
schoolF0	26	schoolT0	0
ailF2	127	ailT2	0
buyT2	29	buyF2	0
sneakF0	4	sneakT0	0
barakaT0	1	barakaF0	0
diplomatF0	1	diplomatT0	0
meganT0	3	meganF0	0
secrecyF0	2	secrecyT0	0
ourwebT0	2	ourwebF0	0
dyF1	131	dyT1	0
fioF4	1	fioT4	0
wanT2	4	wanF2	0
blastF0	1	blastT0	0
blowingF0	1	blowingT0	0
damT2	6	damF2	0
whatforsF0	1	whatforsT0	0
thesoleF0	1	thesoleT0	0
kaylynF0	1	kaylynT0	0
walT4	30	walF4	0
boiT4	8	boiF4	0
jailT0	1	jailF0	0
nvT0	1	nvF0	0
coquetryF0	1	coquetryT0	0
meneghiniT0	1	meneghiniF0	0
moroccomapT0	1	moroccomapF0	0
grT1	2	grF1	0
forestsT0	2	forestsF0	0
naT1	139	naF1	0
refiningF0	1	refiningT0	0
husT2	1	husF2	0
attackingT0	2	attackingF0	0
exchangesF0	3	exchangesT0	0
jsF1	3	jsT1	0
etuT4	2	etuF4	0
comeF0	45	comeT0	0
relicsF0	1	relicsT0	0
ankT4	1	ankF4	0
networkingT0	2	networkingF0	0
parrotfishT0	1	parrotfishF0	0
topicsT0	14	topicsF0	0
fxF0	1	fxT0	0
quF2	5	quT2	0
seauxF0	1	seauxT0	0
anT1	613	anF1	0
tuaF2	2	tuaT2	0
eleF2	2	eleT2	0
equalT0	3	equalF0	0
harcourtbusinessF0	2	harcourtbusinessT0	0
gnaF2	2	gnaT2	0
howT4	123	howF4	0
spokenF0	1	spokenT0	0
aetT4	1	aetF4	0
wavT4	2	wavF4	0
keepsF0	4	keepsT0	0
otT1	55	otF1	0
evaT2	1	evaF2	0
afternoonF0	3	afternoonT0	0
evF3	298	evT3	0
ahsT2	4	ahsF2	0
sadF0	2	sadT0	0
grandmaF0	3	grandmaT0	0
jawF0	4	jawT0	0
pdfT4	9	pdfF4	0
gpT3	4	gpF3	0
blT2	1	blF2	0
oerT2	1	oerF2	0
petaT0	1	petaF0	0
replacedF0	3	replacedT0	0
downtownT0	2	downtownF0	0
suF0	2	suT0	0
adeF4	7	adeT4	0
cultureF0	19	cultureT0	0
areF0	662	areT0	0
aiF0	2	aiT0	0
complexitiesF0	1	complexitiesT0	0
wtT3	4	wtF3	0
hsaT2	2	hsaF2	0
pedroT0	15	pedroF0	0
throwingT0	1	throwingF0	0
evenF0	68	evenT0	0
arsT2	48	arsF2	0
schF4	93	schT4	0
oroT2	1	oroF2	0
mustacheF0	1	mustacheT0	0
iryF2	3	iryT2	0
inkF0	2	inkT0	0
paiT4	26	paiF4	0
easiestF0	1	easiestT0	0
consolesF0	4	consolesT0	0
poeT4	6	poeF4	0
rawF2	10	rawT2	0
parkF0	11	parkT0	0
eryT2	87	eryF2	0
uglF4	1	uglT4	0
shareownerF0	1	shareownerT0	0
relationshipF0	19	relationshipT0	0
manT2	65	manF2	0
romeoT0	1	romeoF0	0
customerT0	5	customerF0	0
ifoT0	1	ifoF0	0
portsT0	1	portsF0	0
rdpT2	2	rdpF2	0
istT2	91	istF2	0
genoeseF0	1	genoeseT0	0
tcT3	3	tcF3	0
paralyzedF0	1	paralyzedT0	0
evaluationF0	5	evaluationT0	0
graduatingF0	2	graduatingT0	0
oveF2	113	oveT2	0
sailboatsF0	1	sailboatsT0	0
tomT2	16	tomF2	0
jewfishF0	2	jewfishT0	0
cutF0	4	cutT0	0
clearlyF0	2	clearlyT0	0
fwF1	1	fwT1	0
recipeF0	2	recipeT0	0
memoF0	2	memoT0	0
claspedF0	1	claspedT0	0
vcsF0	2	vcsT0	0
comorosmapT0	1	comorosmapF0	0
possessF0	1	possessT0	0
gybesF0	1	gybesT0	0
klyT2	1	klyF2	0
pieF4	51	pieT4	0
amazonT0	1	amazonF0	0
aloT2	4	aloF2	0
appendchildT0	4	appendchildF0	0
foiF4	6	foiT4	0
yricsF0	7	yricsT0	0
cmpF2	1	cmpT2	0
dungeonT0	1	dungeonF0	0
accelerationT0	1	accelerationF0	0
shapesF0	1	shapesT0	0
championshipsT0	1	championshipsF0	0
norwayT0	2	norwayF0	0
hangingF0	2	hangingT0	0
safeguardT0	1	safeguardF0	0
swashF0	1	swashT0	0
wadmanT0	1	wadmanF0	0
requestedF0	7	requestedT0	0
trustF0	4	trustT0	0
nweF2	1	nweT2	0
largesseF0	1	largesseT0	0
graT4	68	graF4	0
byeF2	3	byeT2	0
pvpF0	3	pvpT0	0
rseF2	63	rseT2	0
likesF0	3	likesT0	0
lovveF0	1	lovveT0	0
fusT4	2	fusF4	0
verbindungT0	1	verbindungF0	0
womanF0	33	womanT0	0
pxF0	34	pxT0	0
actableF0	1	actableT0	0
lhrT2	1	lhrF2	0
lowF4	32	lowT4	0
sitT2	15	sitF2	0
buttoonsF0	1	buttoonsT0	0
cemetaryT0	1	cemetaryF0	0
settlementspeaseT0	1	settlementspeaseF0	0
eelF2	47	eelT2	0
spittingF0	1	spittingT0	0
destinyT0	1	destinyF0	0
temptationsF0	1	temptationsT0	0
daveT0	3	daveF0	0
atiF4	4	atiT4	0
photoshopT0	4	photoshopF0	0
oreT2	104	oreF2	0
htnF2	2	htnT2	0
administrationF0	6	administrationT0	0
chassisT0	2	chassisF0	0
cheT4	165	cheF4	0
tigT4	1	tigF4	0
merT4	51	merF4	0
duaT4	1	duaF4	0
educatingF0	1	educatingT0	0
knittingF0	1	knittingT0	0
klT3	8	klF3	0
scalyF0	1	scalyT0	0
baniF0	1	baniT0	0
carspaceT0	1	carspaceF0	0
bryanT0	4	bryanF0	0
payableT0	3	payableF0	0
marqueeT0	1	marqueeF0	0
meritsF0	1	meritsT0	0
paulsonF0	1	paulsonT0	0
familyF0	18	familyT0	0
pushkarT0	1	pushkarF0	0
receiptsaT0	1	receiptsaF0	0
thielT0	1	thielF0	0
ienT2	4	ienF2	0
itF1	838	itT1	0
riyF2	2	riyT2	0
foiT0	1	foiF0	0
cirF4	14	cirT4	0
scubaT0	2	scubaF0	0
levelF0	23	levelT0	0
frigateF0	3	frigateT0	0
almanacsF0	1	almanacsT0	0
banquetT0	3	banquetF0	0
doorT0	9	doorF0	0
tieF0	2	tieT0	0
highT0	25	highF0	0
cctT4	1	cctF4	0
begF0	1	begT0	0
mayanF0	1	mayanT0	0
treatT0	1	treatF0	0
semiF0	2	semiT0	0
reloadedF0	1	reloadedT0	0
avoT2	10	avoF2	0
envisionedF0	1	envisionedT0	0
cupT0	1	cupF0	0
becomeslockedF0	1	becomeslockedT0	0
moustachioF0	1	moustachioT0	0
dayF4	188	dayT4	0
spyF4	4	spyT4	0
updatesF0	7	updatesT0	0
walksF0	3	walksT0	0
imagereadyT0	1	imagereadyF0	0
layT2	26	layF2	0
attentionF0	13	attentionT0	0
forswornF0	1	forswornT0	0
kbT3	4	kbF3	0
ipcT2	1	ipcF2	0
informationT0	50	informationF0	0
phpT0	9	phpF0	0
paF3	789	paT3	0
ignacioT0	4	ignacioF0	0
cupF4	7	cupT4	0
favoriteT0	6	favoriteF0	0
vrggF0	5	vrggT0	0
sutT0	1	sutF0	0
guiraT0	1	guiraF0	0
temporalF0	1	temporalT0	0
snoT2	7	snoF2	0
securingF0	2	securingT0	0
dayT0	26	dayF0	0
anythingT0	7	anythingF0	0
anoT0	1	anoF0	0
supT4	100	supF4	0
czasopismaT0	1	czasopismaF0	0
wpwF2	1	wpwT2	0
vwT1	2	vwF1	0
sriT4	1	sriF4	0
bueT2	4	bueF2	0
fiduciaryF0	6	fiduciaryT0	0
ksF0	1	ksT0	0
oilT4	4	oilF4	0
piquedouxT0	1	piquedouxF0	0
avsF2	2	avsT2	0
aolT2	2	aolF2	0
magazineT0	10	magazineF0	0
herbstsymposiumT0	8	herbstsymposiumF0	0
vecF4	6	vecT4	0
edinburghT0	2	edinburghF0	0
rosenqvistT0	1	rosenqvistF0	0
chsvroletF0	1	chsvroletT0	0
creT4	141	creF4	0
udyF4	1	udyT4	0
umT2	2	umF2	0
neverF0	42	neverT0	0
joliF0	2	joliT0	0
obsT4	2	obsF4	0
presentationF0	11	presentationT0	0
kabF0	1	kabT0	0
packageF0	3	packageT0	0
enyiwT0	1	enyiwF0	0
etatF0	1	etatT0	0
peuxF0	1	peuxT0	0
onfrequentyT0	1	onfrequentyF0	0
disneyT0	1	disneyF0	0
chokeF0	1	chokeT0	0
inheritedF0	1	inheritedT0	0
medicineF0	4	medicineT0	0
allanT0	1	allanF0	0
sujF4	1	sujT4	0
joaT4	1	joaF4	0
xthF2	1	xthT2	0
methF0	1	methT0	0
harvickT0	1	harvickF0	0
rightnangangalapT0	1	rightnangangalapF0	0
rioF2	7	rioT2	0
letraF0	1	letraT0	0
problwmsF0	1	problwmsT0	0
mcdF4	1	mcdT4	0
stiT2	4	stiF2	0
martT0	1	martF0	0
wirF4	13	wirT4	0
tnT2	2	tnF2	0
movieF0	8	movieT0	0
zuF3	5	zuT3	0
graniteT0	1	graniteF0	0
atollT0	10	atollF0	0
eyrT2	2	eyrF2	0
yellF0	1	yellT0	0
bamT4	4	bamF4	0
sugarT0	1	sugarF0	0
livreF0	3	livreT0	0
newF2	200	newT2	0
meteuF0	1	meteuT0	0
sabiedrT0	1	sabiedrF0	0
mmT0	2	mmF0	0
mtoT2	1	mtoF2	0
discoveryF0	6	discoveryT0	0
hqT1	1	hqF1	0
scoreF0	1	scoreT0	0
beautiesF0	1	beautiesT0	0
mealsT0	1	mealsF0	0
douF4	17	douT4	0
gpoT2	1	gpoF2	0
incT4	44	incF4	0
loiT4	1	loiF4	0
utopianF0	2	utopianT0	0
rusT2	5	rusF2	0
buttonF0	12	buttonT0	0
medleyF0	2	medleyT0	0
serF2	101	serT2	0
unarF0	1	unarT0	0
hesF2	65	hesT2	0
wtoT2	1	wtoF2	0
collinsF0	2	collinsT0	0
safeclimateT0	1	safeclimateF0	0
rightigseF0	1	rightigseT0	0
existenceF0	2	existenceT0	0
sanduskyF0	1	sanduskyT0	0
dawT2	1	dawF2	0
liftedF0	1	liftedT0	0
landfallF0	1	landfallT0	0
lagF4	12	lagT4	0
framesF0	1	framesT0	0
gustavT0	1	gustavF0	0
classifyingF0	1	classifyingT0	0
pacT0	1	pacF0	0
bureauT0	4	bureauF0	0
annoyanceF0	1	annoyanceT0	0
duelT0	1	duelF0	0
marketingT0	3	marketingF0	0
garT4	24	garF4	0
orderweT0	1	orderweF0	0
antarF0	1	antarT0	0
spyT0	4	spyF0	0
usesF0	17	usesT0	0
rsquoF0	17	rsquoT0	0
caddT0	10	caddF0	0
cecilF0	1	cecilT0	0
fightF0	10	fightT0	0
dakT4	7	dakF4	0
rentedF0	2	rentedT0	0
nioT2	7	nioF2	0
syrF2	1	syrT2	0
igtT4	1	igtF4	0
craigsljstF0	2	craigsljstT0	0
awaitF0	1	awaitT0	0
treasuresT0	18	treasuresF0	0
nomF2	1	nomT2	0
ripeningF0	1	ripeningT0	0
ncaT2	1	ncaF2	0
caribbeantoT0	1	caribbeantoF0	0
climberF0	1	climberT0	0
ynF1	5	ynT1	0
iahT2	3	iahF2	0
novaT0	3	novaF0	0
apF3	361	apT3	0
wowwF0	1	wowwT0	0
birchT0	1	birchF0	0
lueT2	57	lueF2	0
nwF3	3	nwT3	0
palerF0	1	palerT0	0
uneF4	11	uneT4	0
ruleF0	1	ruleT0	0
instrumentationT0	2	instrumentationF0	0
dooF0	2	dooT0	0
alexandeT0	1	alexandeF0	0
dioT2	29	dioF2	0
luiF2	3	luiT2	0
sentencesF0	1	sentencesT0	0
arizonaT0	7	arizonaF0	0
msnT4	5	msnF4	0
fenderF0	4	fenderT0	0
spokespersonF0	1	spokespersonT0	0
lksF2	8	lksT2	0
ctiF2	14	ctiT2	0
humanismF0	1	humanismT0	0
earlF0	1	earlT0	0
cayolocatedT0	1	cayolocatedF0	0
melodyF0	1	melodyT0	0
embF4	12	embT4	0
veniceT0	9	veniceF0	0
hpT2	15	hpF2	0
eabT2	1	eabF2	0
byaT2	1	byaF2	0
rosesT0	4	rosesF0	0
droolingF0	1	droolingT0	0
gmF0	1	gmT0	0
molF4	1	molT4	0
serversF0	9	serversT0	0
toenableF0	1	toenableT0	0
raF1	115	raT1	0
noF1	248	noT1	0
solT4	19	solF4	0
issuersF0	5	issuersT0	0
maceT0	1	maceF0	0
zrT2	1	zrF2	0
writersF0	4	writersT0	0
babiesF0	1	babiesT0	0
shiT4	74	shiF4	0
groomingT0	3	groomingF0	0
aelT2	7	aelF2	0
illustrationF0	2	illustrationT0	0
hoqF4	1	hoqT4	0
mnF3	2	mnT3	0
rysF2	2	rysT2	0
culT4	14	culF4	0
valorF0	1	valorT0	0
worldT0	87	worldF0	0
finderT0	3	finderF0	0
sectorF0	21	sectorT0	0
ediT2	1	ediF2	0
pvtT2	1	pvtF2	0
downF0	45	downT0	0
eraF0	4	eraT0	0
vanderveerT0	1	vanderveerF0	0
genT4	47	genF4	0
shyF2	2	shyT2	0
alsF2	123	alsT2	0
selT4	24	selF4	0
lleolF0	1	lleolT0	0
corT4	126	corF4	0
ytT1	2	ytF1	0
navigationprojectsT0	1	navigationprojectsF0	0
floodingF0	1	floodingT0	0
avT3	17	avF3	0
karlT0	2	karlF0	0
macalT0	1	macalF0	0
fogT2	11	fogF2	0
whitesF0	1	whitesT0	0
anketellT0	1	anketellF0	0
mximoF0	1	mximoT0	0
clickzoneT0	14	clickzoneF0	0
thnF2	1	thnT2	0
tunedT0	9	tunedF0	0
playereF0	1	playereT0	0
uncertaintyF0	1	uncertaintyT0	0
controllsF0	1	controllsT0	0
obuT2	4	obuF2	0
whoT4	13	whoF4	0
assembleF0	1	assembleT0	0
emuleT0	1	emuleF0	0
calmerF0	1	calmerT0	0
arkF4	1	arkT4	0
facileF0	1	facileT0	0
prizestoastT0	1	prizestoastF0	0
grandsonF0	1	grandsonT0	0
floorT0	1	floorF0	0
orleansF0	1	orleansT0	0
cushionsF0	1	cushionsT0	0
locateT0	3	locateF0	0
wheT4	88	wheF4	0
liviusT0	2	liviusF0	0
eanF4	1	eanT4	0
mpsT2	5	mpsF2	0
jqF3	4	jqT3	0
flhT4	1	flhF4	0
neglectF0	2	neglectT0	0
touT4	176	touF4	0
leavingF0	7	leavingT0	0
havebeenF0	1	havebeenT0	0
murF2	3	murT2	0
geographyF0	2	geographyT0	0
saluteT0	2	saluteF0	0
vrpT4	1	vrpF4	0
crevalleF0	1	crevalleT0	0
grandesF0	2	grandesT0	0
vineT0	1	vineF0	0
dssF2	1	dssT2	0
neF1	804	neT1	0
winsetT0	1	winsetF0	0
travelingT0	2	travelingF0	0
floatingF0	2	floatingT0	0
aipT4	1	aipF4	0
dessinT0	1	dessinF0	0
saritaT0	1	saritaF0	0
ficT2	9	ficF2	0
ucrainT0	1	ucrainF0	0
idsF2	13	idsT2	0
deliberatelyF0	3	deliberatelyT0	0
flagF0	11	flagT0	0
alwT4	5	alwF4	0
boarF0	3	boarT0	0
etwT2	1	etwF2	0
laT3	225	laF3	0
guttonsF0	1	guttonsT0	0
drawF0	4	drawT0	0
fuF3	297	fuT3	0
securitythisT0	1	securitythisF0	0
readilyF0	2	readilyT0	0
meF2	211	meT2	0
librarianF0	1	librarianT0	0
lockedF0	1	lockedT0	0
photographicF0	1	photographicT0	0
peiF4	1	peiT4	0
smashF0	1	smashT0	0
guysT0	1	guysF0	0
shellT0	2	shellF0	0
gsnF4	1	gsnT4	0
luT3	23	luF3	0
mafiaT0	1	mafiaF0	0
jamesF0	1	jamesT0	0
voiT4	3	voiF4	0
lmT1	5	lmF1	0
algF4	2	algT4	0
dampersF0	1	dampersT0	0
erT3	18	erF3	0
actiontecF0	1	actiontecT0	0
utopiaT0	1	utopiaF0	0
kidF0	5	kidT0	0
brocketT0	1	brocketF0	0
holdingsF0	2	holdingsT0	0
neaF4	55	neaT4	0
calibrationT0	1	calibrationF0	0
bsetF0	1	bsetT0	0
misunderstoodF0	2	misunderstoodT0	0
viiT0	1	viiF0	0
aggressionF0	1	aggressionT0	0
morT4	76	morF4	0
putsF0	1	putsT0	0
ckrF2	1	ckrT2	0
keywordsF0	1	keywordsT0	0
specialistsT0	1	specialistsF0	0
dataF0	73	dataT0	0
jeT1	16	jeF1	0
nwcF4	1	nwcT4	0
provinceF0	2	provinceT0	0
cinchedF0	1	cinchedT0	0
dollarT0	2	dollarF0	0
experiencedF0	11	experiencedT0	0
sealsT0	1	sealsF0	0
vresF0	1	vresT0	0
fF0	214	fT0	0
ostF0	2	ostT0	0
cheersF0	1	cheersT0	0
nosT2	3	nosF2	0
ppingF0	1	ppingT0	0
standingF0	4	standingT0	0
weldF0	2	weldT0	0
ofaF2	4	ofaT2	0
confidenceF0	5	confidenceT0	0
bulletinsT0	2	bulletinsF0	0
teeF4	21	teeT4	0
aarT0	1	aarF0	0
wedecideF0	1	wedecideT0	0
explosivesF0	3	explosivesT0	0
atkF2	1	atkT2	0
regularityF0	2	regularityT0	0
chiF4	61	chiT4	0
frogF0	1	frogT0	0
foundF0	52	foundT0	0
internatiF0	1	internatiT0	0
lenaT0	1	lenaF0	0
laqF4	1	laqT4	0
hoeT2	1	hoeF2	0
tarponT0	4	tarponF0	0
vobblankerF0	2	vobblankerT0	0
gdoT4	1	gdoF4	0
godivaF0	1	godivaT0	0
ryeT2	2	ryeF2	0
flavorT0	2	flavorF0	0
vieT4	50	vieF4	0
gorgonianT0	1	gorgonianF0	0
bmwT2	40	bmwF2	0
warF2	10	warT2	0
grandguillotT0	1	grandguillotF0	0
chroniclesT0	3	chroniclesF0	0
knowledgeT0	1	knowledgeF0	0
knifesT0	1	knifesF0	0
golldF0	1	golldT0	0
hogF4	2	hogT4	0
tgF3	1	tgT3	0
ivoT4	2	ivoF4	0
egrF4	6	egrT4	0
isrT4	2	isrF4	0
implementedF0	1	implementedT0	0
beprovidedF0	2	beprovidedT0	0
culturalF0	12	culturalT0	0
dfreeT0	2	dfreeF0	0
woF2	2	woT2	0
seafrontF0	1	seafrontT0	0
fsT1	21	fsF1	0
preparatiF0	1	preparatiT0	0
galF4	22	galT4	0
recordsF0	5	recordsT0	0
duitslandT0	2	duitslandF0	0
uzuT2	2	uzuF2	0
loyF2	2	loyT2	0
upcF4	2	upcT4	0
lacrosseF0	1	lacrosseT0	0
potentialF0	6	potentialT0	0
wortleyT0	1	wortleyF0	0
analysisT0	14	analysisF0	0
identifyF0	1	identifyT0	0
ebookT0	3	ebookF0	0
missionaryF0	1	missionaryT0	0
blockedF0	2	blockedT0	0
validF0	19	validT0	0
ieT2	15	ieF2	0
friendshipT0	1	friendshipF0	0
tsiT2	1	tsiF2	0
lecF4	5	lecT4	0
importarF0	1	importarT0	0
traumaF0	1	traumaT0	0
degreeF0	4	degreeT0	0
aduT4	2	aduF4	0
fasT4	10	fasF4	0
greF4	139	greT4	0
xpF0	2	xpT0	0
esT2	2	esF2	0
lesbianT0	1	lesbianF0	0
peuF2	6	peuT2	0
lisF4	121	lisT4	0
veiT4	3	veiF4	0
autopediaT0	1	autopediaF0	0
nearestF0	5	nearestT0	0
poodlesF0	1	poodlesT0	0
predictiF0	1	predictiT0	0
phoneT0	22	phoneF0	0
modocT0	1	modocF0	0
webT0	40	webF0	0
compteF0	2	compteT0	0
bugF4	35	bugT4	0
testF0	20	testT0	0
ticF2	80	ticT2	0
telephoneF0	8	telephoneT0	0
productionsT0	57	productionsF0	0
dsT3	5	dsF3	0
watersT0	1	watersF0	0
manufacturingF0	2	manufacturingT0	0
affordableF0	3	affordableT0	0
flinchingF0	1	flinchingT0	0
mediawhizT0	1	mediawhizF0	0
jarrettT0	1	jarrettF0	0
mxF3	1	mxT3	0
frT2	4	frF2	0
iraqsT0	1	iraqsF0	0
oidT2	3	oidF2	0
publiclyF0	3	publiclyT0	0
onlyF0	181	onlyT0	0
uzzifasT0	1	uzzifasF0	0
snT3	17	snF3	0
reyT2	10	reyF2	0
mapF4	86	mapT4	0
pcF1	4	pcT1	0
stoopedF0	1	stoopedT0	0
curF2	5	curT2	0
isF2	1277	isT2	0
olyF2	1	olyT2	0
eolF2	3	eolT2	0
metropolitanF0	1	metropolitanT0	0
programF0	69	programT0	0
thF2	54	thT2	0
tdxT2	1	tdxF2	0
rolledF0	2	rolledT0	0
saharanT0	1	saharanF0	0
acceleratetheT0	1	acceleratetheF0	0
ircT0	1	ircF0	0
prideF0	1	prideT0	0
cylF4	1	cylT4	0
groodiesF0	1	groodiesT0	0
fathomsF0	1	fathomsT0	0
sgtT4	1	sgtF4	0
hermanoF0	2	hermanoT0	0
wroT4	4	wroF4	0
chunF0	3	chunT0	0
metT2	2	metF2	0
olkT2	5	olkF2	0
tesF0	6	tesT0	0
nuT1	5	nuF1	0
journalistsF0	2	journalistsT0	0
gpressT0	1	gpressF0	0
lumT4	3	lumF4	0
earF0	1	earT0	0
iranianT0	1	iranianF0	0
slipF0	2	slipT0	0
insF2	71	insT2	0
hiltonF0	1	hiltonT0	0
barbecuesF0	1	barbecuesT0	0
cinT4	12	cinF4	0
acfF4	1	acfT4	0
channelsT0	3	channelsF0	0
eapF2	12	eapT2	0
auronsF0	1	auronsT0	0
squidF0	1	squidT0	0
adT1	160	adF1	0
universitiesF0	7	universitiesT0	0
toplessF0	1	toplessT0	0
oolF2	56	oolT2	0
dheyT0	1	dheyF0	0
dowF2	60	dowT2	0
trainingT0	8	trainingF0	0
dthF2	32	dthT2	0
okT0	5	okF0	0
rdzT2	2	rdzF2	0
celebratesF0	1	celebratesT0	0
eveF2	31	eveT2	0
nogT4	2	nogF4	0
oriF2	6	oriT2	0
jeuT4	2	jeuF4	0
powerplantF0	1	powerplantT0	0
vaiF2	3	vaiT2	0
lacT4	3	lacF4	0
plansF0	9	plansT0	0
spendingT0	2	spendingF0	0
weekF0	28	weekT0	0
sorF2	11	sorT2	0
zeiF4	1	zeiT4	0
absF2	5	absT2	0
enoughF0	22	enoughT0	0
upwF4	1	upwT4	0
breedersF0	1	breedersT0	0
introductionF0	3	introductionT0	0
snorkelT0	1	snorkelF0	0
entreatedF0	1	entreatedT0	0
clarkeT0	6	clarkeF0	0
puF3	233	puT3	0
poemsT0	2	poemsF0	0
sportingT0	1	sportingF0	0
ounF4	3	ounT4	0
messF0	1	messT0	0
bargainF0	2	bargainT0	0
facialT0	1	facialF0	0
oniT2	3	oniF2	0
embassyF0	1	embassyT0	0
axuT4	1	axuF4	0
fiveT0	12	fiveF0	0
suggestionT0	2	suggestionF0	0
threatF0	1	threatT0	0
earlierF0	1	earlierT0	0
bermudaT0	1	bermudaF0	0
loF3	651	loT3	0
monF2	37	monT2	0
polyethyleneT0	1	polyethyleneF0	0
locF4	160	locT4	0
awfF4	1	awfT4	0
reachedF0	11	reachedT0	0
niaF0	1	niaT0	0
egesF0	1	egesT0	0
driveT0	8	driveF0	0
craF2	2	craT2	0
emF2	27	emT2	0
tropicsF0	3	tropicsT0	0
marF2	4	marT2	0
askedT0	1	askedF0	0
unkT4	3	unkF4	0
azaT2	2	azaF2	0
pitiableF0	1	pitiableT0	0
garcaF0	2	garcaT0	0
obF3	78	obT3	0
cameT0	1	cameF0	0
dosT2	5	dosF2	0
ingF4	7	ingT4	0
baiF2	1	baiT2	0
oilfieldT0	2	oilfieldF0	0
eatT4	1	eatF4	0
dancingT0	4	dancingF0	0
rainT0	1	rainF0	0
logF0	13	logT0	0
vacillerF0	2	vacillerT0	0
increasedT0	3	increasedF0	0
granddaughterT0	1	granddaughterF0	0
nicT4	9	nicF4	0
xiT3	16	xiF3	0
iorF2	47	iorT2	0
amhF2	1	amhT2	0
captainT0	3	captainF0	0
skyrocketedF0	1	skyrocketedT0	0
institutionT0	1	institutionF0	0
hioF2	9	hioT2	0
builtF0	5	builtT0	0
senT2	8	senF2	0
flowF0	6	flowT0	0
preparingF0	1	preparingT0	0
idirlnF0	1	idirlnT0	0
superstF0	1	superstT0	0
convenientlyF0	1	convenientlyT0	0
picT2	13	picF2	0
myrT4	1	myrF4	0
ectT2	45	ectF2	0
gzT3	17	gzF3	0
bomF4	10	bomT4	0
poetF0	6	poetT0	0
ahaF4	2	ahaT4	0
togetherF0	15	togetherT0	0
portlandF0	5	portlandT0	0
insertsT0	1	insertsF0	0
myersT0	2	myersF0	0
digT0	1	digF0	0
interiaF0	1	interiaT0	0
ntractF0	2	ntractT0	0
pileT0	3	pileF0	0
desperationF0	1	desperationT0	0
obligedF0	4	obligedT0	0
gehrigT0	1	gehrigF0	0
maurinF0	1	maurinT0	0
eroT2	8	eroF2	0
solicitationF0	7	solicitationT0	0
geographicalF0	4	geographicalT0	0
fotoF0	3	fotoT0	0
synT2	1	synF2	0
acquisitionsT0	3	acquisitionsF0	0
staF4	329	staT4	0
surveyingT0	2	surveyingF0	0
weddingT0	3	weddingF0	0
bacT4	50	bacF4	0
gmtT0	1	gmtF0	0
offshoreF0	8	offshoreT0	0
mbT1	17	mbF1	0
hosF2	1	hosT2	0
enuF4	1	enuT4	0
beninmapT0	1	beninmapF0	0
bendelT0	2	bendelF0	0
titledF0	1	titledT0	0
patiosF0	1	patiosT0	0
upsT4	2	upsF4	0
valsF0	2	valsT0	0
madagascarmapT0	2	madagascarmapF0	0
szT1	2	szF1	0
mbaT4	1	mbaF4	0
slotF0	2	slotT0	0
upeF2	4	upeT2	0
canneryF0	1	canneryT0	0
pissedF0	2	pissedT0	0
talkF0	16	talkT0	0
milconT0	3	milconF0	0
achievementsF0	1	achievementsT0	0
reedT0	4	reedF0	0
sliF4	26	sliT4	0
sefF4	1	sefT4	0
clickT0	65	clickF0	0
asturiasF0	1	asturiasT0	0
junglesF0	1	junglesT0	0
jiF1	2	jiT1	0
readjustmentF0	1	readjustmentT0	0
basF2	6	basT2	0
dceF2	1	dceT2	0
pioF4	7	pioT4	0
butlerT0	2	butlerF0	0
coordinatorT0	1	coordinatorF0	0
havaT0	1	havaF0	0
kiwiT0	2	kiwiF0	0
sehF2	5	sehT2	0
dropsF0	2	dropsT0	0
printsF0	6	printsT0	0
ilaF2	3	ilaT2	0
rebirthT0	1	rebirthF0	0
covF4	40	covT4	0
foregoingT0	5	foregoingF0	0
willieT0	1	willieF0	0
welfareT0	1	welfareF0	0
boyF2	6	boyT2	0
yessssF0	1	yessssT0	0
imagineF0	3	imagineT0	0
bundleT0	4	bundleF0	0
wevF4	1	wevT4	0
singlyF0	1	singlyT0	0
visibilityF0	13	visibilityT0	0
lamT4	14	lamF4	0
chanF0	1	chanT0	0
articleF0	13	articleT0	0
vrtF4	1	vrtT4	0
oevF2	1	oevT2	0
existeF0	2	existeT0	0
elyF2	137	elyT2	0
applyT0	1	applyF0	0
alexanderT0	1	alexanderF0	0
virtuallyT0	1	virtuallyF0	0
jovovichF0	1	jovovichT0	0
fieF4	36	fieT4	0
joT1	2	joF1	0
foggyF0	1	foggyT0	0
pegT2	3	pegF2	0
payF2	11	payT2	0
bustT0	1	bustF0	0
hwyT4	3	hwyF4	0
rsF3	20	rsT3	0
comfyF0	1	comfyT0	0
acisT0	1	acisF0	0
odsT2	9	odsF2	0
baggageF0	1	baggageT0	0
tueT4	18	tueF4	0
cookieT0	3	cookieF0	0
sacherF0	1	sacherT0	0
rdtF2	2	rdtT2	0
cavT4	18	cavF4	0
shovelsF0	1	shovelsT0	0
uilF2	1	uilT2	0
siF2	11	siT2	0
lallyT0	1	lallyF0	0
planoT0	4	planoF0	0
gidT0	1	gidF0	0
hitsF0	1	hitsT0	0
epiF4	28	epiT4	0
businessT0	13	businessF0	0
prairieT0	1	prairieF0	0
ngaF2	10	ngaT2	0
geologyT0	1	geologyF0	0
breathF0	2	breathT0	0
ersF2	741	ersT2	0
menF2	62	menT2	0
neeF0	1	neeT0	0
rtF2	10	rtT2	0
presidentF0	1	presidentT0	0
attheF0	2	attheT0	0
teuT4	1	teuF4	0
vaT3	95	vaF3	0
jusF4	134	jusT4	0
ealT2	34	ealF2	0
impT2	2	impF2	0
pubishedF0	1	pubishedT0	0
pspadriveT0	1	pspadriveF0	0
claT4	63	claF4	0
contribuisciF0	1	contribuisciT0	0
trailersT0	1	trailersF0	0
jamieF0	1	jamieT0	0
riaT2	27	riaF2	0
jdT2	2	jdF2	0
axT1	30	axF1	0
playtechT0	1	playtechF0	0
quicklyT0	1	quicklyF0	0
depositT0	1	depositF0	0
establishedT0	3	establishedF0	0
regulationT0	10	regulationF0	0
occasionalstreamingF0	5	occasionalstreamingT0	0
appleT0	4	appleF0	0
widT4	9	widF4	0
negT4	13	negF4	0
cazorlaT0	1	cazorlaF0	0
cubT4	6	cubF4	0
decideT0	4	decideF0	0
llhF2	1	llhT2	0
colorsF0	2	colorsT0	0
dupeF0	1	dupeT0	0
faiT4	12	faiF4	0
morelletT0	2	morelletF0	0
gliT2	1	gliF2	0
edgT4	3	edgF4	0
rightgovernmentalT0	1	rightgovernmentalF0	0
economicsT0	1	economicsF0	0
inducedF0	3	inducedT0	0
dsoT2	1	dsoF2	0
sebT4	2	sebF4	0
ebeF2	1	ebeT2	0
fdF0	4	fdT0	0
nationalF0	27	nationalT0	0
cutieT0	1	cutieF0	0
ngiF4	17	ngiT4	0
neverthelessF0	1	neverthelessT0	0
ideT2	111	ideF2	0
pfgcT0	1	pfgcF0	0
slidingF0	1	slidingT0	0
mlT1	14	mlF1	0
kelT2	1	kelF2	0
huiT2	1	huiF2	0
royT2	2	royF2	0
seahwawksT0	1	seahwawksF0	0
iwtF2	1	iwtT2	0
engT4	110	engF4	0
reprovesF0	1	reprovesT0	0
martineT0	1	martineF0	0
jeeF4	2	jeeT4	0
fcaF4	1	fcaT4	0
ssbT0	2	ssbF0	0
deleF0	1	deleT0	0
mgF0	5	mgT0	0
veryT0	5	veryF0	0
shaT2	3	shaF2	0
acollapsedF0	1	acollapsedT0	0
verreF0	1	verreT0	0
summaryF0	2	summaryT0	0
glassesF0	3	glassesT0	0
baT3	438	baF3	0
homT4	40	homF4	0
delightfulF0	1	delightfulT0	0
victoryF0	3	victoryT0	0
troublingF0	1	troublingT0	0
loadT0	2	loadF0	0
nigF4	42	nigT4	0
calculatorT0	1	calculatorF0	0
rntF2	11	rntT2	0
debaucheryF0	1	debaucheryT0	0
sevT4	4	sevF4	0
ihF3	1	ihT3	0
kneF4	20	kneT4	0
lizyT0	2	lizyF0	0
punctuationF0	3	punctuationT0	0
facilitateF0	5	facilitateT0	0
fcaT0	1	fcaF0	0
secondF0	15	secondT0	0
departmentphoneT0	1	departmentphoneF0	0
nailF0	1	nailT0	0
ajaF2	3	ajaT2	0
acceptT0	20	acceptF0	0
nowF2	263	nowT2	0
horrorF0	1	horrorT0	0
copenhagenT0	1	copenhagenF0	0
apyF2	9	apyT2	0
nouF4	11	nouT4	0
hquT4	12	hquF4	0
jaiT0	2	jaiF0	0
haloF0	2	haloT0	0
teaT4	15	teaF4	0
optometriaT0	1	optometriaF0	0
comorosT0	1	comorosF0	0
bucT4	15	bucF4	0
shortF0	23	shortT0	0
pusT4	2	pusF4	0
ignF4	34	ignT4	0
eritreaT0	1	eritreaF0	0
dictionariesF0	1	dictionariesT0	0
sixF2	12	sixT2	0
applicantT0	1	applicantF0	0
nuoT0	1	nuoF0	0
lostF0	7	lostT0	0
collectT0	3	collectF0	0
afeF2	18	afeT2	0
bixaF0	1	bixaT0	0
personalT0	11	personalF0	0
focusesF0	3	focusesT0	0
bodyF0	13	bodyT0	0
ozaF2	1	ozaT2	0
legF0	1	legT0	0
xcF3	1	xcT3	0
kenF4	3	kenT4	0
mtuF0	1	mtuT0	0
madT2	2	madF2	0
pyramidF0	2	pyramidT0	0
abilityF0	12	abilityT0	0
bgF1	2	bgT1	0
importanceF0	2	importanceT0	0
powF0	5	powT0	0
epiphoneT0	4	epiphoneF0	0
bhagtheranF0	1	bhagtheranT0	0
cloF4	63	cloT4	0
commanderF0	1	commanderT0	0
teT1	618	teF1	0
wedF2	40	wedT2	0
captureT0	1	captureF0	0
wesleyanT0	1	wesleyanF0	0
mcxT0	4	mcxF0	0
sfT1	6	sfF1	0
setF0	58	setT0	0
useridF0	28	useridT0	0
vagF4	4	vagT4	0
tiponT0	1	tiponF0	0
jasF4	1	jasT4	0
lowT0	1	lowF0	0
grangeT0	1	grangeF0	0
idyT2	1	idyF2	0
freedomT0	3	freedomF0	0
pgT3	11	pgF3	0
yetF4	16	yetT4	0
safT4	17	safF4	0
violentlyF0	2	violentlyT0	0
furoshikiT0	2	furoshikiF0	0
cellT0	3	cellF0	0
referringF0	1	referringT0	0
yjT1	1	yjF1	0
diapersF0	1	diapersT0	0
inT3	738	inF3	0
mixT4	1	mixF4	0
lucT4	2	lucF4	0
technologyT0	8	technologyF0	0
spaT4	56	spaF4	0
