edF0	2	edT0	0
instinctsF0	2	instinctsT0	0
aiaF2	2	aiaT2	0
bobT0	2	bobF0	0
quaF4	53	quaT4	0
dreadfulF0	1	dreadfulT0	0
palT0	1	palF0	0
hittingF0	1	hittingT0	0
proT0	11	proF0	0
aeuT2	1	aeuF2	0
shownF0	10	shownT0	0
dupuyT0	1	dupuyF0	0
prostituiF0	1	prostituiT0	0
brandT0	1	brandF0	0
taliaT0	1	taliaF0	0
ewF1	341	ewT1	0
caeF4	7	caeT4	0
distributedF0	2	distributedT0	0
mauritiusT0	1	mauritiusF0	0
ffyT2	2	ffyF2	0
offsetF0	3	offsetT0	0
fastbackF0	2	fastbackT0	0
hurtadoT0	2	hurtadoF0	0
cathodicT0	2	cathodicF0	0
nipplesT0	1	nipplesF0	0
perhapsT0	11	perhapsF0	0
cameraF0	10	cameraT0	0
xtT1	19	xtF1	0
includesT0	9	includesF0	0
linT4	104	linF4	0
rdoT2	3	rdoF2	0
osT1	70	osF1	0
triT2	4	triF2	0
bergerF0	1	bergerT0	0
cieT2	1	cieF2	0
francsF0	1	francsT0	0
needfulF0	1	needfulT0	0
egT3	8	egF3	0
behT4	3	behF4	0
privatizationsF0	2	privatizationsT0	0
escT2	2	escF2	0
criminalT0	1	criminalF0	0
uldT2	10	uldF2	0
mailF0	31	mailT0	0
potteryF0	2	potteryT0	0
vpF1	3	vpT1	0
hostedF0	3	hostedT0	0
itensF0	1	itensT0	0
bathT0	3	bathF0	0
cretaT0	1	cretaF0	0
debtT0	6	debtF0	0
landingF0	1	landingT0	0
normanT0	2	normanF0	0
wasF0	406	wasT0	0
portaliF0	1	portaliT0	0
manuscriptsF0	2	manuscriptsT0	0
politeF0	1	politeT0	0
databasenF0	1	databasenT0	0
grtT4	1	grtF4	0
frncT0	1	frncF0	0
ckeF4	2	ckeT4	0
ntT1	786	ntF1	0
arF0	9	arT0	0
nudF4	27	nudT4	0
ogT3	2	ogF3	0
aigT2	2	aigF2	0
nryT2	5	nryF2	0
nutshellF0	1	nutshellT0	0
sooF4	19	sooT4	0
crocodilesT0	1	crocodilesF0	0
mykF4	1	mykT4	0
traceF0	2	traceT0	0
junT4	40	junF4	0
teachingF0	9	teachingT0	0
journalT0	6	journalF0	0
flagsT0	1	flagsF0	0
seatingT0	1	seatingF0	0
ravennaT0	9	ravennaF0	0
eaeF2	1	eaeT2	0
byrT4	1	byrF4	0
muchF0	97	muchT0	0
seemlyF0	1	seemlyT0	0
gestureF0	1	gestureT0	0
zedT4	1	zedF4	0
ogoT2	4	ogoF2	0
commandstoF0	5	commandstoT0	0
pathF0	13	pathT0	0
paymateT0	1	paymateF0	0
biloxiF0	2	biloxiT0	0
potentiallyF0	2	potentiallyT0	0
publikkapacitetF0	1	publikkapacitetT0	0
occhioF0	1	occhioT0	0
greatestT0	1	greatestF0	0
centralT0	27	centralF0	0
boxF2	86	boxT2	0
gmcF0	1	gmcT0	0
domainpatT0	1	domainpatF0	0
ithT2	100	ithF2	0
ekF3	2	ekT3	0
establishmentT0	1	establishmentF0	0
kaT3	68	kaF3	0
afF2	1	afT2	0
rolesF0	1	rolesT0	0
benefitF0	10	benefitT0	0
altogetherT0	1	altogetherF0	0
inlT4	2	inlF4	0
simracingworldT0	2	simracingworldF0	0
ivateF0	1	ivateT0	0
ranF0	3	ranT0	0
aT0	294	aF0	0
minoritiesF0	1	minoritiesT0	0
kasF2	2	kasT2	0
martyrF0	1	martyrT0	0
reconstructedF0	1	reconstructedT0	0
bothF0	39	bothT0	0
furT4	11	furF4	0
bondF0	3	bondT0	0
abbT4	3	abbF4	0
casnioF0	2	casnioT0	0
euF3	6	euT3	0
ginaT0	1	ginaF0	0
nobodyT0	2	nobodyF0	0
affiliateF0	1	affiliateT0	0
reklamaT0	1	reklamaF0	0
brightlyF0	1	brightlyT0	0
stickyF0	1	stickyT0	0
mayhemF0	1	mayhemT0	0
hnT3	1	hnF3	0
ontF4	12	ontT4	0
astoF0	1	astoT0	0
ctT2	3	ctF2	0
finF4	192	finT4	0
aveteF0	2	aveteT0	0
photographsF0	7	photographsT0	0
atmosphericF0	1	atmosphericT0	0
reactionF0	1	reactionT0	0
regulationsF0	4	regulationsT0	0
anastasiaT0	1	anastasiaF0	0
gaveF0	13	gaveT0	0
permafrostF0	1	permafrostT0	0
goalF0	4	goalT0	0
showF0	43	showT0	0
ribF4	2	ribT4	0
bionessT0	1	bionessF0	0
greneF0	1	greneT0	0
challsngeF0	1	challsngeT0	0
inpF4	9	inpT4	0
pinholeF0	1	pinholeT0	0
confessF0	1	confessT0	0
domenF0	1	domenT0	0
turnF0	10	turnT0	0
entradaF0	1	entradaT0	0
reservesF0	10	reservesT0	0
vezesF0	2	vezesT0	0
britneyF0	1	britneyT0	0
jifT4	2	jifF4	0
meaF4	75	meaT4	0
tationsmoveF0	1	tationsmoveT0	0
axbT2	1	axbF2	0
defaultF0	19	defaultT0	0
letT2	65	letF2	0
falF4	29	falT4	0
txT1	20	txF1	0
eltT2	6	eltF2	0
wowwikiT0	1	wowwikiF0	0
filestoredF0	1	filestoredT0	0
nniT2	6	nniF2	0
fabricantiF0	3	fabricantiT0	0
republicsT0	3	republicsF0	0
comentarioF0	1	comentarioT0	0
uumT4	1	uumF4	0
sobrakeF0	1	sobrakeT0	0
cateringT0	3	cateringF0	0
achievementT0	1	achievementF0	0
confirmationF0	2	confirmationT0	0
bamakoT0	2	bamakoF0	0
tiesF0	1	tiesT0	0
screwedF0	1	screwedT0	0
gentsT0	1	gentsF0	0
rtuF4	3	rtuT4	0
projectF0	30	projectT0	0
pstT4	3	pstF4	0
pesoF0	1	pesoT0	0
lenF2	4	lenT2	0
cherbuliezT0	1	cherbuliezF0	0
complianceT0	1	complianceF0	0
signoreT0	1	signoreF0	0
ueaT2	1	ueaF2	0
faireF0	2	faireT0	0
contributionsF0	3	contributionsT0	0
hillT0	8	hillF0	0
gosF2	2	gosT2	0
rkF0	6	rkT0	0
updatedT0	6	updatedF0	0
ventureF0	1	ventureT0	0
atlantaT0	4	atlantaF0	0
pressT0	3	pressF0	0
princeF0	3	princeT0	0
pptonF0	2	pptonT0	0
meshF0	2	meshT0	0
uoyF2	4	uoyT2	0
topF2	53	topT2	0
fixF4	14	fixT4	0
gusT2	2	gusF2	0
teamT0	6	teamF0	0
viennaT0	1	viennaF0	0
reklaamT0	1	reklaamF0	0
farthestF0	1	farthestT0	0
blameF0	1	blameT0	0
appealingF0	1	appealingT0	0
pavingF0	2	pavingT0	0
pubicF0	3	pubicT0	0
vadiaF0	1	vadiaT0	0
waterproofT0	2	waterproofF0	0
elseT0	1	elseF0	0
halF2	2	halT2	0
rrealtorF0	1	rrealtorT0	0
kulturhuslederF0	1	kulturhuslederT0	0
abT2	3	abF2	0
cuT1	2	cuF1	0
lvoF4	1	lvoT4	0
applauseF0	1	applauseT0	0
eptF2	29	eptT2	0
counthF0	1	counthT0	0
ecsT2	1	ecsF2	0
brandywineF0	1	brandywineT0	0
thuF4	20	thuT4	0
widgetsF0	4	widgetsT0	0
twT2	1	twF2	0
forF4	1786	forT4	0
modifiedT0	68	modifiedF0	0
lolT0	2	lolF0	0
entreatF0	1	entreatT0	0
btT3	4	btF3	0
gisT4	6	gisF4	0
unT0	6	unF0	0
congressionalT0	1	congressionalF0	0
viewT0	37	viewF0	0
ralphT0	1	ralphF0	0
betT2	1	betF2	0
keiT4	2	keiF4	0
aqF1	2	aqT1	0
tripF0	22	tripT0	0
arbF2	1	arbT2	0
ffeT2	7	ffeF2	0
parliamentF0	1	parliamentT0	0
rexT2	1	rexF2	0
aprT4	44	aprF4	0
mustdownloadF0	1	mustdownloadT0	0
chlorobenzylT0	4	chlorobenzylF0	0
spauldingT0	1	spauldingF0	0
zbF1	1	zbT1	0
escortsF0	1	escortsT0	0
silenceF0	4	silenceT0	0
cfbF2	4	cfbT2	0
quiT2	1	quiF2	0
goT3	197	goF3	0
shelbuF0	1	shelbuT0	0
bordersF0	5	bordersT0	0
mackenzieF0	1	mackenzieT0	0
hrF3	16	hrT3	0
fitT4	22	fitF4	0
passengersT0	4	passengersF0	0
piercingF0	1	piercingT0	0
lisbonT0	9	lisbonF0	0
tooltipF0	5	tooltipT0	0
mumT2	16	mumF2	0
tandemF0	1	tandemT0	0
wiiF2	1	wiiT2	0
talentoF0	2	talentoT0	0
sympathyF0	3	sympathyT0	0
programmingT0	1	programmingF0	0
beverageF0	2	beverageT0	0
uayT2	1	uayF2	0
nyF0	4	nyT0	0
tilF2	28	tilT2	0
compoundF0	1	compoundT0	0
tepF2	25	tepT2	0
safeT0	2	safeF0	0
tunT4	16	tunF4	0
lizT2	1	lizF2	0
fixT0	1	fixF0	0
orphansF0	1	orphansT0	0
materielF0	6	materielT0	0
ourlistsF0	1	ourlistsT0	0
sufferingF0	1	sufferingT0	0
sekkelstenT0	1	sekkelstenF0	0
igneF0	1	igneT0	0
zeitschriftF0	1	zeitschriftT0	0
musicasT0	1	musicasF0	0
perT0	1	perF0	0
spansF0	1	spansT0	0
ciT3	131	ciF3	0
veF2	50	veT2	0
sxT2	2	sxF2	0
sariesF0	1	sariesT0	0
gardenersF0	1	gardenersT0	0
pohF4	1	pohT4	0
relationalT0	1	relationalF0	0
svpT2	1	svpF2	0
dadT0	7	dadF0	0
ozamisF0	1	ozamisT0	0
hrlemanT0	1	hrlemanF0	0
freewowT0	1	freewowF0	0
byF2	1203	byT2	0
materialT0	6	materialF0	0
actedF0	1	actedT0	0
thuT0	25	thuF0	0
dybuidingF0	1	dybuidingT0	0
thmF2	1	thmT2	0
mmunicatiF0	1	mmunicatiT0	0
ngtF2	1	ngtT2	0
chemistF0	1	chemistT0	0
seT1	383	seF1	0
tmvT4	1	tmvF4	0
vipT2	2	vipF2	0
stipulatedF0	1	stipulatedT0	0
rivF4	26	rivT4	0
maT1	30	maF1	0
akiF2	6	akiT2	0
managementF0	18	managementT0	0
bindingF0	1	bindingT0	0
erdT2	7	erdF2	0
dorT2	2	dorF2	0
gooT2	4	gooF2	0
centsF0	1	centsT0	0
jpgF0	3	jpgT0	0
practiceF0	7	practiceT0	0
tentT0	1	tentF0	0
ynF0	2	ynT0	0
plataformaT0	1	plataformaF0	0
instanteaF0	1	instanteaT0	0
badT2	9	badF2	0
vitalpartF0	2	vitalpartT0	0
clT0	2	clF0	0
mosT2	7	mosF2	0
robT4	6	robF4	0
amaT4	7	amaF4	0
oaF3	4	oaT3	0
approximatelyF0	3	approximatelyT0	0
dnF1	15	dnT1	0
foamF0	4	foamT0	0
alvT4	1	alvF4	0
politiciansT0	2	politiciansF0	0
jspT4	1	jspF4	0
maleT0	3	maleF0	0
marchF0	2	marchT0	0
mouF4	41	mouT4	0
amgF2	1	amgT2	0
proximityF0	3	proximityT0	0
stripyF0	1	stripyT0	0
realmF0	4	realmT0	0
packT0	2	packF0	0
delightedlyF0	1	delightedlyT0	0
lessF0	26	lessT0	0
cgiT0	2	cgiF0	0
atlasF0	2	atlasT0	0
annualF0	9	annualT0	0
onpT4	22	onpF4	0
settlementsiT0	1	settlementsiF0	0
sasF4	1	sasT4	0
osaT4	1	osaF4	0
purT4	12	purF4	0
lleF4	3	lleT4	0
ngdT4	1	ngdF4	0
dutT4	5	dutF4	0
ioT1	112	ioF1	0
entF4	153	entT4	0
draggabeT0	1	draggabeF0	0
mushrT0	1	mushrF0	0
tleT2	24	tleF2	0
ragnarokT0	2	ragnarokF0	0
beF2	589	beT2	0
cgiF4	1	cgiT4	0
delightF0	3	delightT0	0
tarT0	1	tarF0	0
sobreF0	4	sobreT0	0
narrowF0	2	narrowT0	0
muttsF0	1	muttsT0	0
permitT0	8	permitF0	0
vcT0	1	vcF0	0
aisF4	1	aisT4	0
ridingF0	2	ridingT0	0
conseilT0	3	conseilF0	0
discF0	2	discT0	0
lcdT0	2	lcdF0	0
tdT1	4	tdF1	0
kneeF0	4	kneeT0	0
humanF0	107	humanT0	0
ccaT2	3	ccaF2	0
thaF4	860	thaT4	0
froF4	648	froT4	0
orpF4	2	orpT4	0
emulatorT0	2	emulatorF0	0
fixyaT0	1	fixyaF0	0
apppointF0	1	apppointT0	0
hovT4	14	hovF4	0
cavingtoT0	1	cavingtoF0	0
swissF0	1	swissT0	0
mustangT0	15	mustangF0	0
pursuitsF0	1	pursuitsT0	0
ayeF2	6	ayeT2	0
conferencesT0	3	conferencesF0	0
lstF2	5	lstT2	0
sokT4	1	sokF4	0
verT4	29	verF4	0
urseF0	1	urseT0	0
promptsF0	1	promptsT0	0
ropF4	1	ropT4	0
topicT0	3	topicF0	0
forensicF0	1	forensicT0	0
fabT0	1	fabF0	0
kayT2	3	kayF2	0
texF4	70	texT4	0
quelF0	1	quelT0	0
iesF0	2	iesT0	0
clownT0	1	clownF0	0
makingF0	38	makingT0	0
ghostF0	1	ghostT0	0
tterF0	1	tterT0	0
antheaT0	1	antheaF0	0
fhilF0	1	fhilT0	0
usuayF0	1	usuayT0	0
ewsT2	90	ewsF2	0
ticketsT0	4	ticketsF0	0
savannahsT0	2	savannahsF0	0
popupsT0	2	popupsF0	0
chtF2	11	chtT2	0
lnF3	3	lnT3	0
fasteningF0	1	fasteningT0	0
rollingF0	2	rollingT0	0
yamF4	2	yamT4	0
rneT2	8	rneF2	0
devotchkaF0	3	devotchkaT0	0
jpF3	3	jpT3	0
burnF0	2	burnT0	0
basefF0	1	basefT0	0
fresnoT0	7	fresnoF0	0
ugF1	36	ugT1	0
ageF0	15	ageT0	0
ntkT4	1	ntkF4	0
diggingF0	1	diggingT0	0
oprahsT0	1	oprahsF0	0
pessoaF0	2	pessoaT0	0
gunsT0	3	gunsF0	0
hogenbergT0	1	hogenbergF0	0
amusedF0	1	amusedT0	0
recalibrationF0	1	recalibrationT0	0
taughtF0	3	taughtT0	0
rtF1	434	rtT1	0
skeT4	2	skeF4	0
lurF2	1	lurT2	0
nshF2	1	nshT2	0
carriersF0	6	carriersT0	0
naghahayagF0	1	naghahayagT0	0
abielT0	1	abielF0	0
olatheT0	1	olatheF0	0
hardwoodsF0	1	hardwoodsT0	0
fwwwF0	2	fwwwT0	0
injuryF0	3	injuryT0	0
ydrT2	1	ydrF2	0
bassT0	1	bassF0	0
specializationF0	1	specializationT0	0
jeT0	9	jeF0	0
wasestablishedF0	1	wasestablishedT0	0
fanF2	6	fanT2	0
sumF0	3	sumT0	0
psT0	12	psF0	0
braF2	1	braT2	0
phT1	13	phF1	0
fctF4	1	fctT4	0
heartsF0	1	heartsT0	0
cycF2	1	cycT2	0
ftF3	4	ftT3	0
wkT1	2	wkF1	0
idnT2	1	idnF2	0
stayF0	19	stayT0	0
portableF0	1	portableT0	0
bobbT0	1	bobbF0	0
fhoF4	2	fhoT4	0
disposalT0	1	disposalF0	0
forestF0	14	forestT0	0
wellsT0	3	wellsF0	0
hiF2	4	hiT2	0
shutterT0	2	shutterF0	0
concessionsF0	1	concessionsT0	0
coolF0	6	coolT0	0
happilyF0	1	happilyT0	0
skyT4	2	skyF4	0
zilT2	2	zilF2	0
orcsF0	1	orcsT0	0
dunF4	1	dunT4	0
departmentsT0	3	departmentsF0	0
bylF4	1	bylT4	0
disserviceF0	5	disserviceT0	0
survivT0	1	survivF0	0
delayT0	1	delayF0	0
vitaminsF0	1	vitaminsT0	0
aguirreF0	1	aguirreT0	0
thanksgivingT0	2	thanksgivingF0	0
deusesF0	1	deusesT0	0
firesideF0	1	firesideT0	0
imiF2	2	imiT2	0
panF2	5	panT2	0
tlT3	2	tlF3	0
informationaboutF0	1	informationaboutT0	0
ceolF0	1	ceolT0	0
zwtF4	1	zwtT4	0
hemmamatchernaT0	1	hemmamatchernaF0	0
seeminglyF0	1	seeminglyT0	0
corruptingF0	5	corruptingT0	0
driftersT0	1	driftersF0	0
feedsF0	2	feedsT0	0
peacefulT0	1	peacefulF0	0
originatingF0	2	originatingT0	0
keF3	141	keT3	0
blaT4	50	blaF4	0
rdsF2	166	rdsT2	0
permittingT0	1	permittingF0	0
nnaF4	2	nnaT4	0
tossF0	2	tossT0	0
evergreenT0	2	evergreenF0	0
pluginF0	2	pluginT0	0
gesF2	219	gesT2	0
loisirsT0	1	loisirsF0	0
specimensF0	1	specimensT0	0
eeoT4	1	eeoF4	0
annF4	51	annT4	0
duT0	1	duF0	0
voicesF0	3	voicesT0	0
disappearF0	1	disappearT0	0
mmunitiesF0	1	mmunitiesT0	0
tidesF0	1	tidesT0	0
faxF2	7	faxT2	0
revT4	37	revF4	0
rgfF2	1	rgfT2	0
olnF2	25	olnT2	0
hatF4	15	hatT4	0
kioT4	1	kioF4	0
datetimeF0	1	datetimeT0	0
dotT0	1	dotF0	0
faresF0	1	faresT0	0
eastF0	8	eastT0	0
collectionsF0	7	collectionsT0	0
ekaT2	1	ekaF2	0
eagesT0	1	eagesF0	0
toolpathF0	1	toolpathT0	0
annT0	9	annF0	0
attractionF0	2	attractionT0	0
ptoF2	1	ptoT2	0
frontierF0	1	frontierT0	0
attackerF0	1	attackerT0	0
tahF4	3	tahT4	0
marshT0	1	marshF0	0
deF0	159	deT0	0
bossdT0	2	bossdF0	0
eiT1	7	eiF1	0
spaciousF0	1	spaciousT0	0
lapT0	2	lapF0	0
watchF0	22	watchT0	0
telT2	7	telF2	0
bostonF0	3	bostonT0	0
kettleF0	1	kettleT0	0
printableT0	1	printableF0	0
newsT0	60	newsF0	0
hintT0	2	hintF0	0
innT2	3	innF2	0
rightnuachtnT0	1	rightnuachtnF0	0
thissectionT0	1	thissectionF0	0
oliverT0	1	oliverF0	0
productiveF0	3	productiveT0	0
zjaT2	1	zjaF2	0
acuT4	1	acuF4	0
bloggingF0	2	bloggingT0	0
iscF2	5	iscT2	0
gsuT2	13	gsuF2	0
fulfilsF0	2	fulfilsT0	0
plathT0	2	plathF0	0
labelsF0	1	labelsT0	0
howlerF0	1	howlerT0	0
flowedF0	1	flowedT0	0
spareF0	2	spareT0	0
zaireT0	1	zaireF0	0
compelledF0	1	compelledT0	0
ohnT2	10	ohnF2	0
entretenimentoF0	2	entretenimentoT0	0
stotalF0	1	stotalT0	0
urF0	46	urT0	0
artheritisF0	1	artheritisT0	0
watchingF0	7	watchingT0	0
essencialT0	1	essencialF0	0
riF2	2	riT2	0
deliverF0	3	deliverT0	0
registerT0	1	registerF0	0
icsF2	54	icsT2	0
twojeT0	1	twojeF0	0
alphabeticallyF0	2	alphabeticallyT0	0
fissureF0	1	fissureT0	0
sodiumF0	3	sodiumT0	0
hepatitisT0	1	hepatitisF0	0
suspectF0	2	suspectT0	0
faroeT0	2	faroeF0	0
lbsF0	3	lbsT0	0
mksF0	1	mksT0	0
belgiumT0	1	belgiumF0	0
penT4	3	penF4	0
hangarT0	2	hangarF0	0
diT2	7	diF2	0
bahamasT0	1	bahamasF0	0
tanT4	6	tanF4	0
systemF0	49	systemT0	0
ebtT2	7	ebtF2	0
labT4	8	labF4	0
toT0	192	toF0	0
wishesF0	5	wishesT0	0
bevF4	3	bevT4	0
myF1	280	myT1	0
buildingnoT0	1	buildingnoF0	0
sphericalF0	1	sphericalT0	0
ndsT2	94	ndsF2	0
jamaisF0	1	jamaisT0	0
vhsT0	1	vhsF0	0
directF0	13	directT0	0
runwaysF0	1	runwaysT0	0
ofrF4	3	ofrT4	0
parT4	159	parF4	0
deeperF0	7	deeperT0	0
unlockingtheT0	1	unlockingtheF0	0
geT3	158	geF3	0
gasT2	8	gasF2	0
authorT0	3	authorF0	0
poppingF0	2	poppingT0	0
interfaceF0	2	interfaceT0	0
ronT2	22	ronF2	0
llT1	343	llF1	0
ikaF2	3	ikaT2	0
prestigeF0	1	prestigeT0	0
curriculumF0	1	curriculumT0	0
ninT2	5	ninF2	0
newyorkF0	1	newyorkT0	0
exchangeF0	13	exchangeT0	0
caveT0	10	caveF0	0
airportsecurityT0	1	airportsecurityF0	0
igeF2	1	igeT2	0
facedF0	2	facedT0	0
smeT2	2	smeF2	0
roT2	1	roF2	0
todF4	37	todT4	0
hebT4	2	hebF4	0
yiaT4	3	yiaF4	0
htF1	283	htT1	0
eftF2	72	eftT2	0
titF4	30	titT4	0
readerT0	1	readerF0	0
nutT4	3	nutF4	0
seoT0	1	seoF0	0
alvarezT0	1	alvarezF0	0
oropendulaF0	2	oropendulaT0	0
subsidedF0	1	subsidedT0	0
sinkholeF0	1	sinkholeT0	0
customizedF0	3	customizedT0	0
lalT4	1	lalF4	0
gyT3	2	gyF3	0
videoF0	32	videoT0	0
faithfuF0	1	faithfuT0	0
textT0	5	textF0	0
lnguaF0	2	lnguaT0	0
edtT0	2	edtF0	0
nicsF0	1	nicsT0	0
gimF4	1	gimT4	0
phuT4	1	phuF4	0
cashT0	3	cashF0	0
stringF0	10	stringT0	0
psxT0	1	psxF0	0
gogF4	1	gogT4	0
catamaransF0	1	catamaransT0	0
phoF4	59	phoT4	0
ahF0	1	ahT0	0
presentingF0	1	presentingT0	0
vesselsF0	2	vesselsT0	0
miT3	238	miF3	0
cartographersF0	1	cartographersT0	0
wedgesT0	1	wedgesF0	0
cdF2	6	cdT2	0
bohT4	2	bohF4	0
startsF0	8	startsT0	0
leatherF0	1	leatherT0	0
enginesF0	3	enginesT0	0
ixT2	1	ixF2	0
developmentT0	12	developmentF0	0
omaF4	4	omaT4	0
oxytocinF0	1	oxytocinT0	0
agfaF0	2	agfaT0	0
graphyF0	1	graphyT0	0
mechanicalF0	1	mechanicalT0	0
bakedF0	1	bakedT0	0
intendsF0	1	intendsT0	0
skaF2	3	skaT2	0
nihF2	1	nihT2	0
fussF0	1	fussT0	0
snoutF0	1	snoutT0	0
uservarsT0	2	uservarsF0	0
rutF4	1	rutT4	0
usehF0	5	usehT0	0
virF4	12	virT4	0
amT1	246	amF1	0
caT1	212	caF1	0
fundadoF0	1	fundadoT0	0
ctdxT0	1	ctdxF0	0
vistaT0	1	vistaF0	0
chrF4	13	chrT4	0
rangeT0	3	rangeF0	0
talkinF0	1	talkinT0	0
mmF3	15	mmT3	0
againtheF0	1	againtheT0	0
swT3	23	swF3	0
nakedgarlicF0	1	nakedgarlicT0	0
blackfiveT0	1	blackfiveF0	0
syT1	5	syF1	0
dreamingF0	2	dreamingT0	0
emuF4	14	emuT4	0
statiF0	1	statiT0	0
rraT2	9	rraF2	0
seaT4	91	seaF4	0
decemberF0	1	decemberT0	0
hillbillyT0	1	hillbillyF0	0
spT0	6	spF0	0
botT2	1	botF2	0
giovanniT0	1	giovanniF0	0
valvesT0	3	valvesF0	0
iltF2	7	iltT2	0
acceptsF0	2	acceptsT0	0
bigtargetT0	14	bigtargetF0	0
churchT0	3	churchF0	0
monologueF0	1	monologueT0	0
yayF2	1	yayT2	0
emsT2	23	emsF2	0
canadianF0	1	canadianT0	0
hpeT0	10	hpeF0	0
companyT0	19	companyF0	0
ysT1	39	ysF1	0
teachF0	4	teachT0	0
harveyT0	1	harveyF0	0
nationalismF0	1	nationalismT0	0
emulateF0	1	emulateT0	0
talentedF0	5	talentedT0	0
areasclearT0	1	areasclearF0	0
configuringF0	1	configuringT0	0
optimizationT0	1	optimizationF0	0
gifsT0	2	gifsF0	0
sorryT0	8	sorryF0	0
xmbT0	1	xmbF0	0
fremadT0	1	fremadF0	0
gourdT0	1	gourdF0	0
betwixtT0	2	betwixtF0	0
everydayF0	7	everydayT0	0
kylerT0	1	kylerF0	0
foxT4	1	foxF4	0
anxF4	1	anxT4	0
blackT0	12	blackF0	0
ambassadorT0	1	ambassadorF0	0
kskF2	1	kskT2	0
roughF0	2	roughT0	0
cmF3	1	cmT3	0
yourT0	103	yourF0	0
infT0	1	infF0	0
suiF4	15	suiT4	0
revisionF0	7	revisionT0	0
leisF0	2	leisT0	0
establishT0	15	establishF0	0
bloggieT0	6	bloggieF0	0
authorshipF0	2	authorshipT0	0
terF0	4	terT0	0
nloF2	1	nloT2	0
installF0	15	installT0	0
drawingsF0	5	drawingsT0	0
bargeF0	1	bargeT0	0
gneroF0	1	gneroT0	0
vermilionF0	3	vermilionT0	0
battlesF0	1	battlesT0	0
lightsF0	5	lightsT0	0
altF0	1	altT0	0
validatingT0	1	validatingF0	0
droT2	16	droF2	0
janssoniusT0	1	janssoniusF0	0
bidT4	1	bidF4	0
improvesF0	1	improvesT0	0
casF0	1	casT0	0
gamesT0	40	gamesF0	0
conditioningT0	2	conditioningF0	0
fingerF0	4	fingerT0	0
brokerT0	1	brokerF0	0
akonT0	6	akonF0	0
ameF4	19	ameT4	0
convenientF0	8	convenientT0	0
ogyT2	23	ogyF2	0
crookedtreeT0	1	crookedtreeF0	0
ministerF0	1	ministerT0	0
nbcT0	2	nbcF0	0
ayaT2	71	ayaF2	0
companiesT0	14	companiesF0	0
boozeF0	2	boozeT0	0
birF4	93	birT4	0
tutorialsF0	1	tutorialsT0	0
broadcastingT0	1	broadcastingF0	0
suvsT0	1	suvsF0	0
augF4	2	augT4	0
yeagerT0	1	yeagerF0	0
notableF0	1	notableT0	0
ouoF2	1	ouoT2	0
tardF0	1	tardT0	0
mucT2	1	mucF2	0
andfF0	1	andfT0	0
glbtT0	1	glbtF0	0
phenomenaF0	1	phenomenaT0	0
repairingF0	2	repairingT0	0
thsT2	4	thsF2	0
ripF0	1	ripT0	0
ocelotsT0	1	ocelotsF0	0
dlyF2	28	dlyT2	0
guestbookF0	2	guestbookT0	0
ntentF0	1	ntentT0	0
ffsF2	4	ffsT2	0
inferredF0	2	inferredT0	0
dlcT0	1	dlcF0	0
topographyF0	1	topographyT0	0
mioT2	1	mioF2	0
bastardT0	1	bastardF0	0
wavedF0	2	wavedT0	0
discuterF0	1	discuterT0	0
uploadF0	4	uploadT0	0
photograhperF0	1	photograhperT0	0
totT4	10	totF4	0
aftT2	54	aftF2	0
aquF4	4	aquT4	0
vaguesF0	1	vaguesT0	0
cientF0	1	cientT0	0
nebraskaF0	1	nebraskaT0	0
kblT4	1	kblF4	0
mccF4	2	mccT4	0
balletsT0	1	balletsF0	0
edgeT0	2	edgeF0	0
tracyF0	1	tracyT0	0
elieT0	1	elieF0	0
importantlyF0	3	importantlyT0	0
pjiT4	1	pjiF4	0
thingsT0	18	thingsF0	0
fulF4	71	fulT4	0
micT4	27	micF4	0
fleetsF0	1	fleetsT0	0
outputT0	1	outputF0	0
baptistT0	1	baptistF0	0
rrF3	3	rrT3	0
hotF0	10	hotT0	0
intellicadT0	2	intellicadF0	0
dleF2	20	dleT2	0
rerF2	13	rerT2	0
unionT0	4	unionF0	0
americanaT0	1	americanaF0	0
emptyF0	9	emptyT0	0
errataT0	2	errataF0	0
defT4	42	defF4	0
renT2	10	renF2	0
olvF4	2	olvT4	0
gseF2	1	gseT2	0
sigT4	25	sigF4	0
iiF1	6	iiT1	0
pmF0	15	pmT0	0
jiangsuT0	13	jiangsuF0	0
allowF0	15	allowT0	0
sparkT0	1	sparkF0	0
funF2	52	funT2	0
amongstF0	4	amongstT0	0
famousF0	9	famousT0	0
bromobenzylT0	5	bromobenzylF0	0
registryT0	5	registryF0	0
bankruptF0	1	bankruptT0	0
batasF0	1	batasT0	0
chrisT0	1	chrisF0	0
wowF2	139	wowT2	0
hisherF0	1	hisherT0	0
atualizaesF0	1	atualizaesT0	0
usuallyT0	3	usuallyF0	0
whietF0	1	whietT0	0
internationalismF0	1	internationalismT0	0
shiedT0	2	shiedF0	0
batF0	1	batT0	0
bibF0	1	bibT0	0
eqT3	26	eqF3	0
rtraitsF0	1	rtraitsT0	0
undergroundF0	2	undergroundT0	0
nouvellesF0	4	nouvellesT0	0
visitorsT0	4	visitorsF0	0
representsF0	2	representsT0	0
idT2	10	idF2	0
dreamF0	7	dreamT0	0
favouriteF0	1	favouriteT0	0
oemF0	1	oemT0	0
immT4	15	immF4	0
pavF4	5	pavT4	0
germanyT0	10	germanyF0	0
palF4	13	palT4	0
navigatorF0	3	navigatorT0	0
usaF2	4	usaT2	0
bladesfistF0	1	bladesfistT0	0
addF4	194	addT4	0
wendyT0	1	wendyF0	0
idahoF0	1	idahoT0	0
floorsF0	3	floorsT0	0
thoughtfullyF0	1	thoughtfullyT0	0
dwvT0	1	dwvF0	0
moF1	39	moT1	0
snT2	1	snF2	0
deadliestF0	1	deadliestT0	0
shaftsT0	1	shaftsF0	0
cssF2	1	cssT2	0
coastalF0	11	coastalT0	0
dpsF4	1	dpsT4	0
earningsF0	1	earningsT0	0
uyF3	1	uyT3	0
casesT0	1	casesF0	0
interviewT0	2	interviewF0	0
informationthatF0	1	informationthatT0	0
eldF2	47	eldT2	0
dramaticT0	1	dramaticF0	0
mapvariousT0	1	mapvariousF0	0
umeF4	1	umeT4	0
eekF2	33	eekT2	0
recogniseF0	1	recogniseT0	0
resistanceT0	2	resistanceF0	0
acceleratedT0	2	acceleratedF0	0
rightcanadianT0	2	rightcanadianF0	0
mkT1	3	mkF1	0
ymF1	5	ymT1	0
themtoF0	1	themtoT0	0
investigationsT0	1	investigationsF0	0
gatheringF0	5	gatheringT0	0
scrollbarsF0	2	scrollbarsT0	0
intrinsicF0	1	intrinsicT0	0
sourceF0	14	sourceT0	0
relatedF0	30	relatedT0	0
routeF0	1	routeT0	0
fazF0	2	fazT0	0
sayT4	2	sayF4	0
songF0	4	songT0	0
mtT2	2	mtF2	0
mindedF0	3	mindedT0	0
dtT1	5	dtF1	0
ndaF4	5	ndaT4	0
chooseF0	21	chooseT0	0
rviF4	1	rviT4	0
watchesF0	3	watchesT0	0
bulT4	5	bulF4	0
mauT4	8	mauF4	0
dependentF0	3	dependentT0	0
fullT0	10	fullF0	0
accommodationsT0	1	accommodationsF0	0
lifestyleF0	4	lifestyleT0	0
acT1	29	acF1	0
challengeT0	34	challengeF0	0
sciF2	1	sciT2	0
amnestyT0	1	amnestyF0	0
vaT2	1	vaF2	0
throughoutF0	26	throughoutT0	0
aesT4	1	aesF4	0
russiaT0	3	russiaF0	0
movedT0	1	movedF0	0
wouldF0	108	wouldT0	0
querT0	1	querF0	0
addT0	9	addF0	0
reachingF0	3	reachingT0	0
rdqF4	5	rdqT4	0
collaborationT0	1	collaborationF0	0
aodhaT0	1	aodhaF0	0
breT4	13	breF4	0
ratF4	73	ratT4	0
dvF3	4	dvT3	0
laptopsF0	1	laptopsT0	0
photosF0	10	photosT0	0
instantF0	6	instantT0	0
artT0	21	artF0	0
gtF2	95	gtT2	0
ltT3	6	ltF3	0
cioT2	10	cioF2	0
ustsT0	1	ustsF0	0
largerF0	7	largerT0	0
serviceT0	13	serviceF0	0
pginaT0	1	pginaF0	0
primedF0	1	primedT0	0
aggT4	1	aggF4	0
continuedF0	6	continuedT0	0
eichF0	1	eichT0	0
abandoneiF0	1	abandoneiT0	0
skipF0	1	skipT0	0
worldchangingT0	7	worldchangingF0	0
upF2	182	upT2	0
customaryF0	3	customaryT0	0
orlT4	1	orlF4	0
helT4	143	helF4	0
zulF4	1	zulT4	0
specialistT0	13	specialistF0	0
estranhasF0	1	estranhasT0	0
taylorT0	1	taylorF0	0
effortsF0	7	effortsT0	0
mohoT0	1	mohoF0	0
spywareF0	3	spywareT0	0
logisticalF0	1	logisticalT0	0
merryT0	1	merryF0	0
quotesF0	7	quotesT0	0
citizensexemptionsT0	1	citizensexemptionsF0	0
bedF2	28	bedT2	0
bdF3	1	bdT3	0
amharcealaonaT0	1	amharcealaonaF0	0
inscriptionsF0	1	inscriptionsT0	0
memF2	3	memT2	0
larF2	80	larT2	0
useT4	101	useF4	0
railwayF0	2	railwayT0	0
kiaF2	1	kiaT2	0
rstT2	29	rstF2	0
bleF4	7	bleT4	0
nipF4	1	nipT4	0
hydraulicT0	14	hydraulicF0	0
edmestonT0	1	edmestonF0	0
rikliF0	1	rikliT0	0
roseateF0	2	roseateT0	0
schoolsT0	2	schoolsF0	0
umetnostT0	1	umetnostF0	0
tenF4	43	tenT4	0
cartageF0	1	cartageT0	0
mtxT2	16	mtxF2	0
drugstoreherbalT0	1	drugstoreherbalF0	0
loomF0	1	loomT0	0
eulessT0	1	eulessF0	0
animalsF0	10	animalsT0	0
norT2	5	norF2	0
smithF0	2	smithT0	0
gladlyF0	1	gladlyT0	0
maeF4	1	maeT4	0
housingF0	5	housingT0	0
dhT3	6	dhF3	0
wwiT4	1	wwiF4	0
wseT2	7	wseF2	0
encodingdateT0	2	encodingdateF0	0
kearneyT0	1	kearneyF0	0
fluentlyF0	1	fluentlyT0	0
municipalwastewaterT0	1	municipalwastewaterF0	0
courtT0	7	courtF0	0
internationallyF0	4	internationallyT0	0
lovF4	68	lovT4	0
omiT2	2	omiF2	0
biologicalT0	1	biologicalF0	0
mgaF2	6	mgaT2	0
drinkerT0	1	drinkerF0	0
iyshT0	1	iyshF0	0
pedaoF0	4	pedaoT0	0
northwesternT0	1	northwesternF0	0
fishermenT0	1	fishermenF0	0
bremaT0	1	bremaF0	0
registrationT0	1	registrationF0	0
agaF4	62	agaT4	0
wvT0	2	wvF0	0
allT4	183	allF4	0
chiefF0	3	chiefT0	0
aocT0	1	aocF0	0
aeraF0	1	aeraT0	0
lulT4	1	lulF4	0
franceT0	7	franceF0	0
sachiiT0	1	sachiiF0	0
jaguarundisT0	1	jaguarundisF0	0
tofF2	3	tofT2	0
othersT0	19	othersF0	0
hackingT0	1	hackingF0	0
gioF2	6	gioT2	0
istenF0	3	istenT0	0
ceengineeringT0	2	ceengineeringF0	0
banT2	1	banF2	0
oddF0	1	oddT0	0
rryF2	23	rryT2	0
truF4	82	truT4	0
miaF0	1	miaT0	0
crdT4	1	crdF4	0
rinceF0	1	rinceT0	0
fasoT0	1	fasoF0	0
ocF1	6	ocT1	0
digartF0	1	digartT0	0
lhcF0	1	lhcT0	0
forinformationF0	1	forinformationT0	0
typicallyF0	4	typicallyT0	0
migF4	46	migT4	0
professionalF0	12	professionalT0	0
ecastingbarT0	1	ecastingbarF0	0
derT2	54	derF2	0
ckyF4	1	ckyT4	0
communicatedF0	1	communicatedT0	0
aabamaT0	1	aabamaF0	0
htmloutdoorT0	1	htmloutdoorF0	0
lockingF0	1	lockingT0	0
treesF0	7	treesT0	0
strawinskiT0	2	strawinskiF0	0
mirenT0	1	mirenF0	0
wisdomF0	1	wisdomT0	0
babT4	10	babF4	0
kilkennyT0	1	kilkennyF0	0
buildingsT0	1	buildingsF0	0
gamF2	1	gamT2	0
cpcsT0	3	cpcsF0	0
ppT3	1	ppF3	0
mississippiF0	1	mississippiT0	0
directoryT0	17	directoryF0	0
nvoF2	1	nvoT2	0
irishT0	5	irishF0	0
masF0	11	masT0	0
vtgF4	1	vtgT4	0
accT2	1	accF2	0
bryT4	4	bryF4	0
masksF0	3	masksT0	0
bunT2	2	bunF2	0
hoT2	1	hoF2	0
quoF0	1	quoT0	0
benytteF0	1	benytteT0	0
pasteF0	14	pasteT0	0
philadelphiaF0	1	philadelphiaT0	0
egyT2	3	egyF2	0
loaderT0	1	loaderF0	0
changesT0	2	changesF0	0
copyrightF0	12	copyrightT0	0
ievelT0	1	ievelF0	0
ishostedF0	1	ishostedT0	0
middletownT0	1	middletownF0	0
dualsT0	1	dualsF0	0
televisioonT0	1	televisioonF0	0
reassembleT0	1	reassembleF0	0
userswouldF0	1	userswouldT0	0
tadT4	2	tadF4	0
dizF4	2	dizT4	0
variousF0	28	variousT0	0
leaveF0	16	leaveT0	0
lclT2	2	lclF2	0
bubT4	4	bubF4	0
discussedF0	2	discussedT0	0
fetishT0	4	fetishF0	0
forT0	193	forF0	0
fighterT0	1	fighterF0	0
aceF4	4	aceT4	0
sauheradT0	2	sauheradF0	0
nerT2	49	nerF2	0
tvoT2	1	tvoF2	0
lynF2	1	lynT2	0
victoriaF0	1	victoriaT0	0
duasF0	2	duasT0	0
cakT4	1	cakF4	0
sicF2	48	sicT2	0
furthermoreT0	2	furthermoreF0	0
engineeringF0	9	engineeringT0	0
phaT4	20	phaF4	0
vuT2	2	vuF2	0
uasF2	4	uasT2	0
flF1	2	flT1	0
timelierF0	1	timelierT0	0
akoT2	2	akoF2	0
backyardF0	3	backyardT0	0
comingF0	27	comingT0	0
tranquilleF0	1	tranquilleT0	0
fcF0	8	fcT0	0
minutesF0	17	minutesT0	0
nreT2	2	nreF2	0
okaT2	1	okaF2	0
electT0	2	electF0	0
instructionsT0	3	instructionsF0	0
convenienceF0	2	convenienceT0	0
yieF4	4	yieT4	0
triumphF0	2	triumphT0	0
xliT4	1	xliF4	0
keeF2	1	keeT2	0
ywF1	1	ywT1	0
whpT2	2	whpF2	0
nxF1	15	nxT1	0
coF1	27	coT1	0
noF0	173	noT0	0
marsT0	1	marsF0	0
odhT2	1	odhF2	0
nellotticaT0	1	nellotticaF0	0
featuringT0	2	featuringF0	0
creechedF0	2	creechedT0	0
fisherT0	2	fisherF0	0
wouF4	114	wouT4	0
danF4	37	danT4	0
showingT0	1	showingF0	0
coaF4	38	coaT4	0
cantorasF0	1	cantorasT0	0
rilF4	1	rilT4	0
tetonsF0	1	tetonsT0	0
unacceptableF0	1	unacceptableT0	0
lanT2	15	lanF2	0
violenceF0	4	violenceT0	0
onF0	996	onT0	0
antiqueT0	2	antiqueF0	0
srbF4	1	srbT4	0
waT1	6	waF1	0
viejoT0	2	viejoF0	0
dichlorobenzaldehydeF0	3	dichlorobenzaldehydeT0	0
ociT2	1	ociF2	0
geospatialT0	1	geospatialF0	0
alpF4	4	alpT4	0
secT2	8	secF2	0
brockT0	1	brockF0	0
cooperativeF0	1	cooperativeT0	0
invariablyF0	1	invariablyT0	0
fluF4	4	fluT4	0
danT0	2	danF0	0
undiscoveryF0	1	undiscoveryT0	0
kosciuskoF0	1	kosciuskoT0	0
bagginsF0	1	bagginsT0	0
styledF0	1	styledT0	0
tetT4	1	tetF4	0
birdwatcherF0	2	birdwatcherT0	0
basketballT0	1	basketballF0	0
theseF0	117	theseT0	0
barrierF0	11	barrierT0	0
vbT1	2	vbF1	0
hirT4	3	hirF4	0
girlsT0	7	girlsF0	0
generouslyF0	1	generouslyT0	0
developingF0	11	developingT0	0
benzeneF0	1	benzeneT0	0
giuliaT0	5	giuliaF0	0
touchesF0	1	touchesT0	0
ckT1	267	ckF1	0
vnyF2	2	vnyT2	0
personalsF0	11	personalsT0	0
infamouslyF0	1	infamouslyT0	0
brahminT0	1	brahminF0	0
jadT4	1	jadF4	0
distanceF0	8	distanceT0	0
gsmT0	1	gsmF0	0
pubF4	84	pubT4	0
zutT2	1	zutF2	0
frustratingF0	3	frustratingT0	0
stateT0	29	stateF0	0
osakaT0	1	osakaF0	0
hardT0	2	hardF0	0
tapirsT0	1	tapirsF0	0
reservoirT0	1	reservoirF0	0
gianT0	1	gianF0	0
ndF1	4774	ndT1	0
pistolF0	3	pistolT0	0
silkT0	2	silkF0	0
traF4	294	traT4	0
repudiateF0	1	repudiateT0	0
cayothoughT0	1	cayothoughF0	0
netF4	43	netT4	0
batidaF0	1	batidaT0	0
operationT0	1	operationF0	0
wwwF4	53	wwwT4	0
dedF0	1	dedT0	0
goodbyeF0	2	goodbyeT0	0
greenF0	22	greenT0	0
neitherT0	5	neitherF0	0
gugT4	3	gugF4	0
spdT0	1	spdF0	0
liberationF0	1	liberationT0	0
publishesF0	1	publishesT0	0
forgettingF0	1	forgettingT0	0
plaF4	417	plaT4	0
sprinklersT0	2	sprinklersF0	0
rtunitiesF0	1	rtunitiesT0	0
zenT4	4	zenF4	0
assesF0	1	assesT0	0
srF2	1	srT2	0
postgraduateF0	1	postgraduateT0	0
tcxT2	3	tcxF2	0
loeiT0	1	loeiF0	0
galleonsF0	2	galleonsT0	0
mordantF0	1	mordantT0	0
facilitydepositaryT0	1	facilitydepositaryF0	0
basilisksT0	1	basilisksF0	0
landscapeF0	3	landscapeT0	0
lettersT0	4	lettersF0	0
didntF0	9	didntT0	0
stF0	30	stT0	0
yF0	68	yT0	0
typicayF0	1	typicayT0	0
ardF0	2	ardT0	0
lacyT0	1	lacyF0	0
revolverF0	1	revolverT0	0
awfulF0	1	awfulT0	0
brickF0	1	brickT0	0
wwwT0	2	wwwF0	0
besidesT0	3	besidesF0	0
blackmonT0	1	blackmonF0	0
fruT4	1	fruF4	0
beaconsT0	1	beaconsF0	0
zinF4	3	zinT4	0
sumtimesF0	1	sumtimesT0	0
sawF0	17	sawT0	0
yyyT4	1	yyyF4	0
baselT0	1	baselF0	0
duplicateF0	1	duplicateT0	0
asteroidF0	1	asteroidT0	0
webcamF0	1	webcamT0	0
bcT0	7	bcF0	0
zzyT2	1	zzyF2	0
occupyF0	1	occupyT0	0
tatF2	8	tatT2	0
donF0	52	donT0	0
memoryT0	1	memoryF0	0
garyT0	8	garyF0	0
sponsoredT0	11	sponsoredF0	0
inxT2	1	inxF2	0
parkhalfT0	1	parkhalfF0	0
piadaF0	2	piadaT0	0
willsupplyF0	5	willsupplyT0	0
oftF2	3	oftT2	0
defineF0	2	defineT0	0
aheadT0	1	aheadF0	0
fancyF0	2	fancyT0	0
exhibitionT0	4	exhibitionF0	0
issT2	46	issF2	0
numberF0	69	numberT0	0
mentionedF0	7	mentionedT0	0
peculiarF0	1	peculiarT0	0
patioF0	1	patioT0	0
aucT4	2	aucF4	0
commyspaceT0	1	commyspaceF0	0
couT0	1	couF0	0
lendF0	5	lendT0	0
guaF4	21	guaT4	0
ssaF4	1	ssaT4	0
closesF0	2	closesT0	0
oumT0	1	oumF0	0
desafabaF0	1	desafabaT0	0
vendettaT0	2	vendettaF0	0
extremistF0	1	extremistT0	0
siegeT0	1	siegeF0	0
carsT0	20	carsF0	0
chargingF0	1	chargingT0	0
amazingF0	14	amazingT0	0
fabF4	18	fabT4	0
hopF4	38	hopT4	0
envF2	1	envT2	0
dryT2	2	dryF2	0
citiesF0	12	citiesT0	0
rpT1	5	rpF1	0
imsF2	5	imsT2	0
ppsF2	3	ppsT2	0
excuseT0	1	excuseF0	0
orT2	43	orF2	0
spokaneT0	1	spokaneF0	0
summonF0	1	summonT0	0
mayasT0	2	mayasF0	0
reT2	12	reF2	0
hadF0	140	hadT0	0
whichT0	3	whichF0	0
sataT0	2	sataF0	0
utimateF0	2	utimateT0	0
liesF0	5	liesT0	0
egeT2	16	egeF2	0
rentalsT0	3	rentalsF0	0
reassuringF0	1	reassuringT0	0
truthF0	7	truthT0	0
rallyeT0	1	rallyeF0	0
antT4	15	antF4	0
utilaT0	1	utilaF0	0
hopT0	1	hopF0	0
mmeF2	2	mmeT2	0
breakfastT0	2	breakfastF0	0
crisisF0	4	crisisT0	0
snowboardF0	1	snowboardT0	0
crawlersF0	2	crawlersT0	0
sisT2	40	sisF2	0
blianaF0	1	blianaT0	0
arbiterF0	1	arbiterT0	0
sourireF0	1	sourireT0	0
uuT3	1	uuF3	0
injureF0	1	injureT0	0
lagoonactunT0	1	lagoonactunF0	0
gordaT0	10	gordaF0	0
ecF1	5	ecT1	0
hipF0	4	hipT0	0
driftT0	1	driftF0	0
peasT0	3	peasF0	0
pedT4	16	pedF4	0
gamesavorT0	1	gamesavorF0	0
mpareF0	4	mpareT0	0
laughingF0	4	laughingT0	0
adfF2	1	adfT2	0
febF0	1	febT0	0
msT3	9	msF3	0
realtimeT0	1	realtimeF0	0
athF4	4	athT4	0
uthF4	2	uthT4	0
bboF4	1	bboT4	0
jqlF4	4	jqlT4	0
namespaceF0	2	namespaceT0	0
ebootT0	1	ebootF0	0
defendedF0	1	defendedT0	0
mannerF0	12	mannerT0	0
personalizadaF0	1	personalizadaT0	0
grayT0	2	grayF0	0
rtaF4	3	rtaT4	0
runF0	20	runT0	0
ravF2	1	ravT2	0
editiT0	3	editiF0	0
prevT0	1	prevF0	0
donationsT0	2	donationsF0	0
akT3	10	akF3	0
extraordinarilyF0	1	extraordinarilyT0	0
nuncaF0	2	nuncaT0	0
lcT0	2	lcF0	0
leawoodT0	3	leawoodF0	0
flaF4	52	flaT4	0
voleteT0	1	voleteF0	0
thunderbirdT0	1	thunderbirdF0	0
ycF1	2	ycT1	0
roxT2	2	roxF2	0
testedF0	6	testedT0	0
cartsF0	3	cartsT0	0
investorsF0	10	investorsT0	0
hundimientF0	1	hundimientT0	0
bbT1	3	bbF1	0
customizeT0	1	customizeF0	0
jcT2	1	jcF2	0
nlyF2	200	nlyT2	0
clubsT0	2	clubsF0	0
requestT0	5	requestF0	0
goldenF0	1	goldenT0	0
steadilyF0	3	steadilyT0	0
rgbT2	1	rgbF2	0
sylvanF0	1	sylvanT0	0
fedT4	7	fedF4	0
yesF4	12	yesT4	0
rightsF0	15	rightsT0	0
boringF0	1	boringT0	0
pteF2	2	pteT2	0
distribT0	2	distribF0	0
toolbarT0	1	toolbarF0	0
jackF0	4	jackT0	0
adrianT0	1	adrianF0	0
uplF4	8	uplT4	0
invitationF0	3	invitationT0	0
courseF0	33	courseT0	0
meuT0	1	meuF0	0
teutonicT0	1	teutonicF0	0
additionalT0	2	additionalF0	0
ultimasF0	1	ultimasT0	0
dubT2	2	dubF2	0
informingF0	2	informingT0	0
ifT0	163	ifF0	0
xbF3	67	xbT3	0
presidentsT0	1	presidentsF0	0
everyT0	11	everyF0	0
bossF0	3	bossT0	0
pruT4	5	pruF4	0
withtheF0	5	withtheT0	0
contractorF0	2	contractorT0	0
convertT0	3	convertF0	0
marriT0	1	marriF0	0
nuusbrieweT0	1	nuusbrieweF0	0
breakawayF0	1	breakawayT0	0
miyT2	1	miyF2	0
affectionF0	1	affectionT0	0
ferraraT0	1	ferraraF0	0
leF2	17	leT2	0
aldT2	2	aldF2	0
vjeT2	1	vjeF2	0
latinaT0	1	latinaF0	0
glueF0	2	glueT0	0
fferingF0	4	fferingT0	0
agF1	28	agT1	0
varF2	78	varT2	0
tbT3	7	tbF3	0
rapT4	7	rapF4	0
kirkbankT0	2	kirkbankF0	0
punishingF0	1	punishingT0	0
xyumnfF0	1	xyumnfT0	0
jiangT0	1	jiangF0	0
notT0	26	notF0	0
bonitoF0	2	bonitoT0	0
aasF2	1	aasT2	0
reviewsT0	7	reviewsF0	0
hugeT0	1	hugeF0	0
traT0	2	traF0	0
kasperskyF0	1	kasperskyT0	0
extF4	82	extT4	0
rfcT2	1	rfcF2	0
atticF0	1	atticT0	0
modsT0	2	modsF0	0
strT2	7	strF2	0
levF4	37	levT4	0
professionistsF0	1	professionistsT0	0
leventhalT0	1	leventhalF0	0
lapF4	2	lapT4	0
ornT2	7	ornF2	0
urlF2	3	urlT2	0
faceF0	8	faceT0	0
audiF0	1	audiT0	0
interlibraryF0	2	interlibraryT0	0
congratsT0	1	congratsF0	0
ugiT2	1	ugiF2	0
insetF0	1	insetT0	0
reachcerrosT0	1	reachcerrosF0	0
beamT0	1	beamF0	0
flapF0	1	flapT0	0
gatherF0	5	gatherT0	0
mieT2	2	mieF2	0
inspiringT0	1	inspiringF0	0
arbeiderpartietT0	2	arbeiderpartietF0	0
napF2	2	napT2	0
ftwF4	3	ftwT4	0
lotT2	6	lotF2	0
conservationF0	6	conservationT0	0
yaF3	9	yaT3	0
lipT2	4	lipF2	0
wokF4	1	wokT4	0
retreatF0	2	retreatT0	0
beforeT0	10	beforeF0	0
rzwT2	1	rzwF2	0
okF3	1	okT3	0
cpxF0	2	cpxT0	0
conventionF0	3	conventionT0	0
architecturalT0	2	architecturalF0	0
pvcF2	35	pvcT2	0
broT4	39	broF4	0
dernT0	1	dernF0	0
kieT4	1	kieF4	0
referenceF0	5	referenceT0	0
observesF0	1	observesT0	0
kkiF2	5	kkiT2	0
economicallyF0	1	economicallyT0	0
regulatorT0	1	regulatorF0	0
kbT2	1	kbF2	0
tpiT4	1	tpiF4	0
owwF2	2	owwT2	0
fnuF2	1	fnuT2	0
uT0	85	uF0	0
hhF3	1	hhT3	0
paintsF0	1	paintsT0	0
igcF4	1	igcT4	0
fundF0	5	fundT0	0
extT0	2	extF0	0
dotF4	5	dotT4	0
dixT2	2	dixF2	0
litF2	1	litT2	0
institutionsT0	2	institutionsF0	0
italianaF0	1	italianaT0	0
enterpriseF0	1	enterpriseT0	0
lvT1	3	lvF1	0
fundingF0	1	fundingT0	0
missedF0	7	missedT0	0
zinesF0	2	zinesT0	0
indT2	41	indF2	0
megT4	7	megF4	0
lirF4	1	lirT4	0
silverF0	2	silverT0	0
homeT0	23	homeF0	0
rtsT2	61	rtsF2	0
equityF0	3	equityT0	0
ptF3	1	ptT3	0
educatorF0	1	educatorT0	0
herF2	529	herT2	0
nalT2	169	nalF2	0
ugsT2	2	ugsF2	0
pheF4	8	pheT4	0
halperinT0	1	halperinF0	0
headsF0	1	headsT0	0
maisonT0	1	maisonF0	0
aplF4	2	aplT4	0
erosionF0	2	erosionT0	0
rogelioF0	1	rogelioT0	0
easilyF0	17	easilyT0	0
witnessT0	2	witnessF0	0
cxF2	1	cxT2	0
eauT2	7	eauF2	0
ninersT0	1	ninersF0	0
winnerF0	12	winnerT0	0
inspectorT0	1	inspectorF0	0
hivF4	1	hivT4	0
patriotF0	1	patriotT0	0
donorsF0	1	donorsT0	0
promotionF0	3	promotionT0	0
albumT0	3	albumF0	0
faF2	3	faT2	0
doxtaterT0	1	doxtaterF0	0
corbettT0	2	corbettF0	0
ggT1	7	ggF1	0
upvF4	2	upvT4	0
medievalF0	1	medievalT0	0
optF2	17	optT2	0
fabricanteT0	8	fabricanteF0	0
undT0	2	undF0	0
dalT2	3	dalF2	0
userF0	50	userT0	0
isuF4	2	isuT4	0
prospectsF0	1	prospectsT0	0
tacsF0	1	tacsT0	0
recalF0	1	recalT0	0
nonF0	25	nonT0	0
areaF0	53	areaT0	0
tiF0	3	tiT0	0
headwayF0	1	headwayT0	0
abrF2	1	abrT2	0
ridesT0	2	ridesF0	0
pmpT4	1	pmpF4	0
iewT2	67	iewF2	0
beaumontF0	1	beaumontT0	0
undF4	126	undT4	0
ubayT0	1	ubayF0	0
monmouthF0	1	monmouthT0	0
bendF0	2	bendT0	0
currentT0	6	currentF0	0
ddF1	33	ddT1	0
ehT2	22	ehF2	0
velF4	3	velT4	0
reimbursableF0	4	reimbursableT0	0
foiaT0	1	foiaF0	0
malimapT0	2	malimapF0	0
compensateF0	1	compensateT0	0
ekyF2	1	ekyT2	0
vidT4	32	vidF4	0
skiF4	44	skiT4	0
missionsT0	1	missionsF0	0
howlsF0	1	howlsT0	0
kmT1	2	kmF1	0
videostreamingF0	2	videostreamingT0	0
amyF4	3	amyT4	0
vermintF0	2	vermintT0	0
mountF0	6	mountT0	0
routinelyF0	1	routinelyT0	0
wwF3	55	wwT3	0
earlyF0	21	earlyT0	0
williamF0	1	williamT0	0
yuF3	2	yuT3	0
justifiedF0	3	justifiedT0	0
idvoteF0	1	idvoteT0	0
sekT4	2	sekF4	0
hissF0	1	hissT0	0
fifthF0	6	fifthT0	0
ceuF4	3	ceuT4	0
nmF2	1	nmT2	0
livrosF0	7	livrosT0	0
akaF0	1	akaT0	0
devF2	8	devT2	0
owiT2	1	owiF2	0
pluF4	29	pluT4	0
ccF3	3	ccT3	0
rubF2	1	rubT2	0
mandolinsF0	1	mandolinsT0	0
ruinedF0	2	ruinedT0	0
passingT0	1	passingF0	0
moviesF0	4	moviesT0	0
seeksF0	1	seeksT0	0
acaT4	6	acaF4	0
imoT2	12	imoF2	0
aweF4	8	aweT4	0
documentT0	3	documentF0	0
etlT2	1	etlF2	0
swaF0	1	swaT0	0
hedT2	7	hedF2	0
michealF0	1	michealT0	0
typeofF0	4	typeofT0	0
aimF0	2	aimT0	0
followF0	15	followT0	0
vorstellungT0	1	vorstellungF0	0
lockT0	3	lockF0	0
vorT4	2	vorF4	0
narF0	1	narT0	0
stampF0	1	stampT0	0
participaF0	1	participaT0	0
moveF0	11	moveT0	0
unconsciousF0	1	unconsciousT0	0
belmopanonT0	1	belmopanonF0	0
enF0	25	enT0	0
yusT4	1	yusF4	0
deptF0	2	deptT0	0
schematicT0	1	schematicF0	0
lvlsF0	1	lvlsT0	0
cauT4	11	cauF4	0
makesT0	2	makesF0	0
getsT0	1	getsF0	0
trainedF0	8	trainedT0	0
oueF2	1	oueT2	0
processesF0	3	processesT0	0
nepT4	1	nepF4	0
closureT0	2	closureF0	0
buzF4	1	buzT4	0
officesT0	1	officesF0	0
anywhereF0	12	anywhereT0	0
lessonsF0	1	lessonsT0	0
ceerT0	1	ceerF0	0
wroteT0	1	wroteF0	0
nurtureF0	1	nurtureT0	0
rnsF2	21	rnsT2	0
libraryF0	65	libraryT0	0
scoT2	8	scoF2	0
freelanceF0	3	freelanceT0	0
outilT0	1	outilF0	0
camposT0	1	camposF0	0
districttheT0	1	districttheF0	0
odlF2	1	odlT2	0
popularT0	3	popularF0	0
hinF2	73	hinT2	0
fotografiasF0	2	fotografiasT0	0
examinationF0	3	examinationT0	0
petF2	6	petT2	0
ffT3	3	ffF3	0
encodingT0	32	encodingF0	0
zsvT2	1	zsvF2	0
photoblogsT0	1	photoblogsF0	0
sailingT0	1	sailingF0	0
barnhamT0	1	barnhamF0	0
yearT0	7	yearF0	0
mantaT0	2	mantaF0	0
nbcF4	1	nbcT4	0
quiviraT0	1	quiviraF0	0
communiplexaddressT0	1	communiplexaddressF0	0
uoF3	1	uoT3	0
viceT0	1	viceF0	0
preparedF0	5	preparedT0	0
augT0	8	augF0	0
agencyT0	8	agencyF0	0
disclosureF0	2	disclosureT0	0
eppT2	1	eppF2	0
nsfF4	2	nsfT4	0
sleepingF0	4	sleepingT0	0
bpmF2	1	bpmT2	0
bombaF0	1	bombaT0	0
easilyaccessibleF0	1	easilyaccessibleT0	0
withinF0	68	withinT0	0
horF2	14	horT2	0
fafF0	1	fafT0	0
awyF4	1	awyT4	0
motherT0	2	motherF0	0
headerF0	1	headerT0	0
displaysT0	3	displaysF0	0
trussesT0	1	trussesF0	0
simplicityF0	1	simplicityT0	0
attorneysF0	1	attorneysT0	0
violationF0	1	violationT0	0
mitchF0	1	mitchT0	0
ukeT2	5	ukeF2	0
extraitF0	1	extraitT0	0
exhibitF0	9	exhibitT0	0
impossibleF0	2	impossibleT0	0
wimT4	1	wimF4	0
publictransportationF0	1	publictransportationT0	0
anthonyT0	2	anthonyF0	0
replaceentF0	1	replaceentT0	0
bluT4	24	bluF4	0
questaT0	1	questaF0	0
hobT4	2	hobF4	0
sikF4	1	sikT4	0
weF1	208	weT1	0
caffaT0	1	caffaF0	0
alT2	1	alF2	0
slideF0	2	slideT0	0
superF0	6	superT0	0
inexperiencedF0	1	inexperiencedT0	0
remainedF0	5	remainedT0	0
pletchoesF0	1	pletchoesT0	0
movernosF0	1	movernosT0	0
aqsT2	2	aqsF2	0
emaF4	55	emaT4	0
pinF4	6	pinT4	0
barF2	31	barT2	0
representativeT0	1	representativeF0	0
gearT0	4	gearF0	0
tufT2	1	tufF2	0
dataaT0	1	dataaF0	0
cristinaT0	2	cristinaF0	0
protectF0	14	protectT0	0
prochargerT0	1	prochargerF0	0
proprioF0	1	proprioT0	0
cowF2	2	cowT2	0
quanityF0	3	quanityT0	0
lveT0	1	lveF0	0
brilliantF0	2	brilliantT0	0
gardenF0	4	gardenT0	0
minorityF0	5	minorityT0	0
afrT4	13	afrF4	0
oltT2	1	oltF2	0
seeT0	34	seeF0	0
fightsF0	1	fightsT0	0
rebT4	9	rebF4	0
priortoF0	2	priortoT0	0
packgingsT0	2	packgingsF0	0
comentaF0	1	comentaT0	0
ygT3	1	ygF3	0
vandasT0	1	vandasF0	0
avenuebookingT0	1	avenuebookingF0	0
mouseF0	10	mouseT0	0
acousticT0	1	acousticF0	0
crumblingF0	1	crumblingT0	0
superbT0	1	superbF0	0
priceF0	18	priceT0	0
landT0	26	landF0	0
fidF4	6	fidT4	0
rderF0	4	rderT0	0
sacrificeamT0	1	sacrificeamF0	0
maddeningF0	1	maddeningT0	0
orrF2	2	orrT2	0
enumerationF0	1	enumerationT0	0
hafT4	1	hafF4	0
basicsT0	16	basicsF0	0
bonjourF0	1	bonjourT0	0
interdependentF0	1	interdependentT0	0
khatriT0	1	khatriF0	0
shakiraT0	3	shakiraF0	0
hollywoodT0	2	hollywoodF0	0
difficileF0	2	difficileT0	0
favoritesT0	2	favoritesF0	0
parkerF0	1	parkerT0	0
hazT4	6	hazF4	0
arrayF0	6	arrayT0	0
langdonT0	1	langdonF0	0
zazifyF0	1	zazifyT0	0
sresT0	2	sresF0	0
igaT2	6	igaF2	0
strongT0	1	strongF0	0
whetherT0	9	whetherF0	0
eaF3	222	eaT3	0
jbT3	1	jbF3	0
offT2	14	offF2	0
fiT0	1	fiF0	0
indistinctF0	1	indistinctT0	0
factsF0	1	factsT0	0
seeingF0	10	seeingT0	0
retreatingF0	1	retreatingT0	0
onlineT0	41	onlineF0	0
ttaF2	5	ttaT2	0
tsinaT0	1	tsinaF0	0
launchesF0	1	launchesT0	0
wreathF0	1	wreathT0	0
lyrT4	1	lyrF4	0
esgF2	12	esgT2	0
gainesT0	1	gainesF0	0
omsT2	7	omsF2	0
thoseF0	45	thoseT0	0
bangorF0	2	bangorT0	0
desiresF0	1	desiresT0	0
etT0	16	etF0	0
terriblyF0	2	terriblyT0	0
lebF4	1	lebT4	0
ettT4	2	ettF4	0
sewT2	1	sewF2	0
revivedF0	1	revivedT0	0
rangerT0	1	rangerF0	0
modelT0	3	modelF0	0
forksF0	1	forksT0	0
artF4	115	artT4	0
aeF3	7	aeT3	0
centerT0	60	centerF0	0
esaT4	1	esaF4	0
addonsT0	8	addonsF0	0
akyT2	1	akyF2	0
trailsT0	1	trailsF0	0
rugerF0	1	rugerT0	0
drT3	132	drF3	0
weaF4	37	weaT4	0
turF4	34	turT4	0
saeT4	1	saeF4	0
queF0	100	queT0	0
offlineF0	1	offlineT0	0
jumaF0	1	jumaT0	0
reflectF0	5	reflectT0	0
wicT4	1	wicF4	0
externalT0	1	externalF0	0
avaitF0	1	avaitT0	0
auT3	171	auF3	0
jhF1	1	jhT1	0
tlyT2	16	tlyF2	0
mdF2	1	mdT2	0
uttF2	1	uttT2	0
bandwidthF0	2	bandwidthT0	0
compiledT0	2	compiledF0	0
butterfliesT0	1	butterfliesF0	0
eveningsT0	1	eveningsF0	0
souT4	56	souF4	0
seatF0	6	seatT0	0
xboF2	1	xboT2	0
nelF2	18	nelT2	0
remixesF0	1	remixesT0	0
operatorsF0	13	operatorsT0	0
volF4	24	volT4	0
shahsT0	1	shahsF0	0
keyF2	17	keyT2	0
onfT4	1	onfF4	0
printT0	7	printF0	0
deliciousT0	2	deliciousF0	0
compatibileF0	1	compatibileT0	0
irvingT0	1	irvingF0	0
daT0	14	daF0	0
mputerF0	2	mputerT0	0
workshopT0	1	workshopF0	0
khzT4	2	khzF4	0
vrgfF0	1	vrgfT0	0
exF0	6	exT0	0
aaT3	4	aaF3	0
simF2	5	simT2	0
whiteF0	23	whiteT0	0
speciaizedF0	1	speciaizedT0	0
loadsT0	4	loadsF0	0
singersT0	1	singersF0	0
dipT0	1	dipF0	0
marinesT0	1	marinesF0	0
streetF0	9	streetT0	0
janT4	129	janF4	0
leathanachF0	1	leathanachT0	0
giantguanacasteF0	1	giantguanacasteT0	0
sidelongF0	1	sidelongT0	0
ehhF2	1	ehhT2	0
eacF4	60	eacT4	0
cattleF0	2	cattleT0	0
rightirisT0	1	rightirisF0	0
viewingF0	15	viewingT0	0
danceT0	4	danceF0	0
optechT0	1	optechF0	0
designedT0	1	designedF0	0
mahihirapF0	1	mahihirapT0	0
stimulatingF0	2	stimulatingT0	0
bzaF4	1	bzaT4	0
maoT0	1	maoF0	0
gaboF0	4	gaboT0	0
suchT0	9	suchF0	0
minicooperF0	1	minicooperT0	0
nulT2	1	nulF2	0
rarT2	1	rarF2	0
koeranteT0	2	koeranteF0	0
supercarT0	1	supercarF0	0
caribbeanT0	13	caribbeanF0	0
expT4	81	expF4	0
wnF2	12	wnT2	0
treF0	2	treT0	0
lincoljF0	1	lincoljT0	0
craigsilstF0	1	craigsilstT0	0
stocktonF0	1	stocktonT0	0
marblehendersonT0	1	marblehendersonF0	0
potF2	12	potT2	0
tenT0	1	tenF0	0
izdF4	1	izdT4	0
bannersF0	1	bannersT0	0
praT4	17	praF4	0
evolutionF0	1	evolutionT0	0
gearingF0	1	gearingT0	0
arrT2	4	arrF2	0
tnT1	4	tnF1	0
wsT3	1	wsF3	0
lockwordT0	1	lockwordF0	0
basemenF0	1	basemenT0	0
dramaticallyF0	2	dramaticallyT0	0
rhF3	2	rhT3	0
ntgF2	1	ntgT2	0
leemF0	2	leemT0	0
luxT2	1	luxF2	0
pjiffT0	1	pjiffF0	0
ntyF4	1	ntyT4	0
acfalasF0	1	acfalasT0	0
natT4	158	natF4	0
geographicallyF0	1	geographicallyT0	0
oireachtasT0	1	oireachtasF0	0
endangeredF0	3	endangeredT0	0
gaF1	22	gaT1	0
rpgF2	2	rpgT2	0
neodestrcutoT0	1	neodestrcutoF0	0
relT4	38	relF4	0
compareF0	1	compareT0	0
icT3	22	icF3	0
aaronT0	2	aaronF0	0
jacketsF0	1	jacketsT0	0
ipT0	6	ipF0	0
hypF4	4	hypT4	0
knifeF0	2	knifeT0	0
nominationsF0	3	nominationsT0	0
youF2	1065	youT2	0
leadmanagementF0	1	leadmanagementT0	0
cosmeticallyF0	1	cosmeticallyT0	0
hidF2	4	hidT2	0
enrustidaF0	1	enrustidaT0	0
shareownersF0	1	shareownersT0	0
competitorsT0	1	competitorsF0	0
chavitT0	1	chavitF0	0
progressiveT0	1	progressiveF0	0
lonF2	4	lonT2	0
zdaF2	2	zdaT2	0
hyvT4	1	hyvF4	0
isthmosT0	1	isthmosF0	0
pooledF0	1	pooledT0	0
utfT2	1	utfF2	0
managerphoneT0	1	managerphoneF0	0
infF4	338	infT4	0
scT3	118	scF3	0
nolF2	5	nolT2	0
danityT0	1	danityF0	0
hepF4	10	hepT4	0
askF2	24	askT2	0
ukT3	2	ukF3	0
guyF0	16	guyT0	0
mosbysF0	1	mosbysT0	0
datT4	37	datF4	0
casinoF0	28	casinoT0	0
owsT2	45	owsF2	0
aaeT2	1	aaeF2	0
apolloF0	1	apolloT0	0
tifT4	2	tifF4	0
sqF3	17	sqT3	0
fenT4	1	fenF4	0
bisexuaT0	1	bisexuaF0	0
nvyF2	3	nvyT2	0
bolF4	5	bolT4	0
ssF1	425	ssT1	0
tabF0	14	tabT0	0
americasF0	1	americasT0	0
cafeF0	2	cafeT0	0
strategyoriginallyF0	2	strategyoriginallyT0	0
nauticalF0	1	nauticalT0	0
utteranceF0	3	utteranceT0	0
synopticF0	1	synopticT0	0
leaderversionT0	1	leaderversionF0	0
caracolT0	9	caracolF0	0
indicatedF0	1	indicatedT0	0
linkedF0	2	linkedT0	0
excelF0	1	excelT0	0
xmlT0	1	xmlF0	0
uptT2	1	uptF2	0
travisT0	1	travisF0	0
blatantlyF0	1	blatantlyT0	0
macT2	11	macF2	0
neoptolemosT0	1	neoptolemosF0	0
detF4	48	detT4	0
ceF1	848	ceT1	0
pulF4	11	pulT4	0
vehT4	10	vehF4	0
feedbackF0	5	feedbackT0	0
prT1	42	prF1	0
loansT0	1	loansF0	0
kuT3	12	kuF3	0
santaT0	4	santaF0	0
branF0	1	branT0	0
heatherF0	1	heatherT0	0
sweT2	1	sweF2	0
ecoF0	2	ecoT0	0
ohT2	14	ohF2	0
connectedF0	5	connectedT0	0
interactionsF0	1	interactionsT0	0
oldF2	156	oldT2	0
dudF4	1	dudT4	0
trF1	9	trT1	0
monthlyF0	2	monthlyT0	0
radF0	1	radT0	0
elF2	6	elT2	0
akeT2	76	akeF2	0
examinerT0	2	examinerF0	0
chhF4	1	chhT4	0
plecoF0	1	plecoT0	0
fontF0	4	fontT0	0
bettercT0	1	bettercF0	0
toledoT0	7	toledoF0	0
hardestF0	2	hardestT0	0
servletT0	1	servletF0	0
momentsF0	28	momentsT0	0
gavanizedT0	1	gavanizedF0	0
woF1	85	woT1	0
heT2	53	heF2	0
enfT4	3	enfF4	0
seiF0	1	seiT0	0
omF1	873	omT1	0
shF2	10	shT2	0
fistfulT0	1	fistfulF0	0
xedF0	1	xedT0	0
koF3	5	koT3	0
hydT2	1	hydF2	0
benottoF0	1	benottoT0	0
soupT0	1	soupF0	0
chargesF0	2	chargesT0	0
externaF0	1	externaT0	0
devotedF0	1	devotedT0	0
scottishT0	1	scottishF0	0
egsF2	5	egsT2	0
murderF0	2	murderT0	0
matthewsF0	3	matthewsT0	0
membersF0	10	membersT0	0
asaF2	2	asaT2	0
slotsT0	36	slotsF0	0
gaelF0	1	gaelT0	0
plumageF0	5	plumageT0	0
reattaF0	1	reattaT0	0
hitT2	1	hitF2	0
prodigiousT0	1	prodigiousF0	0
associationT0	8	associationF0	0
hugoT0	4	hugoF0	0
educateF0	4	educateT0	0
bbsF0	2	bbsT0	0
diffcultF0	2	diffcultT0	0
beyonceT0	4	beyonceF0	0
netT0	3	netF0	0
cracksT0	2	cracksF0	0
toddF0	1	toddT0	0
tendF0	4	tendT0	0
contenidoF0	1	contenidoT0	0
reaptorF0	1	reaptorT0	0
chopsF0	1	chopsT0	0
ludT2	1	ludF2	0
mendozainT0	2	mendozainF0	0
mommyT0	1	mommyF0	0
newsletterF0	4	newsletterT0	0
neededF0	11	neededT0	0
hargrettT0	2	hargrettF0	0
romsF0	1	romsT0	0
definitenessF0	1	definitenessT0	0
boatshireT0	1	boatshireF0	0
clientF0	5	clientT0	0
americanoF0	1	americanoT0	0
vedF2	103	vedT2	0
awaT4	10	awaF4	0
ephF4	1	ephT4	0
belongF0	1	belongT0	0
didnT0	1	didnF0	0
ownedF0	6	ownedT0	0
publicationsT0	45	publicationsF0	0
enigmaF0	2	enigmaT0	0
cayetheT0	1	cayetheF0	0
pitT4	9	pitF4	0
stepsF0	7	stepsT0	0
adjT4	3	adjF4	0
hutF4	1	hutT4	0
skiT0	1	skiF0	0
plasticsF0	1	plasticsT0	0
jottingF0	1	jottingT0	0
pghF2	6	pghT2	0
skeletalF0	1	skeletalT0	0
thiT2	2	thiF2	0
corporateT0	2	corporateF0	0
pourriF0	1	pourriT0	0
hilF4	4	hilT4	0
truckT0	26	truckF0	0
repeatF0	2	repeatT0	0
mhzT2	1	mhzF2	0
okcontentT0	2	okcontentF0	0
rafT4	1	rafF4	0
basementF0	3	basementT0	0
pubT0	2	pubF0	0
susT0	3	susF0	0
generatorT0	2	generatorF0	0
jurnallarF0	1	jurnallarT0	0
preF4	253	preT4	0
standsF0	1	standsT0	0
fpsF2	2	fpsT2	0
tillF0	6	tillT0	0
tellT0	4	tellF0	0
genreF0	1	genreT0	0
fluidsT0	1	fluidsF0	0
ketteringT0	1	ketteringF0	0
freF4	216	freT4	0
theF0	5562	theT0	0
bbuT4	1	bbuF4	0
gcilT0	1	gcilF0	0
perfF0	3	perfT0	0
springfieldT0	1	springfieldF0	0
pollF0	1	pollT0	0
doesnT0	2	doesnF0	0
nbaT2	1	nbaF2	0
teasingF0	1	teasingT0	0
muzkT0	1	muzkF0	0
onetimeF0	2	onetimeT0	0
advancementsF0	1	advancementsT0	0
eakT2	7	eakF2	0
steeringT0	1	steeringF0	0
plethoraF0	2	plethoraT0	0
wallpapertoT0	1	wallpapertoF0	0
usiF4	66	usiT4	0
yamahaF0	2	yamahaT0	0
attF2	2	attT2	0
errorsT0	2	errorsF0	0
orchestraT0	1	orchestraF0	0
jbmT4	1	jbmF4	0
refT0	1	refF0	0
travelerT0	1	travelerF0	0
oF0	27	oT0	0
magnificenceF0	1	magnificenceT0	0
residesF0	1	residesT0	0
fbF1	8	fbT1	0
enciclopdiaF0	1	enciclopdiaT0	0
continueF0	18	continueT0	0
trainingsT0	2	trainingsF0	0
brandnewF0	2	brandnewT0	0
meantF0	7	meantT0	0
notesF0	4	notesT0	0
extirpeF0	1	extirpeT0	0
ronnieF0	1	ronnieT0	0
jotT4	1	jotF4	0
libertyT0	1	libertyF0	0
wurkF0	1	wurkT0	0
hurT2	2	hurF2	0
outletT0	2	outletF0	0
sortiesT0	1	sortiesF0	0
influenceF0	1	influenceT0	0
lgF0	1	lgT0	0
nnF1	17	nnT1	0
taxisT0	4	taxisF0	0
belongingF0	1	belongingT0	0
zimtheT0	1	zimtheF0	0
dinT2	4	dinF2	0
imeT2	56	imeF2	0
chelseaT0	1	chelseaF0	0
elbF4	2	elbT4	0
albT4	13	albF4	0
positionningF0	1	positionningT0	0
wjeyF0	1	wjeyT0	0
shoreT0	2	shoreF0	0
spdF4	1	spdT4	0
stopsF0	3	stopsT0	0
plF1	15	plT1	0
gtrT4	3	gtrF4	0
lifetimeF0	4	lifetimeT0	0
midwifeF0	1	midwifeT0	0
geniusF0	1	geniusT0	0
couF4	290	couT4	0
coombsT0	1	coombsF0	0
podT4	6	podF4	0
millonT0	2	millonF0	0
thatT0	25	thatF0	0
persuadedF0	2	persuadedT0	0
litsoF0	2	litsoT0	0
ekoF2	1	ekoT2	0
taxT4	6	taxF4	0
centreT0	26	centreF0	0
advT2	1	advF2	0
affF0	1	affT0	0
eddieT0	1	eddieF0	0
willyT0	2	willyF0	0
athT0	1	athF0	0
speedF0	12	speedT0	0
eosT0	1	eosF0	0
certoF0	1	certoT0	0
volatilityF0	1	volatilityT0	0
digelT0	1	digelF0	0
bandT0	16	bandF0	0
assignF0	3	assignT0	0
cayF4	20	cayT4	0
dyF0	4	dyT0	0
righteagraonnT0	1	righteagraonnF0	0
isiT2	1	isiF2	0
cheapestF0	3	cheapestT0	0
electiveF0	1	electiveT0	0
werdeF0	2	werdeT0	0
boundsF0	1	boundsT0	0
trackT0	2	trackF0	0
complainingF0	1	complainingT0	0
venF2	114	venT2	0
inquiriesF0	2	inquiriesT0	0
sibunT0	2	sibunF0	0
hofF4	1	hofT4	0
oberlinT0	1	oberlinF0	0
canonicalsF0	1	canonicalsT0	0
cesT2	184	cesF2	0
naT0	13	naF0	0
vermontT0	1	vermontF0	0
iceT2	120	iceF2	0
cosT2	7	cosF2	0
pfT3	1	pfF3	0
jsF0	1	jsT0	0
luxuryT0	1	luxuryF0	0
icyT2	6	icyF2	0
unescoT0	2	unescoF0	0
thresholdF0	1	thresholdT0	0
quF1	5	quT1	0
anT0	25	anF0	0
viiiT0	1	viiiF0	0
rfT1	5	rfF1	0
wacamT0	1	wacamF0	0
collegeT0	14	collegeF0	0
affiliatedF0	1	affiliatedT0	0
welderF0	1	welderT0	0
bottomF0	6	bottomT0	0
evF2	1	evT2	0
malditasF0	1	malditasT0	0
niceT0	3	niceF0	0
shadowsT0	1	shadowsF0	0
tranjjF0	7	tranjjT0	0
poselT0	1	poselF0	0
gpT2	1	gpF2	0
sonomaT0	1	sonomaF0	0
blT1	5	blF1	0
kathyF0	1	kathyT0	0
bonusesF0	10	bonusesT0	0
chileT0	1	chileF0	0
usedT0	23	usedF0	0
solidF0	10	solidT0	0
advertisementF0	1	advertisementT0	0
lpF1	57	lpT1	0
schedueF0	1	schedueT0	0
nahhhT0	1	nahhhF0	0
wtbT4	1	wtbF4	0
convertibleT0	4	convertibleF0	0
tikalT0	1	tikalF0	0
issueT0	1	issueF0	0
nunF4	3	nunT4	0
yiwT2	1	yiwF2	0
hasexpressedF0	1	hasexpressedT0	0
pspF2	1	pspT2	0
tapT2	1	tapF2	0
roomT0	4	roomF0	0
ookF2	86	ookT2	0
hallwaysF0	1	hallwaysT0	0
istingsF0	1	istingsT0	0
foldschoolT0	1	foldschoolF0	0
navT2	2	navF2	0
yesT0	7	yesF0	0
orbT4	2	orbF4	0
eiuT4	2	eiuF4	0
elusiveF0	1	elusiveT0	0
extendedstaysF0	1	extendedstaysT0	0
controlT0	16	controlF0	0
alertsF0	3	alertsT0	0
okeF2	20	okeT2	0
zhaT4	1	zhaF4	0
receptionF0	1	receptionT0	0
lossF0	5	lossT0	0
rdeT2	9	rdeF2	0
lawsF0	3	lawsT0	0
aboutT0	46	aboutF0	0
widthsF0	1	widthsT0	0
kourtneyT0	1	kourtneyF0	0
victualsF0	1	victualsT0	0
sllingF0	1	sllingT0	0
screwsT0	1	screwsF0	0
makT4	37	makF4	0
ljT3	1	ljF3	0
nibT4	1	nibF4	0
sramT0	1	sramF0	0
jemalT0	2	jemalF0	0
engineerF0	4	engineerT0	0
notF4	400	notT4	0
goodT0	4	goodF0	0
mesT2	74	mesF2	0
rgiaF0	1	rgiaT0	0
fudzillaT0	2	fudzillaF0	0
mondaylabourT0	1	mondaylabourF0	0
zazF0	1	zazT0	0
gsF3	1	gsT3	0
jacksonvilleT0	1	jacksonvilleF0	0
kisF4	1	kisT4	0
inventorT0	2	inventorF0	0
henT2	78	henF2	0
canalF0	2	canalT0	0
strifeF0	2	strifeT0	0
igoF2	1	igoT2	0
soldatF0	1	soldatT0	0
torecognizeF0	1	torecognizeT0	0
specializinginF0	1	specializinginT0	0
briF4	47	briT4	0
adcockT0	1	adcockF0	0
tgpF0	1	tgpT0	0
woeF0	2	woeT0	0
pregnancyF0	5	pregnancyT0	0
lorenzoT0	2	lorenzoF0	0
vobF4	2	vobT4	0
sseF0	1	sseT0	0
rixF2	2	rixT2	0
receiveT0	1	receiveF0	0
hersefF0	1	hersefT0	0
gazzarianT0	1	gazzarianF0	0
peculiarityF0	1	peculiarityT0	0
customizationF0	1	customizationT0	0
rdyT2	2	rdyF2	0
akronT0	1	akronF0	0
igF3	38	igT3	0
introduceF0	1	introduceT0	0
profitsT0	5	profitsF0	0
outlandT0	1	outlandF0	0
contextF0	1	contextT0	0
cobyF0	1	cobyT0	0
releaseF0	11	releaseT0	0
udacrisF0	1	udacrisT0	0
teensT0	1	teensF0	0
haloidT0	1	haloidF0	0
dedicatedF0	7	dedicatedT0	0
ditF0	1	ditT0	0
holidaysF0	5	holidaysT0	0
universeF0	3	universeT0	0
limitingT0	5	limitingF0	0
awesomeF0	6	awesomeT0	0
seminarF0	2	seminarT0	0
nteF4	2	nteT4	0
passesF0	1	passesT0	0
etzF2	1	etzT2	0
dirF2	2	dirT2	0
repF4	157	repT4	0
amoF4	36	amoT4	0
phyF4	13	phyT4	0
waitF0	13	waitT0	0
arcexplorerT0	1	arcexplorerF0	0
drillingT0	1	drillingF0	0
invitedF0	5	invitedT0	0
zjeF2	1	zjeT2	0
channelT0	3	channelF0	0
cicT4	4	cicF4	0
bluntT0	2	bluntF0	0
urmetF0	1	urmetT0	0
owF1	824	owT1	0
libF0	1	libT0	0
claimantT0	1	claimantF0	0
roundedF0	1	roundedT0	0
crossedF0	2	crossedT0	0
canonT0	2	canonF0	0
friendlyT0	2	friendlyF0	0
vurF2	1	vurT2	0
aoaT2	1	aoaF2	0
believingF0	1	believingT0	0
movementT0	2	movementF0	0
incompatibleF0	1	incompatibleT0	0
previlgioF0	1	previlgioT0	0
ltiF2	11	ltiT2	0
itF0	512	itT0	0
ltsF2	38	ltsT2	0
criteriaT0	8	criteriaF0	0
greyF0	1	greyT0	0
talesF0	2	talesT0	0
untT4	2	untF4	0
bunkerF0	6	bunkerT0	0
consciousnessF0	2	consciousnessT0	0
balT4	7	balF4	0
illF0	5	illT0	0
gustaveF0	1	gustaveT0	0
wmF3	3	wmT3	0
rilleuxF0	1	rilleuxT0	0
kokT2	1	kokF2	0
godsF0	1	godsT0	0
billF0	6	billT0	0
susF4	43	susT4	0
hanoverT0	1	hanoverF0	0
adaptedF0	1	adaptedT0	0
structureF0	12	structureT0	0
unnF4	2	unnT4	0
emotionallyT0	1	emotionallyF0	0
wiT3	272	wiF3	0
ntcT2	2	ntcF2	0
rithF0	1	rithT0	0
labeledF0	1	labeledT0	0
constructionF0	14	constructionT0	0
wakT4	2	wakF4	0
oscT2	2	oscF2	0
monstrosF0	1	monstrosT0	0
mygT4	1	mygF4	0
utrumT0	1	utrumF0	0
settlementbT0	1	settlementbF0	0
ouF3	460	ouT3	0
reclaimF0	1	reclaimT0	0
convertingF0	1	convertingT0	0
ldF3	6	ldT3	0
irdF2	63	irdT2	0
hasselhoffT0	1	hasselhoffF0	0
limitationsF0	1	limitationsT0	0
paF2	3	paT2	0
productF0	17	productT0	0
yetiT0	1	yetiF0	0
lfF1	84	lfT1	0
uskF2	1	uskT2	0
doodleF0	1	doodleT0	0
oiT1	3	oiF1	0
germansF0	1	germansT0	0
ukoT2	2	ukoF2	0
ongoingF0	3	ongoingT0	0
allamT0	1	allamF0	0
appealF0	2	appealT0	0
oughtF0	2	oughtT0	0
imT3	67	imF3	0
stumblingF0	1	stumblingT0	0
hdT3	9	hdF3	0
shrT4	2	shrF4	0
heaterT0	2	heaterF0	0
travelsT0	1	travelsF0	0
fellF0	5	fellT0	0
solvedT0	1	solvedF0	0
paredeF0	1	paredeT0	0
ccoF2	1	ccoT2	0
essF0	1	essT0	0
mmmF4	1	mmmT4	0
nigermapT0	1	nigermapF0	0
vnF3	2	vnT3	0
posterT0	1	posterF0	0
veraltertF0	1	veraltertT0	0
xtractorT0	4	xtractorF0	0
romeT0	1	romeF0	0
easT4	24	easF4	0
gdrT0	12	gdrF0	0
tsF0	2	tsT0	0
umT1	71	umF1	0
sokleidesT0	1	sokleidesF0	0
poolsT0	1	poolsF0	0
pigotT0	1	pigotF0	0
friendsF0	25	friendsT0	0
rsdF2	1	rsdT2	0
iyT1	9	iyF1	0
maaT4	1	maaF4	0
ogsF2	14	ogsT2	0
ruF0	1	ruT0	0
sitterT0	1	sitterF0	0
tfF3	1	tfT3	0
pushkarsT0	1	pushkarsF0	0
originqlF0	1	originqlT0	0
jdT1	2	jdF1	0
zavorotnukT0	1	zavorotnukF0	0
arlF2	2	arlT2	0
kesT4	1	kesF4	0
williamsonF0	1	williamsonT0	0
seismicT0	1	seismicF0	0
loosingF0	1	loosingT0	0
afbF4	2	afbT4	0
popularityF0	1	popularityT0	0
kgF1	9	kgT1	0
destinationsT0	5	destinationsF0	0
smoothlyF0	2	smoothlyT0	0
straightwayF0	1	straightwayT0	0
oweF0	1	oweT0	0
moinesF0	3	moinesT0	0
camT2	9	camF2	0
unpropitiousF0	1	unpropitiousT0	0
immaculatelyF0	1	immaculatelyT0	0
jurF4	3	jurT4	0
ferF4	8	ferT4	0
quaityT0	2	quaityF0	0
heightenedF0	2	heightenedT0	0
hapT4	12	hapF4	0
gordonT0	1	gordonF0	0
palmerT0	1	palmerF0	0
rulesT0	14	rulesF0	0
joaoT0	1	joaoF0	0
aweT0	3	aweF0	0
nctT2	2	nctF2	0
acrewoodsF0	3	acrewoodsT0	0
stonetalonF0	1	stonetalonT0	0
wingF0	6	wingT0	0
wearingT0	1	wearingF0	0
advertiserszazT0	1	advertiserszazF0	0
notifyF0	1	notifyT0	0
difF4	85	difT4	0
fficeF0	3	fficeT0	0
explainingF0	3	explainingT0	0
momF2	1	momT2	0
feesF0	4	feesT0	0
rabF2	3	rabT2	0
elementsF0	7	elementsT0	0
egoT2	12	egoF2	0
mtvT4	1	mtvF4	0
narratorT0	1	narratorF0	0
revealF0	1	revealT0	0
mopanT0	4	mopanF0	0
pyrF4	6	pyrT4	0
ismF2	42	ismT2	0
iiiT2	11	iiiF2	0
regionalT0	29	regionalF0	0
rescueT0	3	rescueF0	0
mmoF2	1	mmoT2	0
gyeT2	1	gyeF2	0
lindleyT0	3	lindleyF0	0
saiF4	81	saiT4	0
hancockT0	1	hancockF0	0
eeaF2	1	eeaT2	0
tainterT0	1	tainterF0	0
algoF0	1	algoT0	0
wikipediaT0	23	wikipediaF0	0
ridF2	30	ridT2	0
assaultF0	2	assaultT0	0
vespaT0	1	vespaF0	0
touchF0	6	touchT0	0
oaaT2	3	oaaF2	0
ministryF0	2	ministryT0	0
settlementstheT0	1	settlementstheF0	0
desdeT0	1	desdeF0	0
draftingF0	1	draftingT0	0
rpertoiresT0	1	rpertoiresF0	0
condoF0	1	condoT0	0
saoT4	4	saoF4	0
caodaismT0	1	caodaismF0	0
marketplaceF0	2	marketplaceT0	0
itrT2	1	itrF2	0
lexF2	9	lexT2	0
troopsF0	3	troopsT0	0
origwidthT0	2	origwidthF0	0
thF1	1270	thT1	0
irrT4	3	irrF4	0
dhtmlT0	1	dhtmlF0	0
gaaF4	1	gaaT4	0
ltticaF0	1	ltticaT0	0
pigsT0	9	pigsF0	0
usersofT0	1	usersofF0	0
apF2	4	apT2	0
receivedF0	15	receivedT0	0
bloF4	107	bloT4	0
stallsT0	6	stallsF0	0
rollercoasterT0	1	rollercoasterF0	0
actuayF0	1	actuayT0	0
britainF0	1	britainT0	0
gmsF4	1	gmsT4	0
minimalF0	2	minimalT0	0
invT4	38	invF4	0
berT4	15	berF4	0
ftyF2	7	ftyT2	0
coloradoT0	4	coloradoF0	0
sfxT0	1	sfxF0	0
hbiF4	1	hbiT4	0
segmentF0	1	segmentT0	0
iskF4	1	iskT4	0
ghT0	2	ghF0	0
downloadyourT0	1	downloadyourF0	0
obvF4	4	obvT4	0
guiT2	3	guiF2	0
destroyedF0	6	destroyedT0	0
monthsT0	1	monthsF0	0
valuedF0	1	valuedT0	0
needneverseenT0	1	needneverseenF0	0
teixeiraT0	4	teixeiraF0	0
nzaF2	2	nzaT2	0
sensationsF0	1	sensationsT0	0
ledF2	149	ledT2	0
contentF0	31	contentT0	0
hpT1	27	hpF1	0
blockF0	8	blockT0	0
fraT4	60	fraF4	0
ittF4	1	ittT4	0
ruedaF0	12	ruedaT0	0
harborsT0	1	harborsF0	0
versionsF0	2	versionsT0	0
raF0	1	raT0	0
usageT0	3	usageF0	0
divingT0	3	divingF0	0
rispettandoF0	1	rispettandoT0	0
bjT3	1	bjF3	0
klemT0	1	klemF0	0
nlF3	1	nlT3	0
endF0	37	endT0	0
smT3	39	smF3	0
favF4	46	favT4	0
zrT1	1	zrF1	0
ouremployeesF0	1	ouremployeesT0	0
rmeryF0	1	rmeryT0	0
armsT0	1	armsF0	0
shapeF0	1	shapeT0	0
bizT2	2	bizF2	0
comelicoT0	1	comelicoF0	0
correlationsF0	1	correlationsT0	0
gieF2	3	gieT2	0
imgF4	4	imgT4	0
robertsF0	1	robertsT0	0
hamletT0	1	hamletF0	0
scalF0	1	scalT0	0
quiltF0	1	quiltT0	0
multinationalF0	1	multinationalT0	0
pasoT0	1	pasoF0	0
tedT0	2	tedF0	0
recentF0	9	recentT0	0
appliedF0	4	appliedT0	0
wesT2	4	wesF2	0
highplainsT0	1	highplainsF0	0
ofmilwaukeeT0	1	ofmilwaukeeF0	0
enjoyF0	16	enjoyT0	0
llopF0	1	llopT0	0
essentiallyT0	1	essentiallyF0	0
lolF4	6	lolT4	0
againstT0	2	againstF0	0
avT2	1	avF2	0
flyF0	9	flyT0	0
journeysF0	1	journeysT0	0
slashF0	1	slashT0	0
commencementF0	2	commencementT0	0
toursT0	1	toursF0	0
judT4	3	judF4	0
yakT2	1	yakF2	0
embedF0	2	embedT0	0
terribleF0	2	terribleT0	0
qyT3	1	qyF3	0
radiationT0	1	radiationF0	0
archeologyT0	1	archeologyF0	0
startupF0	2	startupT0	0
thyF0	8	thyT0	0
dtsF0	1	dtsT0	0
aoF3	4	aoT3	0
hodT2	1	hodF2	0
musicianF0	1	musicianT0	0
redT2	46	redF2	0
rreF2	4	rreT2	0
cjT2	1	cjF2	0
dailyF0	15	dailyT0	0
demographicF0	4	demographicT0	0
appdbT0	1	appdbF0	0
sssT2	1	sssF2	0
riversF0	10	riversT0	0
meltonT0	1	meltonF0	0
gjerdeT0	2	gjerdeF0	0
tipT4	9	tipF4	0
cprT2	1	cprF2	0
jenF4	1	jenT4	0
mbT0	6	mbF0	0
housesT0	1	housesF0	0
vanT2	8	vanF2	0
depT4	140	depF4	0
fraughtF0	1	fraughtT0	0
dtuT4	1	dtuF4	0
imperialT0	2	imperialF0	0
odrT2	1	odrF2	0
sampsonT0	2	sampsonF0	0
porT0	3	porF0	0
collectsF0	2	collectsT0	0
stabilityT0	2	stabilityF0	0
urtF4	1	urtT4	0
tedF4	3	tedT4	0
layerT0	10	layerF0	0
percyT0	1	percyF0	0
europeanT0	15	europeanF0	0
putT2	9	putF2	0
vwT0	1	vwF0	0
nehoziF0	1	nehoziT0	0
menacedF0	1	menacedT0	0
laT2	6	laF2	0
languagesF0	12	languagesT0	0
soT1	112	soF1	0
kT0	37	kF0	0
fuF2	2	fuT2	0
meF1	1146	meT1	0
painlessF0	1	painlessT0	0
transitF0	1	transitT0	0
twxasF0	1	twxasT0	0
directorsF0	1	directorsT0	0
sortedF0	1	sortedT0	0
mayT0	47	mayF0	0
saadF0	1	saadT0	0
nuachtnF0	1	nuachtnT0	0
grismanF0	1	grismanT0	0
barnF0	4	barnT0	0
fingertipsT0	1	fingertipsF0	0
superiorT0	3	superiorF0	0
kevinT0	2	kevinF0	0
seoF4	1	seoT4	0
xunantunichT0	7	xunantunichF0	0
erT2	2	erF2	0
ndiT2	8	ndiF2	0
vonF2	1	vonT2	0
mayF4	117	mayT4	0
kaileyT0	1	kaileyF0	0
administrationsF0	2	administrationsT0	0
kosT4	3	kosF4	0
xteF4	1	xteT4	0
designerF0	14	designerT0	0
calculationF0	2	calculationT0	0
tollT0	1	tollF0	0
transferF0	6	transferT0	0
elasticF0	1	elasticT0	0
linksF0	40	linksT0	0
pyzamF0	1	pyzamT0	0
beachesF0	4	beachesT0	0
halloweenF0	1	halloweenT0	0
wifeF0	9	wifeT0	0
preT0	4	preF0	0
tryF0	29	tryT0	0
scotiaT0	2	scotiaF0	0
tarF4	19	tarT4	0
snorkelingtoT0	1	snorkelingtoF0	0
porF4	73	porT4	0
soyF4	1	soyT4	0
functionalityF0	3	functionalityT0	0
vbaT4	1	vbaF4	0
dealsF0	3	dealsT0	0
dipF4	3	dipT4	0
dfwF0	1	dfwT0	0
novelaF0	2	novelaT0	0
pezT2	2	pezF2	0
childcareF0	2	childcareT0	0
juxtapositionF0	1	juxtapositionT0	0
xxF1	1	xxT1	0
irisF0	1	irisT0	0
attiredF0	1	attiredT0	0
tehF0	1	tehT0	0
reelsF0	1	reelsT0	0
preschoolersclarkeT0	4	preschoolersclarkeF0	0
researchT0	13	researchF0	0
freelyF0	3	freelyT0	0
rubbingF0	1	rubbingT0	0
disclaimerT0	33	disclaimerF0	0
effT2	2	effF2	0
aksF2	7	aksT2	0
runnersT0	1	runnersF0	0
nbF3	680	nbT3	0
ceaF4	3	ceaT4	0
recycleF0	1	recycleT0	0
generalsF0	1	generalsT0	0
sankF0	2	sankT0	0
magazinesT0	2	magazinesF0	0
orfF4	1	orfT4	0
formatF0	10	formatT0	0
llcT2	1	llcF2	0
spissenF0	1	spissenT0	0
holdingsbutF0	5	holdingsbutT0	0
cautionF0	1	cautionT0	0
flyriteF0	1	flyriteT0	0
primeF0	5	primeT0	0
nadF4	3	nadT4	0
spotsF0	3	spotsT0	0
vlT1	5	vlF1	0
thanF0	112	thanT0	0
terraruimF0	1	terraruimT0	0
elevationF0	1	elevationT0	0
specifyF0	5	specifyT0	0
powerT0	11	powerF0	0
biesF0	1	biesT0	0
moorheadF0	11	moorheadT0	0
spearheadF0	1	spearheadT0	0
buzzF0	1	buzzT0	0
coupF0	1	coupT0	0
iplT2	4	iplF2	0
mukT4	1	mukF4	0
articlesT0	15	articlesF0	0
iconT0	2	iconF0	0
jetT4	2	jetF4	0
directorycontactT0	1	directorycontactF0	0
jianhuT0	1	jianhuF0	0
comF2	170	comT2	0
belF4	124	belT4	0
oldestF0	2	oldestT0	0
divT4	20	divF4	0
wyF1	1	wyT1	0
rahT2	6	rahF2	0
moreT0	59	moreF0	0
realtorT0	12	realtorF0	0
poorerF0	1	poorerT0	0
darF0	3	darT0	0
ieT1	89	ieF1	0
hdcT4	7	hdcF4	0
relianceF0	1	relianceT0	0
manufacturedF0	1	manufacturedT0	0
surpriseF0	5	surpriseT0	0
discountT0	2	discountF0	0
descendedF0	1	descendedT0	0
methodistT0	2	methodistF0	0
actionsF0	4	actionsT0	0
bitmapF0	1	bitmapT0	0
hentaiT0	1	hentaiF0	0
writeF0	35	writeT0	0
esT1	1097	esF1	0
lloF4	1	lloT4	0
bbcT2	1	bbcF2	0
rinF2	3	rinT2	0
enrichingT0	1	enrichingF0	0
personallyT0	1	personallyF0	0
ebaumontF0	1	ebaumontT0	0
shineT0	1	shineF0	0
lisantF0	2	lisantT0	0
happierT0	1	happierF0	0
photographyT0	4	photographyF0	0
seriesT0	9	seriesF0	0
cyF1	79	cyT1	0
waitingT0	5	waitingF0	0
lunaticmamasT0	1	lunaticmamasF0	0
tchF2	102	tchT2	0
nvF3	2	nvT3	0
lubT4	2	lubF4	0
christopherT0	2	christopherF0	0
cigF4	4	cigT4	0
ipodsT0	1	ipodsF0	0
trademarkF0	1	trademarkT0	0
dsT2	1	dsF2	0
cheatingF0	2	cheatingT0	0
glancingF0	1	glancingT0	0
controversialF0	1	controversialT0	0
wastefulF0	1	wastefulT0	0
witnessesF0	1	witnessesT0	0
seeF4	194	seeT4	0
denF0	3	denT0	0
eF0	122	eT0	0
frT1	4	frF1	0
oekF2	1	oekT2	0
conceptsF0	2	conceptsT0	0
excerptF0	1	excerptT0	0
kunneF0	1	kunneT0	0
todosT0	2	todosF0	0
zziF2	1	zziT2	0
preachesF0	1	preachesT0	0
namibiaT0	1	namibiaF0	0
parameterF0	14	parameterT0	0
coarseF0	1	coarseT0	0
pcF0	3	pcT0	0
rightinformacijeT0	1	rightinformacijeF0	0
hubF2	2	hubT2	0
isF1	2156	isT1	0
aryanT0	1	aryanF0	0
helpT0	120	helpF0	0
firewoodF0	1	firewoodT0	0
indescribablyF0	1	indescribablyT0	0
xanF4	1	xanT4	0
campeonatoT0	1	campeonatoF0	0
districtsF0	3	districtsT0	0
breedsF0	1	breedsT0	0
yorkT0	229	yorkF0	0
certificateT0	2	certificateF0	0
kingT0	14	kingF0	0
suaF2	6	suaT2	0
convocadosT0	1	convocadosF0	0
sarbanesT0	11	sarbanesF0	0
eyeT4	6	eyeF4	0
msgF4	1	msgT4	0
butF0	228	butT0	0
yeahT0	2	yeahF0	0
serveF0	7	serveT0	0
filmsF0	2	filmsT0	0
reliefF0	2	reliefT0	0
accumulatesF0	25	accumulatesT0	0
coreT0	2	coreF0	0
nylF2	2	nylT2	0
cartographicF0	3	cartographicT0	0
casinnoF0	1	casinnoT0	0
twainF0	1	twainT0	0
pregnantT0	1	pregnantF0	0
adT0	13	adF0	0
agoF0	32	agoT0	0
behovethF0	1	behovethT0	0
additionsT0	1	additionsF0	0
pickensF0	2	pickensT0	0
chronologicallyT0	1	chronologicallyF0	0
shesT0	2	shesF0	0
grimesT0	1	grimesF0	0
mhdT4	1	mhdF4	0
ernT2	47	ernF2	0
hatT0	1	hatF0	0
mandatoryF0	1	mandatoryT0	0
popT2	8	popF2	0
magicF0	3	magicT0	0
featuresF0	25	featuresT0	0
gymT4	2	gymF4	0
padF2	3	padT2	0
ppiF2	1	ppiT2	0
andT0	149	andF0	0
centroT0	1	centroF0	0
ultimateF0	2	ultimateT0	0
ponT4	1	ponF4	0
vtsF2	1	vtsT2	0
eesF4	1	eesT4	0
contributorF0	4	contributorT0	0
markedlyF0	1	markedlyT0	0
jonF4	2	jonT4	0
raliquidT0	1	raliquidF0	0
fryT0	1	fryF0	0
patT2	5	patF2	0
csT3	21	csF3	0
craigslistF0	272	craigslistT0	0
protectionF0	15	protectionT0	0
andF4	3936	andT4	0
notadoF0	1	notadoT0	0
reservelaughingT0	1	reservelaughingF0	0
veselT0	1	veselF0	0
loF2	10	loT2	0
zonT4	9	zonF4	0
bonF2	2	bonT2	0
ottT4	11	ottF4	0
komeleT0	1	komeleF0	0
senegalmapT0	1	senegalmapF0	0
stationsT0	2	stationsF0	0
islandT0	24	islandF0	0
keenestF0	1	keenestT0	0
emF1	295	emT1	0
cinemaF0	1	cinemaT0	0
zodT4	1	zodF4	0
improbableF0	1	improbableT0	0
subtractedF0	1	subtractedT0	0
intF0	1	intT0	0
discontinuedF0	1	discontinuedT0	0
acevedoF0	1	acevedoT0	0
latestT0	1	latestF0	0
spillwayT0	1	spillwayF0	0
prinzessinT0	2	prinzessinF0	0
intimidatingF0	2	intimidatingT0	0
kiwisT0	1	kiwisF0	0
winterT0	4	winterF0	0
acoF4	2	acoT4	0
oocF0	2	oocT0	0
rooseveltT0	1	rooseveltF0	0
doF0	156	doT0	0
theimgsT0	1	theimgsF0	0
ralF2	173	ralT2	0
mangroveF0	1	mangroveT0	0
dukeT0	3	dukeF0	0
tbcT4	6	tbcF4	0
finishersF0	1	finishersT0	0
luckilyT0	1	luckilyF0	0
perF4	431	perT4	0
hoppersF0	1	hoppersT0	0
hfT1	2	hfF1	0
dungeonsT0	1	dungeonsF0	0
ekeF2	1	ekeT2	0
nominatedF0	3	nominatedT0	0
eegeospatialT0	1	eegeospatialF0	0
carriereT0	3	carriereF0	0
enfieldF0	1	enfieldT0	0
beachT0	1	beachF0	0
pyrodovdcoT0	1	pyrodovdcoF0	0
createsF0	5	createsT0	0
hybT4	2	hybF4	0
lorT4	9	lorF4	0
doctorF0	5	doctorT0	0
atrF4	3	atrT4	0
corpsF0	1	corpsT0	0
mineT0	3	mineF0	0
psychologyF0	1	psychologyT0	0
automaticallyF0	11	automaticallyT0	0
clrF0	1	clrT0	0
edrT2	1	edrF2	0
elpF0	2	elpT0	0
distinguishingF0	1	distinguishingT0	0
valT4	67	valF4	0
wotlkT0	3	wotlkF0	0
giF3	138	giT3	0
enjF4	28	enjT4	0
adoreF0	3	adoreT0	0
sufferF0	3	sufferT0	0
awT1	8	awF1	0
tunicF0	1	tunicT0	0
meeF0	1	meeT0	0
artificerF0	1	artificerT0	0
workingT0	4	workingF0	0
placeT0	3	placeF0	0
maskallT0	2	maskallF0	0
worstF0	5	worstT0	0
adjectiveF0	2	adjectiveT0	0
bluesT0	10	bluesF0	0
datasetsF0	1	datasetsT0	0
openerF0	1	openerT0	0
agendasF0	1	agendasT0	0
blowerT0	1	blowerF0	0
natureF0	16	natureT0	0
sinnwmonF0	1	sinnwmonT0	0
burroughsF0	1	burroughsT0	0
jngF2	1	jngT2	0
refF4	56	refT4	0
diaryT0	1	diaryF0	0
akhbarT0	1	akhbarF0	0
fahT4	1	fahF4	0
arcadiaT0	1	arcadiaF0	0
ellF4	2	ellT4	0
agsT2	5	agsF2	0
hanF0	2	hanT0	0
icoT2	24	icoF2	0
gleanF0	2	gleanT0	0
faisF0	5	faisT0	0
ptyF2	9	ptyT2	0
sunkF0	3	sunkT0	0
rewardingF0	3	rewardingT0	0
nanF4	4	nanT4	0
believesF0	5	believesT0	0
expeditionT0	1	expeditionF0	0
quakerT0	2	quakerF0	0
cleeseT0	1	cleeseF0	0
phiippinesT0	1	phiippinesF0	0
madnessF0	1	madnessT0	0
borT4	5	borF4	0
ordT2	74	ordF2	0
neF0	23	neT0	0
gmaF2	2	gmaT2	0
ueeF2	1	ueeT2	0
cardelliniT0	1	cardelliniF0	0
telecommutingF0	1	telecommutingT0	0
drivingF0	3	drivingT0	0
gomT4	1	gomF4	0
didT2	25	didF2	0
intactF0	3	intactT0	0
carefullyT0	1	carefullyF0	0
diversityF0	10	diversityT0	0
statisticaF0	1	statisticaT0	0
tonF4	18	tonT4	0
fotografskihF0	1	fotografskihT0	0
gigF0	2	gigT0	0
rolT4	5	rolF4	0
guessingF0	1	guessingT0	0
fatT2	1	fatF2	0
cannotT0	1	cannotF0	0
wayF4	125	wayT4	0
holT4	36	holF4	0
proteinF0	1	proteinT0	0
forwardF0	7	forwardT0	0
ghanamapT0	1	ghanamapF0	0
rsF2	6	rsT2	0
reversestF0	1	reversestT0	0
cnF2	3	cnT2	0
bitF2	39	bitT2	0
wayT0	4	wayF0	0
giaT2	10	giaF2	0
encouragedF0	8	encouragedT0	0
iciF2	5	iciT2	0
vinT4	7	vinF4	0
marquessF0	1	marquessT0	0
oasT4	1	oasF4	0
gauF4	3	gauT4	0
resortF0	5	resortT0	0
passF0	11	passT0	0
pricedF0	3	pricedT0	0
drumsticksF0	1	drumsticksT0	0
fieldsT0	1	fieldsF0	0
naturalF0	31	naturalT0	0
vapF4	2	vapT4	0
siF1	30	siT1	0
childrenT0	3	childrenF0	0
thinksF0	7	thinksT0	0
encyclopaediaF0	1	encyclopaediaT0	0
hzT1	3	hzF1	0
magF2	2	magT2	0
mcF3	4	mcT3	0
messageF0	30	messageT0	0
secretlyF0	2	secretlyT0	0
syracuseF0	1	syracuseT0	0
daresayF0	1	daresayT0	0
oceanographicT0	1	oceanographicF0	0
commposeT0	3	commposeF0	0
xineannT0	1	xineannF0	0
ebbT0	1	ebbF0	0
mcdonaldsF0	1	mcdonaldsT0	0
doorsF0	1	doorsT0	0
highyF0	1	highyT0	0
unreasonablyF0	1	unreasonablyT0	0
privateF0	49	privateT0	0
svtF2	1	svtT2	0
donnesT0	1	donnesF0	0
hudeyT0	1	hudeyF0	0
aguF4	22	aguT4	0
gruberT0	2	gruberF0	0
slaveF0	1	slaveT0	0
infrastructureT0	2	infrastructureF0	0
axT0	1	axF0	0
evenlyF0	1	evenlyT0	0
saaF2	1	saaT2	0
integrateF0	1	integrateT0	0
announceF0	2	announceT0	0
zerF4	6	zerT4	0
realtyT0	1	realtyF0	0
tirT2	3	tirF2	0
comfortsF0	1	comfortsT0	0
asiF4	4	asiT4	0
succotzvillageT0	1	succotzvillageF0	0
whimF0	1	whimT0	0
sgsT4	1	sgsF4	0
boutiquesT0	2	boutiquesF0	0
proF4	894	proT4	0
binT4	5	binF4	0
misF2	4	misT2	0
rdT3	1	rdF3	0
treasurerT0	1	treasurerF0	0
harleyT0	1	harleyF0	0
generationsF0	5	generationsT0	0
kugF4	1	kugT4	0
bpaF4	1	bpaT4	0
instanceF0	4	instanceT0	0
manualyF0	1	manualyT0	0
promisedF0	2	promisedT0	0
agenzieT0	1	agenzieF0	0
mumbaiF0	1	mumbaiT0	0
objectiveF0	1	objectiveT0	0
farT4	24	farF4	0
studyF0	10	studyT0	0
lazF4	2	lazT4	0
oblF4	14	oblT4	0
collectionsdetailsT0	1	collectionsdetailsF0	0
unlimitedF0	3	unlimitedT0	0
supperF0	2	supperT0	0
guidingT0	2	guidingF0	0
wthF2	3	wthT2	0
mpF0	1	mpT0	0
southwesternT0	2	southwesternF0	0
progecadT0	1	progecadF0	0
repT0	3	repF0	0
questoF0	1	questoT0	0
irtT2	2	irtF2	0
sailT0	5	sailF0	0
mobilizationT0	5	mobilizationF0	0
nixT2	6	nixF2	0
afraidF0	5	afraidT0	0
iwiF2	2	iwiT2	0
suppliesF0	6	suppliesT0	0
assF4	96	assT4	0
dressingF0	1	dressingT0	0
eimT2	3	eimF2	0
ucT1	1	ucF1	0
intoxicationF0	1	intoxicationT0	0
ritT2	3	ritF2	0
pedicureF0	1	pedicureT0	0
lisaT0	2	lisaF0	0
assT0	4	assF0	0
institutionalF0	7	institutionalT0	0
financiaT0	2	financiaF0	0
residentsF0	4	residentsT0	0
noaaT0	3	noaaF0	0
ppyT2	10	ppyF2	0
scheduledF0	4	scheduledT0	0
bpaintsF0	1	bpaintsT0	0
durhamT0	1	durhamF0	0
jeuneF0	2	jeuneT0	0
digitandoF0	1	digitandoT0	0
tributeF0	3	tributeT0	0
theyreF0	3	theyreT0	0
partF0	51	partT0	0
elvF4	2	elvT4	0
htsT2	10	htsF2	0
passwordF0	30	passwordT0	0
pictorialF0	1	pictorialT0	0
urbishF0	1	urbishT0	0
rorF2	30	rorT2	0
alignF0	75	alignT0	0
stupedF0	1	stupedT0	0
dxF1	1	dxT1	0
addictionT0	1	addictionF0	0
persistentT0	1	persistentF0	0
vobT0	1	vobF0	0
jcpF4	1	jcpT4	0
holdersF0	2	holdersT0	0
hilaryT0	2	hilaryF0	0
nidT2	1	nidF2	0
paradeT0	1	paradeF0	0
processingF0	5	processingT0	0
customT0	10	customF0	0
groenF0	1	groenT0	0
argoT0	1	argoF0	0
tacticsF0	1	tacticsT0	0
miiF2	3	miiT2	0
martynT0	1	martynF0	0
ssiT2	1	ssiF2	0
bittorrentT0	1	bittorrentF0	0
sevenT0	3	sevenF0	0
forcommunicationF0	1	forcommunicationT0	0
honT2	9	honF2	0
exportedF0	1	exportedT0	0
wmaT2	1	wmaF2	0
scemiF0	1	scemiT0	0
sfT0	6	sfF0	0
wombF0	1	wombT0	0
reportsF0	28	reportsT0	0
creationF0	10	creationT0	0
warmingT0	1	warmingF0	0
publicF0	24	publicT0	0
delF2	26	delT2	0
boobsF0	2	boobsT0	0
pgT2	2	pgF2	0
animatedF0	2	animatedT0	0
learnedF0	17	learnedT0	0
virginiaT0	4	virginiaF0	0
maskinbladetT0	1	maskinbladetF0	0
benF2	1	benT2	0
paceF0	8	paceT0	0
olympicT0	1	olympicF0	0
oksT4	1	oksF4	0
pngT2	1	pngF2	0
inT2	217	inF2	0
ltyT2	3	ltyF2	0
pawnchT0	1	pawnchF0	0
librariesF0	7	librariesT0	0
ahciT0	1	ahciF0	0
cayerendevousT0	1	cayerendevousF0	0
