graduationF0	1	graduationT0	0
aleF4	14	aleT4	0
wildT0	17	wildF0	0
truthsT0	1	truthsF0	0
hondaT0	1	hondaF0	0
vesT2	76	vesF2	0
ltimasF0	1	ltimasT0	0
selllingF0	1	selllingT0	0
disciplineF0	3	disciplineT0	0
ebF1	223	ebT1	0
ltrF2	1	ltrT2	0
readingT0	3	readingF0	0
belgieT0	2	belgieF0	0
hwT3	3	hwF3	0
rgyF2	10	rgyT2	0
flatsF0	9	flatsT0	0
kerT4	3	kerF4	0
koreaT0	2	koreaF0	0
estT4	51	estF4	0
euF2	7	euT2	0
chaosT0	1	chaosF0	0
xtT0	1	xtF0	0
natalT0	1	natalF0	0
eraseF0	2	eraseT0	0
reaizeF0	1	reaizeT0	0
osT0	2	osF0	0
gujaratT0	1	gujaratF0	0
iveT2	137	iveF2	0
vinciaF0	1	vinciaT0	0
euhT4	1	euhF4	0
choT2	1	choF2	0
literallyF0	5	literallyT0	0
xanaxF0	1	xanaxT0	0
sanctuariesF0	13	sanctuariesT0	0
achF0	1	achT0	0
althoughT0	14	althoughF0	0
egT2	16	egF2	0
avoF4	14	avoT4	0
aabT4	1	aabF4	0
thesesurveysF0	1	thesesurveysT0	0
feinF0	1	feinT0	0
tieT4	2	tieF4	0
zemT4	1	zemF4	0
fallerF0	1	fallerT0	0
begT4	3	begF4	0
reptilesF0	1	reptilesT0	0
atrophiedF0	1	atrophiedT0	0
aquellosF0	1	aquellosT0	0
disputeF0	2	disputeT0	0
interestF0	15	interestT0	0
stoT4	62	stoF4	0
travelersF0	4	travelersT0	0
uvT1	7	uvF1	0
heatF0	7	heatT0	0
ntT0	1	ntF0	0
xuaT2	1	xuaF2	0
menF0	26	menT0	0
takingT0	2	takingF0	0
spillF0	1	spillT0	0
trendscollectionT0	1	trendscollectionF0	0
daoF2	4	daoT2	0
ambT2	1	ambF2	0
mopT4	4	mopF4	0
reviewtrainingT0	1	reviewtrainingF0	0
chartersT0	1	chartersF0	0
jollyF0	1	jollyT0	0
dgenT0	13	dgenF0	0
transT0	2	transF0	0
veilT0	2	veilF0	0
udoF2	2	udoT2	0
administerF0	1	administerT0	0
xyiF4	1	xyiT4	0
zdravjeT0	1	zdravjeF0	0
circumstancesF0	2	circumstancesT0	0
certificatesF0	5	certificatesT0	0
bionT0	1	bionF0	0
overruleF0	1	overruleT0	0
upaF4	1	upaT4	0
tuT3	63	tuF3	0
etaT2	10	etaF2	0
bordeauxT0	1	bordeauxF0	0
esperienzaF0	1	esperienzaT0	0
lkT1	22	lkF1	0
nesF4	15	nesT4	0
orderingF0	1	orderingT0	0
owlF2	1	owlT2	0
tayT2	7	tayF2	0
pasticF0	1	pasticT0	0
datenschutzerklungtheT0	2	datenschutzerklungtheF0	0
dueF2	9	dueT2	0
continentF0	2	continentT0	0
ecologicalF0	3	ecologicalT0	0
programmeF0	1	programmeT0	0
tweF4	13	tweT4	0
precisionF0	1	precisionT0	0
drawnF0	1	drawnT0	0
conventionsF0	3	conventionsT0	0
abusedF0	2	abusedT0	0
ekF2	1	ekT2	0
costumeF0	2	costumeT0	0
kaT2	1	kaF2	0
aolF4	2	aolT4	0
flatteringF0	1	flatteringT0	0
exeT4	10	exeF4	0
afF1	8	afT1	0
conditionalF0	1	conditionalT0	0
feiF2	1	feiT2	0
filledF0	8	filledT0	0
contractingT0	2	contractingF0	0
thrillerF0	1	thrillerT0	0
tutorialT0	1	tutorialF0	0
maxF4	22	maxT4	0
confederateT0	1	confederateF0	0
gripT0	1	gripF0	0
aonF2	2	aonT2	0
hireT0	1	hireF0	0
gramsF0	6	gramsT0	0
noiF4	10	noiT4	0
tiqT2	1	tiqF2	0
colF2	4	colT2	0
fastenerT0	1	fastenerF0	0
lmsT4	1	lmsF4	0
infiniteF0	1	infiniteT0	0
licT4	8	licF4	0
azerbaijaniT0	1	azerbaijaniF0	0
scaredF0	2	scaredT0	0
ionF4	1	ionT4	0
disF0	2	disT0	0
grouperT0	1	grouperF0	0
swimF0	6	swimT0	0
biennaleT0	1	biennaleF0	0
maxT0	4	maxF0	0
jewF4	9	jewT4	0
visionF0	3	visionT0	0
lemF2	26	lemT2	0
industreisF0	1	industreisT0	0
xlibtrapT0	1	xlibtrapF0	0
aheT4	1	aheF4	0
volumeT0	3	volumeF0	0
ctT1	179	ctF1	0
fergieF0	1	fergieT0	0
prayT0	1	prayF0	0
airborneT0	1	airborneF0	0
boaF4	47	boaT4	0
sunkenF0	2	sunkenT0	0
expressionF0	2	expressionT0	0
nacF4	1	nacT4	0
ightingF0	1	ightingT0	0
bienT0	1	bienF0	0
cadT0	9	cadF0	0
usingprophetF0	5	usingprophetT0	0
spurF0	2	spurT0	0
zamF2	1	zamT2	0
raisedF0	7	raisedT0	0
ijaF2	1	ijaT2	0
justineT0	1	justineF0	0
viT3	178	viF3	0
dutiesF0	2	dutiesT0	0
onkF2	1	onkT2	0
detaiedF0	1	detaiedT0	0
kubT4	6	kubF4	0
morningT0	1	morningF0	0
electronicT0	2	electronicF0	0
nappyF0	2	nappyT0	0
deiF4	5	deiT4	0
aifT2	2	aifF2	0
lawnT0	1	lawnF0	0
mryT2	1	mryF2	0
ningF0	1	ningT0	0
mudF4	1	mudT4	0
polandT0	1	polandF0	0
budgetsF0	1	budgetsT0	0
pompT0	1	pompF0	0
unrivalledF0	2	unrivalledT0	0
dawF4	3	dawT4	0
diyT0	5	diyF0	0
politicianF0	1	politicianT0	0
encryptionsoftwareF0	1	encryptionsoftwareT0	0
hateF0	3	hateT0	0
unoF2	2	unoT2	0
conF0	7	conT0	0
dcaT0	1	dcaF0	0
handsF0	11	handsT0	0
eagleF0	3	eagleT0	0
eavF4	1	eavT4	0
usagesT0	2	usagesF0	0
therapeuticF0	2	therapeuticT0	0
deftlyF0	1	deftlyT0	0
dominanceF0	1	dominanceT0	0
chenT0	1	chenF0	0
nmwF2	1	nmwT2	0
kawasakiF0	4	kawasakiT0	0
bakT4	4	bakF4	0
protectorT0	4	protectorF0	0
personsF0	12	personsT0	0
sinF0	1	sinT0	0
jigT2	1	jigF2	0
iezF2	1	iezT2	0
contactT0	43	contactF0	0
vcF3	2	vcT3	0
registersF0	2	registersT0	0
cackingF0	1	cackingT0	0
harnessF0	1	harnessT0	0
sousF0	1	sousT0	0
udaT2	3	udaF2	0
canF4	502	canT4	0
turkishT0	1	turkishF0	0
inchF0	5	inchT0	0
partyF0	23	partyT0	0
gratuitasF0	1	gratuitasT0	0
slightlyF0	4	slightlyT0	0
donkeyF0	1	donkeyT0	0
fashionF0	8	fashionT0	0
raaF2	2	raaT2	0
ottoT0	1	ottoF0	0
finedF0	1	finedT0	0
babyT0	5	babyF0	0
eifF2	1	eifT2	0
tyeF2	1	tyeT2	0
freeF0	134	freeT0	0
gdT3	26	gdF3	0
damT0	2	damF0	0
airineF0	1	airineT0	0
bicT4	4	bicF4	0
coordinateF0	3	coordinateT0	0
niT1	31	niF1	0
kickF0	2	kickT0	0
adoF2	23	adoT2	0
streamF0	8	streamT0	0
tailF0	15	tailT0	0
sadT4	1	sadF4	0
overcomeF0	1	overcomeT0	0
clyF2	3	clyT2	0
abT1	12	abF1	0
mikakiT0	1	mikakiF0	0
officialsF0	2	officialsT0	0
developementF0	2	developementT0	0
triazoleF0	1	triazoleT0	0
abcT2	6	abcF2	0
sudT4	2	sudF4	0
rightofferingT0	1	rightofferingF0	0
learnT0	14	learnF0	0
ipodF0	1	ipodT0	0
limestoneF0	1	limestoneT0	0
collectingF0	2	collectingT0	0
kingsT0	3	kingsF0	0
hiiT2	1	hiiF2	0
listingF0	11	listingT0	0
deviantartF0	1	deviantartT0	0
stairsF0	6	stairsT0	0
rearingF0	3	rearingT0	0
privacidadeF0	1	privacidadeT0	0
reaT4	79	reaF4	0
cragarF0	1	cragarT0	0
twT1	2	twF1	0
vasF0	1	vasT0	0
awyerF0	1	awyerT0	0
ojeF2	1	ojeT2	0
surrealF0	1	surrealT0	0
unownedF0	1	unownedT0	0
canineT0	3	canineF0	0
acquireF0	4	acquireT0	0
lxF2	1	lxT2	0
armF0	2	armT0	0
byaF4	1	byaT4	0
bearingT0	1	bearingF0	0
cotF4	5	cotT4	0
profilesT0	13	profilesF0	0
insteadT0	3	insteadF0	0
zaF1	10	zaT1	0
switchF0	3	switchT0	0
goT2	15	goF2	0
bottleF0	2	bottleT0	0
admF4	40	admT4	0
busF0	16	busT0	0
footingF0	1	footingT0	0
linedF0	3	linedT0	0
unuT2	1	unuF2	0
aclT2	1	aclF2	0
gnuF0	1	gnuT0	0
spottingF0	1	spottingT0	0
rmeT2	1	rmeF2	0
surF4	127	surT4	0
wjeT0	1	wjeF0	0
parsF0	2	parsT0	0
rtingF0	1	rtingT0	0
cbsT4	1	cbsF4	0
conversingF0	1	conversingT0	0
girlfriendT0	1	girlfriendF0	0
apaF4	27	apaT4	0
smiledF0	2	smiledT0	0
merchantT0	1	merchantF0	0
boastsF0	2	boastsT0	0
childhoodT0	1	childhoodF0	0
ediF4	141	ediT4	0
treeT0	13	treeF0	0
voiceF0	10	voiceT0	0
zenophileT0	1	zenophileF0	0
frostF0	1	frostT0	0
blvdT0	2	blvdF0	0
intendF0	3	intendT0	0
orderF0	55	orderT0	0
mensaF0	2	mensaT0	0
trhT2	1	trhF2	0
aniT4	6	aniF4	0
veF1	1183	veT1	0
sxT1	3	sxF1	0
kreT4	1	kreF4	0
plcadT0	2	plcadF0	0
wilT4	53	wilF4	0
parteF0	9	parteT0	0
cheironT0	1	cheironF0	0
proofF0	5	proofT0	0
aggressiveF0	1	aggressiveT0	0
rgiT4	2	rgiF4	0
volutionF0	2	volutionT0	0
copT4	18	copF4	0
streetsT0	4	streetsF0	0
temporarilyF0	2	temporarilyT0	0
globesF0	1	globesT0	0
ypeT2	17	ypeF2	0
mormonT0	1	mormonF0	0
umdT0	1	umdF0	0
digitalT0	8	digitalF0	0
aveF4	25	aveT4	0
izF3	1	izT3	0
exhibitionsF0	2	exhibitionsT0	0
roleT0	1	roleF0	0
caughtF0	2	caughtT0	0
winT2	5	winF2	0
companyfindT0	1	companyfindF0	0
maT0	6	maF0	0
persianT0	1	persianF0	0
valveT0	1	valveF0	0
griT4	8	griF4	0
azF1	4	azT1	0
alcoaF0	1	alcoaT0	0
aiseF0	1	aiseT0	0
rainbT0	1	rainbF0	0
visitarF0	1	visitarT0	0
pomT4	31	pomF4	0
specificF0	22	specificT0	0
suckF0	2	suckT0	0
techniqueF0	2	techniqueT0	0
terryF0	1	terryT0	0
asbestosF0	29	asbestosT0	0
floralF0	1	floralT0	0
ddriveF0	1	ddriveT0	0
teiT4	4	teiF4	0
italianF0	9	italianT0	0
sidewalkF0	1	sidewalkT0	0
percentageF0	3	percentageT0	0
readinessF0	1	readinessT0	0
cincinnatiT0	6	cincinnatiF0	0
nosF4	13	nosT4	0
gerF2	81	gerT2	0
interruptionsF0	1	interruptionsT0	0
httF4	28	httT4	0
emmettT0	1	emmettF0	0
prinsT0	2	prinsF0	0
clarityF0	1	clarityT0	0
malT2	16	malF2	0
luggageT0	1	luggageF0	0
grasslandsT0	3	grasslandsF0	0
minersF0	1	minersT0	0
insureF0	2	insureT0	0
participatedF0	2	participatedT0	0
pprF2	2	pprT2	0
disabledT0	1	disabledF0	0
gallantriesF0	1	gallantriesT0	0
psaT2	1	psaF2	0
animeF0	2	animeT0	0
emfT4	1	emfF4	0
mhT3	3	mhF3	0
synthF0	1	synthT0	0
xucF4	1	xucT4	0
toyourF0	1	toyourT0	0
overpostingF0	1	overpostingT0	0
anayaF0	1	anayaT0	0
flutriafolT0	4	flutriafolF0	0
flanaganT0	1	flanaganF0	0
leeF0	1	leeT0	0
timesF0	31	timesT0	0
ioT0	3	ioF0	0
usbF0	1	usbT0	0
expedientF0	1	expedientT0	0
unloadsT0	3	unloadsF0	0
beF1	630	beT1	0
lmcT0	1	lmcF0	0
opiF2	1	opiT2	0
eliT2	2	eliF2	0
bcF3	2	bcT3	0
lphT2	2	lphF2	0
exceenceT0	1	exceenceF0	0
fruitT0	1	fruitF0	0
hermF0	1	hermT0	0
issuingF0	1	issuingT0	0
denverT0	4	denverF0	0
lthF2	33	lthT2	0
tomT0	3	tomF0	0
peerF0	1	peerT0	0
northernT0	10	northernF0	0
eneT4	1	eneF4	0
desmoulinT0	1	desmoulinF0	0
pannedT0	1	pannedF0	0
fractureF0	3	fractureT0	0
haiF4	10	haiT4	0
iteT4	5	iteF4	0
cheatsF0	6	cheatsT0	0
solutionsF0	8	solutionsT0	0
hemT2	3	hemF2	0
regardedF0	2	regardedT0	0
oreF4	10	oreT4	0
grantingF0	1	grantingT0	0
eetF2	109	eetT2	0
seventyF0	1	seventyT0	0
coldF0	12	coldT0	0
encounteredF0	6	encounteredT0	0
ofcT4	1	ofcF4	0
vocF2	4	vocT2	0
fudsT0	1	fudsF0	0
daytT0	2	daytF0	0
thusT0	1	thusF0	0
dltT2	1	dltF2	0
ipoF2	1	ipoT2	0
otaT2	16	otaF2	0
coolnessF0	1	coolnessT0	0
nissaF0	1	nissaT0	0
peaveyF0	1	peaveyT0	0
myF0	262	myT0	0
umpF2	2	umpT2	0
bayT0	8	bayF0	0
registrantsF0	2	registrantsT0	0
correctT0	2	correctF0	0
dodgingT0	1	dodgingF0	0
namingF0	4	namingT0	0
ianT4	1	ianF4	0
mcrT4	1	mcrF4	0
tisF4	2	tisT4	0
americanT0	35	americanF0	0
caminhosT0	1	caminhosF0	0
sleepyF0	1	sleepyT0	0
toiletsF0	1	toiletsT0	0
gonT2	5	gonF2	0
marriageF0	2	marriageT0	0
crownedF0	5	crownedT0	0
tapeF0	2	tapeT0	0
employeeF0	4	employeeT0	0
wetF4	6	wetT4	0
huntsvilleF0	2	huntsvilleT0	0
pansT0	1	pansF0	0
yarT4	5	yarF4	0
adsT4	8	adsF4	0
weightT0	2	weightF0	0
lightingT0	1	lightingF0	0
wghF4	1	wghT4	0
neilT0	2	neilF0	0
wonF0	14	wonT0	0
nappiesF0	1	nappiesT0	0
wirelessF0	5	wirelessT0	0
rtF0	10	rtT0	0
wheelsF0	5	wheelsT0	0
rubberT0	1	rubberF0	0
personnelF0	5	personnelT0	0
mozambiquemapT0	1	mozambiquemapF0	0
openT0	7	openF0	0
vingF0	2	vingT0	0
cowiT0	1	cowiF0	0
ellisonT0	1	ellisonF0	0
teyF2	1	teyT2	0
hynenF0	1	hynenT0	0
itiF4	2	itiT4	0
piF3	206	piT3	0
neaF2	2	neaT2	0
druidT0	1	druidF0	0
comprehensiveT0	1	comprehensiveF0	0
cyclonesF0	1	cyclonesT0	0
dgeT2	39	dgeF2	0
xcF1	1	xcT1	0
deliveredF0	5	deliveredT0	0
ilT3	15	ilF3	0
infoF0	20	infoT0	0
ftF2	8	ftT2	0
shellingF0	1	shellingT0	0
spaceT0	4	spaceF0	0
wantT0	11	wantF0	0
lamourF0	2	lamourT0	0
upcF2	1	upcT2	0
stallT0	25	stallF0	0
contrastF0	4	contrastT0	0
glassF0	4	glassT0	0
javelinsF0	1	javelinsT0	0
cupcakeT0	1	cupcakeF0	0
sovereignF0	2	sovereignT0	0
hantsT0	1	hantsF0	0
shipyardF0	1	shipyardT0	0
gazT4	5	gazF4	0
dieselT0	1	dieselF0	0
capabilitiesT0	1	capabilitiesF0	0
onsF4	3	onsT4	0
hiF1	11	hiT1	0
regrettedF0	1	regrettedT0	0
kriF4	2	kriT4	0
obligationF0	6	obligationT0	0
bayF4	8	bayT4	0
amuletF0	1	amuletT0	0
quotidiennesF0	1	quotidiennesT0	0
ucbT2	1	ucbF2	0
natickF0	1	natickT0	0
cavesF0	9	cavesT0	0
blizlikeT0	1	blizlikeF0	0
peroF0	2	peroT0	0
fleetF0	11	fleetT0	0
logT4	26	logF4	0
adF3	426	adT3	0
hopefullyF0	2	hopefullyT0	0
precautionF0	2	precautionT0	0
childT0	2	childF0	0
vintageT0	2	vintageF0	0
ragT2	2	ragF2	0
dearestF0	1	dearestT0	0
lifestylesT0	3	lifestylesF0	0
tywF4	1	tywT4	0
sdT1	8	sdF1	0
eatT2	22	eatF2	0
hfT0	2	hfF0	0
kenyamapT0	1	kenyamapF0	0
pleaF0	1	pleaT0	0
kitF2	7	kitT2	0
lsoT2	48	lsoF2	0
staF2	10	staT2	0
wpwF0	1	wpwT0	0
settlersF0	2	settlersT0	0
smugT0	1	smugF0	0
cataloguesF0	1	cataloguesT0	0
consentF0	2	consentT0	0
summariesF0	1	summariesT0	0
utT3	16	utF3	0
jeyF2	1	jeyT2	0
wodzisbawT0	1	wodzisbawF0	0
seatsT0	1	seatsF0	0
squattersF0	1	squattersT0	0
moteurF0	1	moteurT0	0
stuffusT0	2	stuffusF0	0
careerF0	3	careerT0	0
checkF0	29	checkT0	0
fishingT0	4	fishingF0	0
anticipatedF0	1	anticipatedT0	0
boutiqueT0	1	boutiqueF0	0
itemsF0	21	itemsT0	0
landscapingT0	1	landscapingF0	0
stretchyF0	1	stretchyT0	0
achievingF0	1	achievingT0	0
rowT2	1	rowF2	0
psF3	6	psT3	0
servicesqualifiedT0	1	servicesqualifiedF0	0
deadF0	4	deadT0	0
ephesiansF0	1	ephesiansT0	0
tradedF0	3	tradedT0	0
tryinF0	1	tryinT0	0
duF3	102	duT3	0
sodF4	3	sodT4	0
liT3	424	liF3	0
kanT2	1	kanF2	0
soldierF0	2	soldierT0	0
mulT2	1	mulF2	0
iraT0	1	iraF0	0
whyT2	45	whyF2	0
luT1	2	luF1	0
eiT0	1	eiF0	0
steT4	40	steF4	0
oliT2	2	oliF2	0
resentedF0	1	resentedT0	0
vyF1	12	vyT1	0
afcF2	1	afcT2	0
listT0	9	listF0	0
societiesF0	1	societiesT0	0
videdF0	1	videdT0	0
anthropologyT0	1	anthropologyF0	0
mieuxF0	1	mieuxT0	0
spF3	420	spT3	0
argueF0	2	argueT0	0
unmF4	1	unmT4	0
mozT4	8	mozF4	0
drinkT0	3	drinkF0	0
pussyF0	2	pussyT0	0
wrathT0	3	wrathF0	0
crsF2	1	crsT2	0
ffffffT0	1	ffffffF0	0
unseenF0	1	unseenT0	0
inaT4	2	inaF4	0
exploringT0	3	exploringF0	0
attemptsF0	2	attemptsT0	0
ketT2	23	ketF2	0
ratingsF0	4	ratingsT0	0
immediatelyF0	11	immediatelyT0	0
twoT0	14	twoF0	0
enablingF0	2	enablingT0	0
primaryF0	7	primaryT0	0
ubaT4	1	ubaF4	0
themesF0	3	themesT0	0
sharingpracticesF0	1	sharingpracticesT0	0
surveyT0	29	surveyF0	0
liedT0	1	liedF0	0
civicT0	2	civicF0	0
senateT0	3	senateF0	0
riF1	21	riT1	0
suggestingF0	1	suggestingT0	0
flashingF0	1	flashingT0	0
surveysorF0	1	surveysorT0	0
digF2	1	digT2	0
enslavedT0	1	enslavedF0	0
brotherF0	3	brotherT0	0
beerT0	3	beerF0	0
clackF0	1	clackT0	0
snoF4	36	snoT4	0
donaF0	2	donaT0	0
dieF4	35	dieT4	0
tyronT0	1	tyronF0	0
suspicionsF0	1	suspicionsT0	0
diT1	27	diF1	0
angF0	2	angT0	0
fivetemplesF0	1	fivetemplesT0	0
strikeT0	3	strikeF0	0
localizadaF0	1	localizadaT0	0
aneF2	12	aneT2	0
octT0	33	octF0	0
proffesionalF0	1	proffesionalT0	0
kterF0	1	kterT0	0
camryF0	1	camryT0	0
accordingF0	6	accordingT0	0
culturewhatT0	1	culturewhatF0	0
painT0	2	painF0	0
daiT4	24	daiF4	0
brujeandoF0	2	brujeandoT0	0
tabsF0	2	tabsT0	0
dsaT4	1	dsaF4	0
ectF4	2	ectT4	0
enthusiastF0	9	enthusiastT0	0
coloredF0	2	coloredT0	0
geT2	1	geF2	0
volteF0	1	volteT0	0
sexuaisF0	1	sexuaisT0	0
uniT4	136	uniF4	0
namamahagiF0	1	namamahagiT0	0
efyT2	1	efyF2	0
tonguedF0	1	tonguedT0	0
columbusT0	2	columbusF0	0
fundsT0	23	fundsF0	0
picF4	71	picT4	0
shamanF0	2	shamanT0	0
errorT0	1	errorF0	0
tblT4	1	tblF4	0
naF3	330	naT3	0
passportF0	4	passportT0	0
fugT4	1	fugF4	0
avivF0	2	avivT0	0
ibsF2	2	ibsT2	0
adaptingF0	1	adaptingT0	0
musicalF0	10	musicalT0	0
singeT0	1	singeF0	0
trentonF0	1	trentonT0	0
washingtonpostF0	1	washingtonpostT0	0
roT1	49	roF1	0
orangeF0	2	orangeT0	0
falarF0	2	falarT0	0
lensT0	1	lensF0	0
cameroonmapT0	1	cameroonmapF0	0
graphicT0	5	graphicF0	0
scienceT0	8	scienceF0	0
spiritsF0	1	spiritsT0	0
cleanedF0	1	cleanedT0	0
dupedF0	1	dupedT0	0
prolificF0	1	prolificT0	0
rawF0	3	rawT0	0
federallyF0	1	federallyT0	0
piaT2	9	piaF2	0
bleepingF0	1	bleepingT0	0
concludesF0	1	concludesT0	0
passageF0	6	passageT0	0
wontF0	2	wontT0	0
dimensionF0	2	dimensionT0	0
carolinasT0	1	carolinasF0	0
towncarT0	1	towncarF0	0
skillsF0	10	skillsT0	0
galenetF0	1	galenetT0	0
professionalorF0	2	professionalorT0	0
casaF0	1	casaT0	0
aplicaciF0	2	aplicaciT0	0
esnF4	2	esnT4	0
fireworksT0	1	fireworksF0	0
hunterF0	3	hunterT0	0
stopT0	3	stopF0	0
ifyF2	44	ifyT2	0
cdF1	6	cdT1	0
songsT0	3	songsF0	0
ermT2	2	ermF2	0
mypT4	1	mypF4	0
feedburnerT0	1	feedburnerF0	0
destinationT0	2	destinationF0	0
ixT1	17	ixF1	0
stackT0	1	stackF0	0
reefF0	40	reefT0	0
toucanF0	2	toucanT0	0
actT4	38	actF4	0
lowestT0	1	lowestF0	0
comingsF0	1	comingsT0	0
twaT4	1	twaF4	0
operateF0	3	operateT0	0
xooT4	1	xooF4	0
grenadaT0	2	grenadaF0	0
incidentT0	1	incidentF0	0
sunaturalsT0	1	sunaturalsF0	0
arabicT0	3	arabicF0	0
hackedF0	1	hackedT0	0
teeF2	26	teeT2	0
facetsF0	1	facetsT0	0
nprT0	2	nprF0	0
amythicalF0	1	amythicalT0	0
anneF0	4	anneT0	0
afghanistanT0	1	afghanistanF0	0
gifF0	2	gifT0	0
zooT2	9	zooF2	0
connectingF0	1	connectingT0	0
higT4	43	higF4	0
mackerelT0	1	mackerelF0	0
ebaF4	5	ebaT4	0
amT0	80	amF0	0
denominatedF0	1	denominatedT0	0
caT0	5	caF0	0
wnsT2	2	wnsF2	0
internistF0	1	internistT0	0
ljncolnF0	1	ljncolnT0	0
interfacingF0	1	interfacingT0	0
fattaF0	1	fattaT0	0
mmF2	4	mmT2	0
clackingF0	15	clackingT0	0
taoT2	1	taoF2	0
emploiF0	1	emploiT0	0
precocityF0	2	precocityT0	0
reeF4	60	reeT4	0
charactersrareT0	1	charactersrareF0	0
limitedT0	3	limitedF0	0
dutchT0	3	dutchF0	0
orqF2	1	orqT2	0
ttpT2	1	ttpF2	0
fairF0	4	fairT0	0
wrapT0	1	wrapF0	0
interexcontributedT0	2	interexcontributedF0	0
camerasF0	2	camerasT0	0
pizzeriaT0	2	pizzeriaF0	0
tssT0	1	tssF0	0
mdaF4	1	mdaT4	0
slyT2	10	slyF2	0
riaF4	2	riaT4	0
wheneverF0	8	wheneverT0	0
focusT0	5	focusF0	0
webF2	221	webT2	0
threeF0	49	threeT0	0
itteF0	1	itteT0	0
kapF4	1	kapT4	0
drawingT0	2	drawingF0	0
olF1	135	olT1	0
rciF2	2	rciT2	0
pinkT0	1	pinkF0	0
asyncF0	1	asyncT0	0
franciscoT0	3	franciscoF0	0
peskyT0	1	peskyF0	0
pasT2	3	pasF2	0
consolidationF0	2	consolidationT0	0
rapidF0	1	rapidT0	0
lioT2	1	lioF2	0
helpedF0	2	helpedT0	0
airpF0	2	airpT0	0
requirementsT0	12	requirementsF0	0
benefitsF0	6	benefitsT0	0
tomF4	4	tomT4	0
playersT0	2	playersF0	0
antonioF0	1	antonioT0	0
tinyT0	1	tinyF0	0
amusingF0	1	amusingT0	0
culdeeT0	2	culdeeF0	0
wellF0	88	wellT0	0
lastingT0	1	lastingF0	0
ndF0	13	ndT0	0
concretesF0	1	concretesT0	0
scarcelyF0	1	scarcelyT0	0
ticF0	2	ticT0	0
ciclipideachT0	1	ciclipideachF0	0
cakeT0	1	cakeF0	0
annaT0	1	annaF0	0
isnF0	10	isnT0	0
graphiteT0	1	graphiteF0	0
atsF2	54	atsT2	0
weakenedF0	1	weakenedT0	0
uveF4	1	uveT4	0
vimT4	1	vimF4	0
ibaF0	1	ibaT0	0
mkxF4	2	mkxT4	0
cmF2	2	cmT2	0
impressionsF0	2	impressionsT0	0
analyzeF0	1	analyzeT0	0
widgetT0	2	widgetF0	0
chuckT0	1	chuckF0	0
affiliatesT0	10	affiliatesF0	0
pusT2	2	pusF2	0
stoppopupF0	4	stoppopupT0	0
viddyF0	2	viddyT0	0
applicationF0	19	applicationT0	0
extensionsF0	1	extensionsT0	0
drexeT0	1	drexeF0	0
nutsF0	1	nutsT0	0
groF2	1	groT2	0
otcT0	1	otcF0	0
ivT3	11	ivF3	0
exposedF0	3	exposedT0	0
eniF4	2	eniT4	0
vsT3	2	vsF3	0
browsedF0	1	browsedT0	0
fakF4	1	fakT4	0
upsT2	7	upsF2	0
weF0	205	weT0	0
catalogsT0	1	catalogsF0	0
elaT0	2	elaF0	0
ombF2	4	ombT2	0
axaT2	1	axaF2	0
arrangedF0	3	arrangedT0	0
kraF2	1	kraT2	0
ispT4	4	ispF4	0
carbF0	1	carbT0	0
uanT2	7	uanF2	0
yorF4	14	yorT4	0
dentonF0	14	dentonT0	0
broncosF0	1	broncosT0	0
elmF2	1	elmT2	0
poundF0	1	poundT0	0
traiersF0	1	traiersT0	0
calculationsT0	1	calculationsF0	0
gtaF4	3	gtaT4	0
poucoF0	1	poucoT0	0
bristT0	1	bristF0	0
gpuT4	1	gpuF4	0
createdT0	3	createdF0	0
metricT0	2	metricF0	0
tasF2	14	tasT2	0
ateT2	238	ateF2	0
pownceF0	1	pownceT0	0
ionT0	1	ionF0	0
classesF0	6	classesT0	0
podcastT0	1	podcastF0	0
rigT4	89	rigF4	0
insuranceF0	5	insuranceT0	0
cuberaT0	1	cuberaF0	0
helloT0	12	helloF0	0
februaryT0	42	februaryF0	0
xswT2	2	xswF2	0
dicT2	3	dicF2	0
wwfF0	1	wwfT0	0
inexpensiveF0	6	inexpensiveT0	0
electricsF0	1	electricsT0	0
ciutatF0	1	ciutatT0	0
ormT2	4	ormF2	0
assumeF0	2	assumeT0	0
ojaysF0	1	ojaysT0	0
megacadT0	1	megacadF0	0
exhibitsF0	1	exhibitsT0	0
tuiF2	1	tuiT2	0
roncalliT0	1	roncalliF0	0
otoF2	12	otoT2	0
pontoF0	1	pontoT0	0
greenbeltF0	1	greenbeltT0	0
encoreF0	2	encoreT0	0
aurF2	1	aurT2	0
ethbridgeF0	1	ethbridgeT0	0
jaiF2	2	jaiT2	0
charlotteT0	2	charlotteF0	0
shooterF0	1	shooterT0	0
produceT0	1	produceF0	0
cliT4	132	cliF4	0
ichF2	266	ichT2	0
humorousT0	1	humorousF0	0
oneT4	41	oneF4	0
boundaryF0	1	boundaryT0	0
wmF2	1	wmT2	0
removedF0	5	removedT0	0
fouF0	2	fouT0	0
scrolltopT0	2	scrolltopF0	0
postT0	8	postF0	0
thunderF0	1	thunderT0	0
smileF0	8	smileT0	0
tavernT0	1	tavernF0	0
ishT2	122	ishF2	0
iiF0	1	iiT0	0
jestF0	1	jestT0	0
jiggerF0	1	jiggerT0	0
gatF4	21	gatT4	0
jaT3	233	jaF3	0
adstheyT0	1	adstheyF0	0
spendF0	4	spendT0	0
underT0	8	underF0	0
mergedF0	1	mergedT0	0
frigginT0	2	frigginF0	0
paperT0	4	paperF0	0
sofF2	1	sofT2	0
voteF0	5	voteT0	0
mandatedT0	7	mandatedF0	0
wildlifeT0	9	wildlifeF0	0
bemF2	3	bemT2	0
steroidF0	1	steroidT0	0
enteringT0	11	enteringF0	0
civT4	16	civF4	0
entertainmentF0	10	entertainmentT0	0
olsT2	19	olsF2	0
resF0	1	resT0	0
takesF0	13	takesT0	0
distillsF0	1	distillsT0	0
httpF0	28	httpT0	0
fisT4	12	fisF4	0
arcticT0	3	arcticF0	0
prophecyF0	1	prophecyT0	0
xicT2	6	xicF2	0
idT1	74	idF1	0
uncF4	7	uncT4	0
harassingF0	1	harassingT0	0
szF3	1	szT3	0
onmapsT0	1	onmapsF0	0
gamerT0	3	gamerF0	0
dtvT2	1	dtvF2	0
chqF4	1	chqT4	0
jbT2	2	jbF2	0
crabF0	1	crabT0	0
multiplayerT0	1	multiplayerF0	0
grindingT0	1	grindingF0	0
desculpemF0	1	desculpemT0	0
podcastingT0	2	podcastingF0	0
juyT2	1	juyF2	0
moF0	1	moT0	0
scrippsT0	2	scrippsF0	0
crumbsF0	1	crumbsT0	0
xesF4	2	xesT4	0
pointingF0	1	pointingT0	0
oftenF0	23	oftenT0	0
zesF2	19	zesT2	0
urgT2	5	urgF2	0
armadaF0	1	armadaT0	0
pilarT0	1	pilarF0	0
enjoysF0	2	enjoysT0	0
lorenF0	1	lorenT0	0
revitT0	1	revitF0	0
compradoreF0	1	compradoreT0	0
marketersF0	2	marketersT0	0
furiF0	1	furiT0	0
etcF4	24	etcT4	0
submitF0	15	submitT0	0
mkT0	2	mkF0	0
passeF0	3	passeT0	0
syriaT0	1	syriaF0	0
phT0	5	phF0	0
gutT0	1	gutF0	0
ulT1	51	ulF1	0
medeaT0	1	medeaF0	0
pugT4	1	pugF4	0
proceedF0	3	proceedT0	0
oveF0	1	oveT0	0
londonT0	13	londonF0	0
minT2	7	minF2	0
contestT0	2	contestF0	0
dagF0	2	dagT0	0
dgT3	44	dgF3	0
multipleF0	8	multipleT0	0
fraggleT0	1	fraggleF0	0
roofF0	2	roofT0	0
hmT3	2	hmF3	0
greaterF0	8	greaterT0	0
uitF2	29	uitT2	0
optionsF0	30	optionsT0	0
videosT0	4	videosF0	0
oadF2	83	oadT2	0
acT0	1	acF0	0
mbF3	2	mbT3	0
exclusionT0	1	exclusionF0	0
maskF0	4	maskT0	0
overprotectedF0	1	overprotectedT0	0
culvertsT0	1	culvertsF0	0
daF3	466	daT3	0
freakyT0	1	freakyF0	0
douglassvilleF0	1	douglassvilleT0	0
ajT3	2	ajF3	0
neednF0	1	neednT0	0
thF0	54	thT0	0
portalT0	1	portalF0	0
selectionT0	1	selectionF0	0
scopeF0	4	scopeT0	0
ladiesF0	4	ladiesT0	0
executingF0	2	executingT0	0
kgF0	9	kgT0	0
excF0	1	excT0	0
novelistF0	1	novelistT0	0
mitarbeiterT0	1	mitarbeiterF0	0
wifF4	9	wifT4	0
kikuchiF0	1	kikuchiT0	0
fewT4	1	fewF4	0
gtF1	98	gtT1	0
ofmT4	1	ofmF4	0
zumF2	2	zumT2	0
ospinaT0	1	ospinaF0	0
tpbT0	1	tpbF0	0
participateF0	6	participateT0	0
efsF2	8	efsT2	0
vaginaF0	1	vaginaT0	0
upF1	383	upT1	0
paraguayT0	1	paraguayF0	0
dmthroughT0	1	dmthroughF0	0
rozinanteT0	1	rozinanteF0	0
fussinF0	1	fussinT0	0
couchF0	2	couchT0	0
beafF0	1	beafT0	0
ruiF4	5	ruiT4	0
rweT2	1	rweF2	0
consultingF0	1	consultingT0	0
xouF2	1	xouT2	0
astF2	211	astT2	0
cartmanT0	1	cartmanF0	0
spunkmT0	1	spunkmF0	0
smotheringT0	1	smotheringF0	0
merchantabilityT0	5	merchantabilityF0	0
etcT0	1	etcF0	0
explainsF0	1	explainsT0	0
rukF2	1	rukT2	0
menusF0	3	menusT0	0
peoplesF0	1	peoplesT0	0
deviouslyT0	2	deviouslyF0	0
hasT0	2	hasF0	0
intimatelyF0	1	intimatelyT0	0
codesT0	1	codesF0	0
systemsF0	23	systemsT0	0
ughT2	30	ughF2	0
bumT2	5	bumF2	0
searchT0	32	searchF0	0
hsmF2	1	hsmT2	0
himF2	87	himT2	0
tireF0	2	tireT0	0
uetT2	3	uetF2	0
demF0	1	demT0	0
repositoryF0	3	repositoryT0	0
fiberglassF0	2	fiberglassT0	0
effectsT0	23	effectsF0	0
wlF3	1	wlT3	0
fonderF0	1	fonderT0	0
busquillaF0	2	busquillaT0	0
marijuanaF0	3	marijuanaT0	0
encyclopaediasF0	1	encyclopaediasT0	0
santF0	2	santT0	0
jesT4	4	jesF4	0
gatheringsF0	1	gatheringsT0	0
rdxT2	1	rdxF2	0
ancF4	26	ancT4	0
appearingonF0	1	appearingonT0	0
ropeF0	1	ropeT0	0
totalingF0	3	totalingT0	0
msssT0	1	msssF0	0
fuaF4	2	fuaT4	0
wouldmatchF0	1	wouldmatchT0	0
footsolesF0	1	footsolesT0	0
eyesF0	17	eyesT0	0
nutritionT0	1	nutritionF0	0
msnT2	5	msnF2	0
insF0	2	insT0	0
afterwardF0	1	afterwardT0	0
knF3	168	knT3	0
postmasterT0	1	postmasterF0	0
kittT0	2	kittF0	0
boaT0	1	boaF0	0
nueF2	20	nueT2	0
otsT4	2	otsF4	0
tugF4	1	tugT4	0
cadF4	16	cadT4	0
trappedF0	1	trappedT0	0
monF0	11	monT0	0
movF2	1	movT2	0
thepowerF0	1	thepowerT0	0
personalinformationT0	1	personalinformationF0	0
literF0	2	literT0	0
govT4	19	govF4	0
submittingT0	1	submittingF0	0
kneesF0	2	kneesT0	0
otticaF0	11	otticaT0	0
swT2	4	swF2	0
necksF0	1	necksT0	0
enyT4	2	enyF4	0
finishedF0	3	finishedT0	0
txtT4	1	txtF4	0
fimF4	2	fimT4	0
moneyF0	25	moneyT0	0
charlesT0	7	charlesF0	0
hecT2	3	hecF2	0
pesF2	53	pesT2	0
uzbekistanT0	1	uzbekistanF0	0
forageF0	1	forageT0	0
hasF4	257	hasT4	0
thicketT0	2	thicketF0	0
surfacesF0	2	surfacesT0	0
hueT4	2	hueF4	0
lindaT0	1	lindaF0	0
gotF0	21	gotT0	0
utoT2	8	utoF2	0
kleF4	3	kleT4	0
ceremoniesF0	1	ceremoniesT0	0
governanceT0	11	governanceF0	0
canT0	20	canF0	0
farmingT0	5	farmingF0	0
policemenF0	1	policemenT0	0
theraT0	1	theraF0	0
aidT4	1	aidF4	0
forumsF0	9	forumsT0	0
scriptsF0	4	scriptsT0	0
printerF0	4	printerT0	0
studentsF0	21	studentsT0	0
subF0	2	subT0	0
whatF0	155	whatT0	0
abeF4	1	abeT4	0
supervulcoT0	7	supervulcoF0	0
eadF2	117	eadT2	0
citytelT0	1	citytelF0	0
toruighimF0	1	toruighimT0	0
archaeologicalF0	16	archaeologicalT0	0
gnoT2	1	gnoF2	0
cobiaF0	1	cobiaT0	0
importsT0	1	importsF0	0
javaF0	1	javaT0	0
hoT1	17	hoF1	0
tuttoF0	1	tuttoT0	0
creatiF0	1	creatiT0	0
incomesF0	2	incomesT0	0
meetingsT0	1	meetingsF0	0
bergstrmT0	1	bergstrmF0	0
anniversaryT0	1	anniversaryF0	0
storesF0	5	storesT0	0
pricesT0	5	pricesF0	0
celuiF0	1	celuiT0	0
aboveifF0	1	aboveifT0	0
assumedF0	1	assumedT0	0
seasF0	4	seasT0	0
aitF2	28	aitT2	0
upstateF0	1	upstateT0	0
biznessT0	1	biznessF0	0
saysF0	12	saysT0	0
wizF4	4	wizT4	0
inflamedF0	1	inflamedT0	0
preyF0	1	preyT0	0
bluesbizT0	1	bluesbizF0	0
economicalF0	3	economicalT0	0
hardwareT0	3	hardwareF0	0
fluorobenzoylT0	3	fluorobenzoylF0	0
slowerF0	1	slowerT0	0
dseF4	1	dseT4	0
coronaT0	1	coronaF0	0
fingerprintT0	1	fingerprintF0	0
btlT4	4	btlF4	0
jewishT0	1	jewishF0	0
surfingF0	2	surfingT0	0
airlineF0	1	airlineT0	0
moviesblackF0	1	moviesblackT0	0
dudeF0	1	dudeT0	0
somethingF0	42	somethingT0	0
identifiersF0	1	identifiersT0	0
notedT0	1	notedF0	0
voF1	13	voT1	0
essaF0	6	essaT0	0
naaT2	2	naaF2	0
raviT0	1	raviF0	0
katF0	1	katT0	0
sarF4	10	sarT4	0
flF0	1	flT0	0
byF1	1227	byT1	0
abaT4	1	abaF4	0
brownF0	8	brownT0	0
pictureT0	7	pictureF0	0
condemningF0	1	condemningT0	0
hkaF2	3	hkaT2	0
humansF0	2	humansT0	0
guaranteeF0	9	guaranteeT0	0
gnT3	1	gnF3	0
widthF0	29	widthT0	0
whileonF0	1	whileonT0	0
hazlerigT0	1	hazlerigF0	0
vaporT0	1	vaporF0	0
waxF4	1	waxT4	0
coexistenceF0	1	coexistenceT0	0
ywF0	1	ywT0	0
estateT0	21	estateF0	0
edmundsT0	4	edmundsF0	0
coF0	9	coT0	0
alcT2	2	alcF2	0
dgzpwT0	30	dgzpwF0	0
lushT0	1	lushF0	0
orderformF0	1	orderformT0	0
paintF0	3	paintT0	0
promisingF0	1	promisingT0	0
recT2	2	recF2	0
fertilizerT0	1	fertilizerF0	0
lesT2	114	lesF2	0
ricF2	21	ricT2	0
darnedF0	1	darnedT0	0
collaborateF0	3	collaborateT0	0
appearedF0	5	appearedT0	0
farmigF0	1	farmigT0	0
wjeF4	1	wjeT4	0
coldspotF0	1	coldspotT0	0
vscT4	1	vscF4	0
sezF2	2	sezT2	0
standF0	7	standT0	0
nsferF0	2	nsferT0	0
uedF2	22	uedT2	0
waT0	1	waF0	0
reatF0	2	reatT0	0
dilemmasF0	1	dilemmasT0	0
quantitativamenteF0	1	quantitativamenteT0	0
easternT0	8	easternF0	0
containingF0	4	containingT0	0
tannerT0	1	tannerF0	0
bellaF0	1	bellaT0	0
rmyT2	29	rmyF2	0
producedF0	8	producedT0	0
sargerasF0	1	sargerasT0	0
hydrologicF0	2	hydrologicT0	0
edutainmentF0	1	edutainmentT0	0
hicF2	31	hicT2	0
sylviaT0	2	sylviaF0	0
famF2	1	famT2	0
designT0	78	designF0	0
celebrationT0	7	celebrationF0	0
composedF0	2	composedT0	0
rockbandT0	2	rockbandF0	0
juryF0	1	juryT0	0
ignoranceF0	2	ignoranceT0	0
investigatingF0	2	investigatingT0	0
longestF0	5	longestT0	0
emperorF0	1	emperorT0	0
srsT2	1	srsF2	0
outT2	81	outF2	0
mwF2	1	mwT2	0
merzigT0	1	merzigF0	0
ontoF0	12	ontoT0	0
vegetativeF0	1	vegetativeT0	0
convertedF0	3	convertedT0	0
retracedF0	1	retracedT0	0
oziF2	17	oziT2	0
leoF0	2	leoT0	0
antiF0	4	antiT0	0
ashF4	9	ashT4	0
carnivalT0	2	carnivalF0	0
boF1	8	boT1	0
itsF4	139	itsT4	0
apsT2	38	apsF2	0
otyF2	1	otyT2	0
kedF2	83	kedT2	0
playboyT0	1	playboyF0	0
naoF2	4	naoT2	0
forkT0	1	forkF0	0
wandF0	1	wandT0	0
contemptT0	1	contemptF0	0
paparazzoF0	1	paparazzoT0	0
hardcoreF0	3	hardcoreT0	0
joyF2	20	joyT2	0
vacT2	6	vacF2	0
dengT0	1	dengF0	0
writingF0	35	writingT0	0
messagesF0	27	messagesT0	0
jeuxT0	2	jeuxF0	0
dysF4	1	dysT4	0
kroT4	7	kroF4	0
webpagesF0	1	webpagesT0	0
mrT3	21	mrF3	0
peeT2	2	peeF2	0
paleF0	1	paleT0	0
cleF2	35	cleT2	0
srF1	1	srT1	0
advancementF0	1	advancementT0	0
corsaT0	1	corsaF0	0
frequnciaF0	1	frequnciaT0	0
ofsF2	2	ofsT2	0
directionsF0	2	directionsT0	0
datasetF0	2	datasetT0	0
cerT2	8	cerF2	0
residenceF0	1	residenceT0	0
booksF0	26	booksT0	0
bajaF0	1	bajaT0	0
yerT0	1	yerF0	0
cayeF0	6	cayeT0	0
tgaT0	1	tgaF0	0
youngF0	28	youngT0	0
gbyT4	1	gbyF4	0
ringtF0	1	ringtT0	0
bubsF0	1	bubsT0	0
bloodT0	4	bloodF0	0
orcT2	2	orcF2	0
davidF0	2	davidT0	0
iefF2	9	iefT2	0
missT0	42	missF0	0
bookstoreF0	1	bookstoreT0	0
throneF0	3	throneT0	0
savannahF0	2	savannahT0	0
droppedF0	5	droppedT0	0
newestF0	3	newestT0	0
petitesF0	2	petitesT0	0
alcoholicF0	1	alcoholicT0	0
emtF4	1	emtT4	0
craigxlistF0	1	craigxlistT0	0
evsT2	1	evsF2	0
cultivatingF0	2	cultivatingT0	0
showedF0	6	showedT0	0
blgeselT0	1	blgeselF0	0
accountsF0	8	accountsT0	0
seirbhsF0	1	seirbhsT0	0
gunF0	1	gunT0	0
imagesT0	7	imagesF0	0
accessF0	32	accessT0	0
spiT4	6	spiF4	0
cpvcF0	1	cpvcT0	0
suspectedF0	3	suspectedT0	0
gaatsF0	1	gaatsT0	0
mednafenT0	1	mednafenF0	0
calligraphyF0	1	calligraphyT0	0
possessionT0	1	possessionF0	0
megamanT0	1	megamanF0	0
tobagoT0	1	tobagoF0	0
tiempoF0	1	tiempoT0	0
fayetteT0	1	fayetteF0	0
cancunT0	1	cancunF0	0
cofT4	2	cofF4	0
beautyF0	2	beautyT0	0
gitT2	1	gitF2	0
papelF0	1	papelT0	0
politikT0	1	politikF0	0
marineT0	11	marineF0	0
supplierF0	26	supplierT0	0
lugF2	2	lugT2	0
conductF0	3	conductT0	0
fiedF0	3	fiedT0	0
seldomF0	1	seldomT0	0
travelT0	8	travelF0	0
mikhailovichT0	1	mikhailovichF0	0
tripadvisT0	1	tripadvisF0	0
investedF0	1	investedT0	0
utiF2	2	utiT2	0
orT1	470	orF1	0
risT2	35	risF2	0
givF4	67	givT4	0
reT1	597	reF1	0
ielT2	9	ielF2	0
sheF0	74	sheT0	0
gnuboyT0	1	gnuboyF0	0
aedF2	5	aedT2	0
donationF0	3	donationT0	0
uizT2	1	uizF2	0
crankinT0	1	crankinF0	0
frakesF0	1	frakesT0	0
wanF4	131	wanT4	0
receiptT0	39	receiptF0	0
hondurasT0	10	hondurasF0	0
dogT2	1	dogF2	0
islviaF0	1	islviaT0	0
gelT4	1	gelF4	0
ocrishF0	1	ocrishT0	0
baeF4	1	baeT4	0
postingF0	9	postingT0	0
symposiumT0	2	symposiumF0	0
lubeT0	1	lubeF0	0
sailedF0	2	sailedT0	0
trulyF0	10	trulyT0	0
houT4	18	houF4	0
satF2	1	satT2	0
towersT0	1	towersF0	0
snackF0	1	snackT0	0
ifF3	5	ifT3	0
airT0	9	airF0	0
fallonT0	1	fallonF0	0
triadT0	1	triadF0	0
suspenseF0	2	suspenseT0	0
crqF4	2	crqT4	0
ilkF0	1	ilkT0	0
anF3	4467	anT3	0
auxT2	5	auxF2	0
recrutementF0	1	recrutementT0	0
zasT2	1	zasF2	0
patternT0	1	patternF0	0
golT4	99	golF4	0
mankindF0	1	mankindT0	0
closelastT0	65	closelastF0	0
ayF2	3	ayT2	0
creamF0	1	creamT0	0
deaersF0	1	deaersT0	0
bowF2	6	bowT2	0
jeF3	29	jeT3	0
yanF2	3	yanT2	0
undertakersT0	1	undertakersF0	0
warwickF0	1	warwickT0	0
ainT4	1	ainF4	0
feedT0	16	feedF0	0
peryF0	1	peryT0	0
rcyT2	2	rcyF2	0
footnoteT0	8	footnoteF0	0
diegoF0	4	diegoT0	0
generationT0	3	generationF0	0
overT0	5	overF0	0
responsibleF0	13	responsibleT0	0
pseF2	4	pseT2	0
abuT4	7	abuF4	0
subsequentlyF0	1	subsequentlyT0	0
motF4	36	motT4	0
cathedralF0	1	cathedralT0	0
locksT0	3	locksF0	0
piousF0	2	piousT0	0
fredericksburgF0	1	fredericksburgT0	0
harmT0	1	harmF0	0
dingF0	1	dingT0	0
hacksT0	2	hacksF0	0
celF2	6	celT2	0
hollandT0	1	hollandF0	0
austraiaT0	2	austraiaF0	0
agonyF0	1	agonyT0	0
herbalT0	1	herbalF0	0
agreementT0	3	agreementF0	0
utiityF0	1	utiityT0	0
cruisersT0	1	cruisersF0	0
recreationT0	3	recreationF0	0
eteF2	63	eteT2	0
jcT1	1	jcF1	0
dyiF4	1	dyiT4	0
yaF2	3	yaT2	0
scrollbarT0	1	scrollbarF0	0
cityoffT0	1	cityoffF0	0
unifiedT0	2	unifiedF0	0
regularT0	1	regularF0	0
toaskF0	1	toaskT0	0
inkT4	16	inkF4	0
mythologyF0	1	mythologyT0	0
historyT0	18	historyF0	0
opgF4	1	opgT4	0
bboyF0	1	bboyT0	0
hooF4	6	hooT4	0
pilippT0	1	pilippF0	0
bankingT0	3	bankingF0	0
managersF0	5	managersT0	0
facingT0	1	facingF0	0
jayT2	1	jayF2	0
thesesT0	1	thesesF0	0
usepersonallyF0	1	usepersonallyT0	0
yerF4	1	yerT4	0
carrT0	4	carrF0	0
vakT4	1	vakF4	0
rumF0	4	rumT0	0
kitchenT0	2	kitchenF0	0
ivwT4	1	ivwF4	0
otF3	216	otT3	0
ngoT2	12	ngoF2	0
dcF1	1	dcT1	0
airF4	61	airT4	0
bilderF0	1	bilderT0	0
bseT2	1	bseF2	0
pyT3	13	pyF3	0
maintainsF0	3	maintainsT0	0
chhevroletF0	1	chhevroletT0	0
stumbleT0	30	stumbleF0	0
reuT4	4	reuF4	0
toryT0	1	toryF0	0
milT4	27	milF4	0
vietnamT0	1	vietnamF0	0
lifelongF0	1	lifelongT0	0
almT2	2	almF2	0
deaF2	18	deaT2	0
administrativeF0	3	administrativeT0	0
hepfuF0	1	hepfuT0	0
gdonT0	1	gdonF0	0
aytT2	2	aytF2	0
leF1	1182	leT1	0
artistsF0	2	artistsT0	0
chosenF0	7	chosenT0	0
deadspinT0	1	deadspinF0	0
blinkT0	1	blinkF0	0
cooleratorT0	1	cooleratorF0	0
rdvT4	1	rdvF4	0
adyF2	55	adyT2	0
accessingF0	1	accessingT0	0
foraggregateF0	1	foraggregateT0	0
archiveT0	9	archiveF0	0
pumpingT0	3	pumpingF0	0
rgF3	5	rgT3	0
wiiwareT0	1	wiiwareF0	0
fwyT4	2	fwyF4	0
raiF4	45	raiT4	0
elegyT0	1	elegyF0	0
unblockableT0	1	unblockableF0	0
iepF2	1	iepT2	0
usedforF0	1	usedforT0	0
nthF0	1	nthT0	0
einF4	2	einT4	0
vigorousF0	1	vigorousT0	0
profitF0	9	profitT0	0
vauT4	1	vauF4	0
kantianT0	1	kantianF0	0
registeredF0	3	registeredT0	0
monkeysT0	4	monkeysF0	0
plasrticF0	1	plasrticT0	0
shallowF0	3	shallowT0	0
cavingT0	1	cavingF0	0
flippedF0	1	flippedT0	0
parenthesesF0	1	parenthesesT0	0
indexF0	15	indexT0	0
gzipvaryT0	17	gzipvaryF0	0
layT0	1	layF0	0
uonF2	1	uonT2	0
nyoT4	1	nyoF4	0
diverseF0	6	diverseT0	0
azerbaijanextensiveT0	1	azerbaijanextensiveF0	0
enfinF0	2	enfinT0	0
hynneF0	5	hynneT0	0
anaT2	20	anaF2	0
sysopareT0	1	sysopareF0	0
eluF4	1	eluT4	0
endstrF0	2	endstrT0	0
mlaT2	1	mlaF2	0
affinityF0	1	affinityT0	0
aloF4	45	aloT4	0
preurlT0	14	preurlF0	0
monarchT0	1	monarchF0	0
mytF4	2	mytT4	0
contractualF0	3	contractualT0	0
apesarF0	1	apesarT0	0
hundredF0	12	hundredT0	0
eelF0	1	eelT0	0
alejandroT0	1	alejandroF0	0
townF0	11	townT0	0
translatedF0	2	translatedT0	0
mpeT4	1	mpeF4	0
jumpT0	3	jumpF0	0
puritansT0	1	puritansF0	0
accreditationF0	6	accreditationT0	0
styingF0	1	styingT0	0
cabT2	3	cabF2	0
ourusersF0	4	ourusersT0	0
sisterT0	1	sisterF0	0
poorF0	9	poorT0	0
overflowF0	3	overflowT0	0
feeT2	10	feeF2	0
birderT0	1	birderF0	0
usdT4	2	usdF4	0
dentistryF0	1	dentistryT0	0
toolF0	18	toolT0	0
ftbF4	1	ftbT4	0
sheetsF0	2	sheetsT0	0
audubonT0	5	audubonF0	0
congenialF0	1	congenialT0	0
paF1	7	paT1	0
joiT4	6	joiF4	0
tierF0	1	tierT0	0
ethicalF0	2	ethicalT0	0
subscriberF0	3	subscriberT0	0
izaT2	2	izaF2	0
italiaF0	1	italiaT0	0
crazeforT0	1	crazeforF0	0
ipaT2	1	ipaF2	0
capF2	2	capT2	0
sunT4	22	sunF4	0
matT4	31	matF4	0
chamberF0	4	chamberT0	0
openofficeF0	1	openofficeT0	0
bukT4	1	bukF4	0
carF0	18	carT0	0
gorF2	2	gorT2	0
cwF2	1	cwT2	0
binocularsF0	2	binocularsT0	0
romT2	31	romF2	0
nwF1	1	nwT1	0
uurF2	2	uurT2	0
collaboratedF0	1	collaboratedT0	0
upperF0	3	upperT0	0
cxF1	1	cxT1	0
hopinT0	1	hopinF0	0
nukT2	1	nukF2	0
nicT2	41	nicF2	0
physicallyF0	2	physicallyT0	0
layF4	17	layT4	0
ifcF4	1	ifcT4	0
pennsylvaniaF0	2	pennsylvaniaT0	0
genesisF0	1	genesisT0	0
wentF0	18	wentT0	0
eitT4	1	eitF4	0
faF1	10	faT1	0
tocF4	1	tocT4	0
crowdedF0	1	crowdedT0	0
infmesF0	1	infmesT0	0
msT2	7	msF2	0
maxbT0	1	maxbF0	0
xaF3	1	xaT3	0
atherF0	1	atherT0	0
ercT2	1	ercF2	0
coupeF0	3	coupeT0	0
alargeF0	1	alargeT0	0
irF1	342	irT1	0
ampF2	103	ampT2	0
toF3	499	toT3	0
getF0	138	getT0	0
artworkF0	4	artworkT0	0
nervousF0	2	nervousT0	0
ryeT0	2	ryeF0	0
japanT0	4	japanF0	0
collapsepreviousT0	1	collapsepreviousF0	0
womenT0	16	womenF0	0
jeanT0	3	jeanF0	0
entoF0	1	entoT0	0
marshalF0	1	marshalT0	0
creativelyF0	1	creativelyT0	0
rthT2	44	rthF2	0
sedF4	1	sedT4	0
yglT4	1	yglF4	0
bonnettT0	1	bonnettF0	0
ebsT2	1	ebsF2	0
outputformatF0	1	outputformatT0	0
collectiveT0	7	collectiveF0	0
taiF2	2	taiT2	0
loveF0	49	loveT0	0
araF2	20	araT2	0
humourF0	1	humourT0	0
adamsT0	2	adamsF0	0
soughtF0	1	soughtT0	0
ddF0	1	ddT0	0
cfcF0	1	cfcT0	0
ourmarketingF0	1	ourmarketingT0	0
unixT0	2	unixF0	0
ryT1	673	ryF1	0
ehT1	24	ehF1	0
extraF0	13	extraT0	0
usefulF0	8	usefulT0	0
tlT2	2	tlF2	0
somersetT0	2	somersetF0	0
robinsonT0	1	robinsonF0	0
kmT0	1	kmF0	0
ndtF4	2	ndtT4	0
ofattractionF0	2	ofattractionT0	0
lazyF0	2	lazyT0	0
oofT2	9	oofF2	0
godwinT0	1	godwinF0	0
prostheticsT0	3	prostheticsF0	0
intheF0	2	intheT0	0
stiF4	71	stiT4	0
nysF4	1	nysT4	0
leapF0	3	leapT0	0
pineF0	1	pineT0	0
doctorsF0	2	doctorsT0	0
drinkingF0	5	drinkingT0	0
tusF2	9	tusT2	0
nmF1	1	nmT1	0
pauF4	2	pauT4	0
loevF0	1	loevT0	0
aerosmithT0	1	aerosmithF0	0
christenF0	1	christenT0	0
posF2	160	posT2	0
abuseT0	4	abuseF0	0
empireT0	109	empireF0	0
imeneF0	1	imeneT0	0
powersF0	6	powersT0	0
quantserveF0	2	quantserveT0	0
bmF3	14	bmT3	0
waysT0	2	waysF0	0
electricalF0	1	electricalT0	0
prontaF0	1	prontaT0	0
workmansT0	2	workmansF0	0
brighamT0	1	brighamF0	0
aimedF0	1	aimedT0	0
shrlbyF0	1	shrlbyT0	0
promoteT0	1	promoteF0	0
precinctT0	2	precinctF0	0
texturesF0	3	texturesT0	0
internationalT0	12	internationalF0	0
rusF4	11	rusT4	0
uunT2	1	uunF2	0
acnT0	1	acnF0	0
sexF4	30	sexT4	0
towF4	41	towT4	0
vtT2	4	vtF2	0
enverT0	1	enverF0	0
simpleF0	24	simpleT0	0
tamT4	4	tamF4	0
deliriousT0	1	deliriousF0	0
jagF4	7	jagT4	0
elaF4	21	elaT4	0
seT0	5	seF0	0
visitedF0	5	visitedT0	0
hopeF0	18	hopeT0	0
whoT2	12	whoF2	0
groomF0	2	groomT0	0
vastF0	5	vastT0	0
tracksF0	3	tracksT0	0
bigfootF0	1	bigfootT0	0
frequencyF0	3	frequencyT0	0
hlmavF0	1	hlmavT0	0
startrekF0	1	startrekT0	0
nemeaT0	1	nemeaF0	0
yfT3	2	yfF3	0
seminarsF0	3	seminarsT0	0
cranberryT0	1	cranberryF0	0
fogF4	4	fogT4	0
whoseT0	1	whoseF0	0
exiF4	34	exiT4	0
projectsT0	7	projectsF0	0
mattersT0	1	mattersF0	0
scientistF0	1	scientistT0	0
sustainedF0	2	sustainedT0	0
cassidyT0	1	cassidyF0	0
gardensF0	4	gardensT0	0
oacsimT0	1	oacsimF0	0
houstonF0	3	houstonT0	0
sujeitosF0	1	sujeitosT0	0
rougonT0	1	rougonF0	0
rosettaT0	6	rosettaF0	0
fracturedT0	2	fracturedF0	0
clothingF0	3	clothingT0	0
structuredmaaysiaT0	1	structuredmaaysiaF0	0
heardF0	20	heardT0	0
ldtT2	1	ldtF2	0
dentistsF0	1	dentistsT0	0
shuffesF0	1	shuffesT0	0
croquisF0	1	croquisT0	0
increasinglyF0	2	increasinglyT0	0
satiricalF0	1	satiricalT0	0
yabF4	1	yabT4	0
spotT0	2	spotF0	0
martinezT0	1	martinezF0	0
includeF0	35	includeT0	0
terminalF0	9	terminalT0	0
visibleF0	16	visibleT0	0
scrapsT0	2	scrapsF0	0
trouverezF0	1	trouverezT0	0
vegT4	3	vegF4	0
lakT4	28	lakF4	0
nationsT0	16	nationsF0	0
reviewF0	46	reviewT0	0
nkaT2	2	nkaF2	0
zieF2	1	zieT2	0
natalieT0	2	natalieF0	0
wlyF2	12	wlyT2	0
rhF2	1	rhT2	0
aerT4	2	aerF4	0
itaF2	12	itaT2	0
limitaciF0	1	limitaciT0	0
feyT2	1	feyF2	0
besT2	4	besF2	0
watT4	32	watF4	0
grievanceF0	1	grievanceT0	0
despondentF0	1	despondentT0	0
vecF2	2	vecT2	0
commentsF0	16	commentsT0	0
flonaseF0	1	flonaseT0	0
depositariesF0	1	depositariesT0	0
massachusettsT0	1	massachusettsF0	0
birthdaysT0	1	birthdaysF0	0
walkthroughT0	1	walkthroughF0	0
troubleshootingF0	2	troubleshootingT0	0
pairF0	1	pairT0	0
pranzoT0	1	pranzoF0	0
cnsT2	1	cnsF2	0
daniesT0	1	daniesF0	0
bookmarkF0	2	bookmarkT0	0
godT2	6	godF2	0
beaF4	70	beaT4	0
xrT2	1	xrF2	0
chadmapT0	1	chadmapF0	0
miscF0	2	miscT0	0
thaiT0	1	thaiF0	0
alT1	719	alF1	0
becF2	1	becT2	0
productsF0	42	productsT0	0
makaylaT0	1	makaylaF0	0
petersonF0	2	petersonT0	0
roiF0	1	roiT0	0
petsT0	2	petsF0	0
iriT2	1	iriF2	0
mudT0	1	mudF0	0
depthsF0	7	depthsT0	0
yarlingT0	1	yarlingF0	0
umbT2	1	umbF2	0
gfcT2	1	gfcF2	0
projectorF0	1	projectorT0	0
catT4	70	catF4	0
buisnessF0	2	buisnessT0	0
doiF4	33	doiT4	0
bioT2	2	bioF2	0
bouF4	52	bouT4	0
reflectsF0	3	reflectsT0	0
elsT2	18	elsF2	0
mafF2	1	mafT2	0
statueF0	2	statueT0	0
fesF2	2	fesT2	0
lidarF0	4	lidarT0	0
seasonalF0	2	seasonalT0	0
whitelyT0	1	whitelyF0	0
foodT0	21	foodF0	0
ratedF0	2	ratedT0	0
nereusT0	1	nereusF0	0
unF3	410	unT3	0
crochettT0	1	crochettF0	0
categorisedF0	1	categorisedT0	0
technologiesT0	1	technologiesF0	0
righteolasT0	2	righteolasF0	0
dsuT4	3	dsuF4	0
feT3	168	feF3	0
csvT4	1	csvF4	0
barbarianF0	1	barbarianT0	0
dependableF0	2	dependableT0	0
nentsF0	1	nentsT0	0
plantedF0	1	plantedT0	0
grF3	357	grT3	0
methodsT0	2	methodsF0	0
itdoesF0	1	itdoesT0	0
fansT0	1	fansF0	0
racingT0	4	racingF0	0
ngsF2	223	ngsT2	0
somebodyF0	3	somebodyT0	0
dvdF2	3	dvdT2	0
dchaisF0	1	dchaisT0	0
countriesT0	1	countriesF0	0
enthusiasticF0	3	enthusiasticT0	0
anyF2	357	anyT2	0
hardcoverF0	1	hardcoverT0	0
uraF2	5	uraT2	0
adaT2	26	adaF2	0
haroldT0	2	haroldF0	0
buffalinoT0	1	buffalinoF0	0
projetF0	3	projetT0	0
cobF2	1	cobT2	0
faithfullyF0	1	faithfullyT0	0
bigF4	23	bigT4	0
fiaT2	3	fiaF2	0
abandonnedF0	1	abandonnedT0	0
sneekT0	1	sneekF0	0
continuingF0	8	continuingT0	0
ereF4	4	ereT4	0
heathT0	3	heathF0	0
sonF4	48	sonT4	0
diveT0	1	diveF0	0
monitorbestT0	1	monitorbestF0	0
minxT0	1	minxF0	0
agfT4	1	agfF4	0
ovF1	3	ovT1	0
compositionF0	2	compositionT0	0
documentsF0	23	documentsT0	0
conflictF0	2	conflictT0	0
nF0	183	nT0	0
indirectT0	5	indirectF0	0
baixadoF0	1	baixadoT0	0
atinF0	1	atinT0	0
oxeT4	1	oxeF4	0
myakkaT0	1	myakkaF0	0
sweepingF0	1	sweepingT0	0
daaT2	2	daaF2	0
procureF0	1	procureT0	0
bigT0	18	bigF0	0
hyperaktT0	1	hyperaktF0	0
developmentsF0	1	developmentsT0	0
maineF0	4	maineT0	0
unaT2	6	unaF2	0
fceT4	3	fceF4	0
perguntaF0	1	perguntaT0	0
thereF0	125	thereT0	0
variesF0	2	variesT0	0
djiboutimapT0	1	djiboutimapF0	0
croT2	2	croF2	0
preyingF0	1	preyingT0	0
cruisesT0	1	cruisesF0	0
feedingF0	4	feedingT0	0
preservationT0	1	preservationF0	0
golfT0	10	golfF0	0
tiredF0	3	tiredT0	0
weatherF0	11	weatherT0	0
bouncedT0	1	bouncedF0	0
machineryT0	17	machineryF0	0
drT2	181	drF2	0
opT3	57	opF3	0
inspectF0	1	inspectT0	0
paoF0	1	paoT0	0
cambridgeT0	2	cambridgeF0	0
showtimeF0	1	showtimeT0	0
ibT3	1	ibF3	0
gleT4	1	gleF4	0
andcirculationT0	1	andcirculationF0	0
piadinhaF0	1	piadinhaT0	0
remT2	2	remF2	0
xhpF4	2	xhpT4	0
auT2	1	auF2	0
ergF2	2	ergT2	0
mdF1	1	mdT1	0
shiningT0	1	shiningF0	0
captiveF0	1	captiveT0	0
formerlyF0	4	formerlyT0	0
transitionalT0	1	transitionalF0	0
annexT0	3	annexF0	0
mathisT0	1	mathisF0	0
usersT0	16	usersF0	0
opyT2	3	opyF2	0
fourT0	7	fourF0	0
onaF2	5	onaT2	0
relativeF0	2	relativeT0	0
petitF0	2	petitT0	0
thinkT0	1	thinkF0	0
memorableF0	20	memorableT0	0
rouT4	5	rouF4	0
halsteadT0	1	halsteadF0	0
suitsF0	3	suitsT0	0
populationsF0	4	populationsT0	0
maritimeF0	2	maritimeT0	0
addressingF0	1	addressingT0	0
himselfF0	11	himselfT0	0
moscowT0	2	moscowF0	0
coisasT0	1	coisasF0	0
corporationT0	33	corporationF0	0
activeF0	4	activeT0	0
anoF2	15	anoT2	0
rocklandT0	2	rocklandF0	0
publishedT0	1	publishedF0	0
reductiF0	1	reductiT0	0
fitnessT0	6	fitnessF0	0
prueT0	1	prueF0	0
rateF0	37	rateT0	0
mlyF2	5	mlyT2	0
publisherF0	2	publisherT0	0
cbcT0	1	cbcF0	0
nemF0	1	nemT0	0
resolutionF0	5	resolutionT0	0
myspaceT0	4	myspaceF0	0
macbookT0	2	macbookF0	0
allowsF0	22	allowsT0	0
inoF4	1	inoT4	0
indefinitelyT0	1	indefinitelyF0	0
arredamentoF0	1	arredamentoT0	0
txT0	4	txF0	0
grabmayerT0	1	grabmayerF0	0
favedF0	1	favedT0	0
nucF4	2	nucT4	0
sweetecstasyF0	1	sweetecstasyT0	0
periodsF0	2	periodsT0	0
adaighF0	1	adaighT0	0
educationF0	18	educationT0	0
mtT1	7	mtF1	0
factualF0	1	factualT0	0
kidT4	9	kidF4	0
lvT0	3	lvF0	0
rakF2	1	rakT2	0
pompidousT0	1	pompidousF0	0
peaceF0	10	peaceT0	0
tooF2	44	tooT2	0
runnerF0	3	runnerT0	0
commissionsF0	2	commissionsT0	0
wnF1	213	wnT1	0
hisT2	251	hisF2	0
snowedF0	1	snowedT0	0
conditionerF0	1	conditionerT0	0
pleaseF0	53	pleaseT0	0
faqT4	8	faqF4	0
xxxF0	1	xxxT0	0
ipyF2	1	ipyT2	0
ngeT2	100	ngeF2	0
archT0	1	archF0	0
lawT2	2	lawF2	0
towardsF0	9	towardsT0	0
componentsF0	1	componentsT0	0
ltdT2	4	ltdF2	0
negoziF0	15	negoziT0	0
femT4	12	femF4	0
fsF3	1	fsT3	0
eilT2	7	eilF2	0
offeringF0	4	offeringT0	0
vouloirF0	2	vouloirT0	0
dustF0	1	dustT0	0
reducedF0	5	reducedT0	0
bringingT0	1	bringingF0	0
wikipdiaT0	2	wikipdiaF0	0
namT0	2	namF0	0
nuF3	146	nuT3	0
andreasF0	2	andreasT0	0
poweredF0	3	poweredT0	0
tendedF0	1	tendedT0	0
smokingT0	1	smokingF0	0
szyF2	1	szyT2	0
jisT0	1	jisF0	0
eduF2	1	eduT2	0
gaF0	2	gaT0	0
wailsF0	1	wailsT0	0
mesgF0	12	mesgT0	0
cameroonT0	1	cameroonF0	0
sizingF0	6	sizingT0	0
evolvesF0	1	evolvesT0	0
opeT2	34	opeF2	0
wikiF0	2	wikiT0	0
waiverF0	1	waiverT0	0
aithrisT0	1	aithrisF0	0
blazerT0	25	blazerF0	0
roaT4	15	roaF4	0
carnahanT0	1	carnahanF0	0
yrT1	6	yrF1	0
marchedF0	1	marchedT0	0
traceyF0	1	traceyT0	0
invokeF0	1	invokeT0	0
expectationF0	1	expectationT0	0
ipF3	4	ipT3	0
klaT4	1	klaF4	0
rankingF0	2	rankingT0	0
rxT2	1	rxF2	0
wipT0	1	wipF0	0
ginF2	40	ginT2	0
structuresF0	15	structuresT0	0
carsonF0	2	carsonT0	0
costsT0	1	costsF0	0
speakingF0	5	speakingT0	0
scT2	2	scF2	0
speciallyF0	1	speciallyT0	0
ubeF4	3	ubeT4	0
eachislandF0	5	eachislandT0	0
santiagoT0	5	santiagoF0	0
roofingF0	1	roofingT0	0
spuriousF0	1	spuriousT0	0
mpaF2	1	mpaT2	0
gratisF0	1	gratisT0	0
dumF4	2	dumT4	0
ukT2	15	ukF2	0
sitF4	295	sitT4	0
salzburgF0	1	salzburgT0	0
meF0	211	meT0	0
sackF0	1	sackT0	0
startF0	58	startT0	0
rwT3	5	rwF3	0
ghiT4	1	ghiF4	0
qctermisT0	2	qctermisF0	0
louF4	5	louT4	0
riderT0	1	riderF0	0
nsT1	369	nsF1	0
sqF2	2	sqT2	0
botheringF0	1	botheringT0	0
nooT4	1	nooF4	0
odkF2	1	odkT2	0
defenseF0	2	defenseT0	0
licensesF0	1	licensesT0	0
nightmaresF0	1	nightmaresT0	0
nannyT0	1	nannyF0	0
ssF0	3	ssT0	0
gownsF0	1	gownsT0	0
icaicheT0	1	icaicheF0	0
wallT0	6	wallF0	0
ipeF2	13	ipeT2	0
dynamicsF0	2	dynamicsT0	0
digestT0	2	digestF0	0
eepT2	12	eepF2	0
selT2	5	selF2	0
gryF2	4	gryT2	0
rugT2	2	rugF2	0
thoroddsenT0	1	thoroddsenF0	0
exhibitedF0	2	exhibitedT0	0
focT4	6	focF4	0
bangF0	1	bangT0	0
agF0	3	agT0	0
cabanaF0	1	cabanaT0	0
ghF3	3	ghT3	0
drainT0	4	drainF0	0
hazelT0	1	hazelF0	0
signatureF0	9	signatureT0	0
ceF0	14	ceT0	0
suesF0	1	suesT0	0
scandalT0	1	scandalF0	0
avaT4	8	avaF4	0
biT3	107	biF3	0
payF0	9	payT0	0
leaF4	205	leaT4	0
prT0	10	prF0	0
bisF2	1	bisT2	0
duiT4	4	duiF4	0
cutT4	11	cutF4	0
kuT2	6	kuF2	0
buT1	5	buF1	0
noteF0	11	noteT0	0
namesF0	14	namesT0	0
congressmanT0	2	congressmanF0	0
shoulderF0	3	shoulderT0	0
mitF0	1	mitT0	0
ostT4	1	ostF4	0
ohT1	15	ohF1	0
sirT2	4	sirF2	0
nceF0	2	nceT0	0
jadeT0	1	jadeF0	0
prebenT0	1	prebenF0	0
adornF0	1	adornT0	0
trF0	5	trT0	0
boirdT0	1	boirdF0	0
wmvF4	1	wmvT4	0
mejF4	4	mejT4	0
elF1	240	elT1	0
rceT2	26	rceF2	0
debatingF0	1	debatingT0	0
simplyF0	13	simplyT0	0
reservedT0	1	reservedF0	0
ootF2	15	ootT2	0
oudF2	9	oudT2	0
sharingT0	3	sharingF0	0
southeastT0	7	southeastF0	0
countiesF0	1	countiesT0	0
rssT2	2	rssF2	0
aveT0	1	aveF0	0
heT1	1111	heF1	0
writesF0	1	writesT0	0
sliceF0	1	sliceT0	0
ledsT0	2	ledsF0	0
omF0	3	omT0	0
dhaoineF0	2	dhaoineT0	0
shF1	201	shT1	0
sightseeingF0	3	sightseeingT0	0
deviantsF0	9	deviantsT0	0
linuxT0	7	linuxF0	0
railT0	1	railF0	0
kipT2	1	kipF2	0
validateT0	1	validateF0	0
reunionF0	1	reunionT0	0
envelopeF0	4	envelopeT0	0
howeverT0	13	howeverF0	0
hasbeenF0	1	hasbeenT0	0
enablesF0	4	enablesT0	0
oteF2	56	oteT2	0
slickT0	2	slickF0	0
divisoF0	1	divisoT0	0
thirtyF0	10	thirtyT0	0
outingF0	2	outingT0	0
matingF0	6	matingT0	0
nicknameT0	1	nicknameF0	0
stewardF0	1	stewardT0	0
recordedF0	7	recordedT0	0
lukT4	1	lukF4	0
gtiT2	2	gtiF2	0
urcesF0	2	urcesT0	0
definitionsF0	2	definitionsT0	0
hmsF2	1	hmsT2	0
otherT0	54	otherF0	0
romansT0	1	romansF0	0
fuelF0	9	fuelT0	0
styT4	3	styF4	0
satisfiedF0	4	satisfiedT0	0
ariseF0	1	ariseT0	0
udeF2	83	udeT2	0
overemphasisF0	1	overemphasisT0	0
udF3	5	udT3	0
dernethylationF0	1	dernethylationT0	0
hweT2	1	hweF2	0
abapT0	1	abapF0	0
aboF4	308	aboT4	0
worthF0	9	worthT0	0
nimT2	2	nimF2	0
safelyT0	1	safelyF0	0
mcqueenT0	1	mcqueenF0	0
atoT2	3	atoF2	0
mayaT0	70	mayaF0	0
clothesT0	1	clothesF0	0
pantsF0	4	pantsT0	0
uneF2	10	uneT2	0
storygamesT0	1	storygamesF0	0
galF2	16	galT2	0
newsgrF0	1	newsgrT0	0
bellowsT0	1	bellowsF0	0
aryT4	1	aryF4	0
exploitsF0	1	exploitsT0	0
natiF0	1	natiT0	0
beyrT0	2	beyrF0	0
sneF4	4	sneT4	0
workforceF0	1	workforceT0	0
rfrencesT0	1	rfrencesF0	0
meetsF0	1	meetsT0	0
zecT4	1	zecF4	0
ursF4	5	ursT4	0
becauseT0	17	becauseF0	0
oenT4	2	oenF4	0
stepT0	23	stepF0	0
mapF2	24	mapT2	0
nokF2	1	nokT2	0
cacheF0	1	cacheT0	0
courtinT0	1	courtinF0	0
internetsT0	1	internetsF0	0
howtosF0	1	howtosT0	0
loaF4	25	loaT4	0
schulenF0	1	schulenT0	0
namF4	107	namT4	0
executiveT0	9	executiveF0	0
smoothF0	3	smoothT0	0
masistaF0	1	masistaT0	0
killF0	13	killT0	0
swallowsF0	1	swallowsT0	0
dialogF0	7	dialogT0	0
lsqF4	2	lsqT4	0
wagerF0	1	wagerT0	0
practitionerF0	1	practitionerT0	0
councilsF0	1	councilsT0	0
sellingF0	22	sellingT0	0
hyT1	58	hyF1	0
telegraphT0	1	telegraphF0	0
kneelsF0	1	kneelsT0	0
societyT0	22	societyF0	0
teammateF0	1	teammateT0	0
gutF4	2	gutT4	0
lamT2	8	lamF2	0
rtuneF0	1	rtuneT0	0
jT0	37	jF0	0
zioF2	1	zioT2	0
hummingbirdF0	2	hummingbirdT0	0
fbF0	2	fbT0	0
odaF2	2	odaT2	0
thesisF0	1	thesisT0	0
stairwayT0	2	stairwayF0	0
aenF2	1	aenT2	0
reuseF0	1	reuseT0	0
coffeeF0	6	coffeeT0	0
awayT0	2	awayF0	0
hippolitoT0	1	hippolitoF0	0
calT2	121	calF2	0
teangaT0	1	teangaF0	0
darobianT0	1	darobianF0	0
synF4	10	synT4	0
mjmT2	1	mjmF2	0
girT4	11	girF4	0
raberT0	1	raberF0	0
poT3	456	poF3	0
yfqT0	1	yfqF0	0
tosT4	1	tosF4	0
presentedhereF0	1	presentedhereT0	0
strandF0	1	strandT0	0
consequencesF0	1	consequencesT0	0
uodF2	1	uodT2	0
linatreeT0	1	linatreeF0	0
soilsT0	2	soilsF0	0
plF0	14	plT0	0
privatelyT0	1	privatelyF0	0
lyF1	1181	lyT1	0
ownF0	62	ownT0	0
poppytalkT0	1	poppytalkF0	0
diaT4	21	diaF4	0
bauT4	1	bauF4	0
sparatkF0	1	sparatkT0	0
bokF4	1	bokT4	0
whistleF0	1	whistleT0	0
infomationF0	1	infomationT0	0
layeredF0	1	layeredT0	0
damF4	11	damT4	0
pulaisT0	1	pulaisF0	0
eofT2	1	eofF2	0
winnbergT0	1	winnbergF0	0
buyT0	29	buyF0	0
tpicksT0	1	tpicksF0	0
tesT4	16	tesF4	0
forgottenF0	3	forgottenT0	0
rvetteF0	1	rvetteT0	0
jotoT0	1	jotoF0	0
bloggerT0	1	bloggerF0	0
locatedF0	47	locatedT0	0
culpritsF0	1	culpritsT0	0
expidiaF0	1	expidiaT0	0
fineF0	12	fineT0	0
oanF2	11	oanT2	0
atlaseducationalT0	1	atlaseducationalF0	0
progressoT0	1	progressoF0	0
tucT4	3	tucF4	0
authT0	2	authF0	0
marketinngF0	1	marketinngT0	0
crystallizeF0	1	crystallizeT0	0
epT3	12	epF3	0
aroT4	2	aroF4	0
ensF4	16	ensT4	0
africanT0	7	africanF0	0
fantonT0	2	fantonF0	0
mecanicT0	2	mecanicF0	0
gobT4	1	gobF4	0
pamF2	10	pamT2	0
testimonyF0	1	testimonyT0	0
minnesotaF0	2	minnesotaT0	0
oreT0	2	oreF0	0
ziF3	5	ziT3	0
ongT2	27	ongF2	0
replaceF0	5	replaceT0	0
rsF1	1194	rsT1	0
balancedF0	1	balancedT0	0
evaF4	12	evaT4	0
oundF0	1	oundT0	0
hwyT2	3	hwyF2	0
pegboardF0	1	pegboardT0	0
informationwillF0	1	informationwillT0	0
jimmyT0	3	jimmyF0	0
jdcorleyT0	1	jdcorleyF0	0
ankT2	227	ankF2	0
quF0	5	quT0	0
cafeteriaF0	2	cafeteriaT0	0
shuF4	4	shuT4	0
howT2	114	howF2	0
aquaT0	1	aquaF0	0
eleF0	1	eleT0	0
modularF0	1	modularT0	0
pioF2	1	pioT2	0
filmT0	1	filmF0	0
untilF0	24	untilT0	0
xF0	55	xT0	0
wholesalerT0	1	wholesalerF0	0
immigrationF0	7	immigrationT0	0
aetT2	1	aetF2	0
impressedF0	1	impressedT0	0
evaT0	1	evaF0	0
gliF4	5	gliT4	0
evF1	10	evT1	0
epsF2	12	epsT2	0
barackF0	1	barackT0	0
pdfT2	9	pdfF2	0
fountainT0	2	fountainF0	0
rgeF2	65	rgeT2	0
blueT0	10	blueF0	0
premierF0	1	premierT0	0
stronglyF0	2	stronglyT0	0
africaF0	1	africaT0	0
usnT4	1	usnF4	0
buyF4	29	buyT4	0
gpT1	1	gpF1	0
judgementsbestT0	1	judgementsbestF0	0
catsupF0	1	catsupT0	0
thomasT0	4	thomasF0	0
adeF2	121	adeT2	0
pltT0	1	pltF0	0
supercessionsT0	1	supercessionsF0	0
abruptT0	1	abruptF0	0
medF0	4	medT0	0
foreignF0	14	foreignT0	0
audT2	2	audF2	0
alaT4	7	alaF4	0
brewsterF0	2	brewsterT0	0
schF2	2	schT2	0
setT4	38	setF4	0
workedF0	6	workedT0	0
neiF4	14	neiT4	0
behalfF0	2	behalfT0	0
sanT4	53	sanF4	0
ruidosT0	1	ruidosF0	0
faitesT0	2	faitesF0	0
ospreyF0	3	ospreyT0	0
fqT1	1	fqF1	0
edaF2	12	edaT2	0
shqT4	1	shqF4	0
deepT0	3	deepF0	0
distancesF0	1	distancesT0	0
miT2	3	miF2	0
notebooksF0	2	notebooksT0	0
werT2	69	werF2	0
sbyT2	1	sbyF2	0
manT0	7	manF0	0
dateT0	12	dateF0	0
countlessF0	2	countlessT0	0
minorsF0	8	minorsT0	0
nanniesT0	1	nanniesF0	0
bmwF4	14	bmwT4	0
categT0	1	categF0	0
visualT0	2	visualF0	0
tidalF0	1	tidalT0	0
playF0	48	playT0	0
plzT4	1	plzF4	0
cornT0	1	cornF0	0
tcT1	4	tcF1	0
freedF0	2	freedT0	0
rogF2	1	rogT2	0
positivelyF0	2	positivelyT0	0
engineersT0	14	engineersF0	0
remarkableF0	5	remarkableT0	0
carrierT0	1	carrierF0	0
agradarF0	1	agradarT0	0
closerF0	3	closerT0	0
pogF4	1	pogT4	0
sunscreenF0	2	sunscreenT0	0
astonishedF0	1	astonishedT0	0
bysT2	1	bysF2	0
whT3	341	whF3	0
hermansT0	1	hermansF0	0
zoT3	26	zoF3	0
pieF2	6	pieT2	0
huiF4	1	huiT4	0
mcfaddenT0	1	mcfaddenF0	0
arefreshingF0	1	arefreshingT0	0
deeT4	5	deeF4	0
ceineT0	1	ceineF0	0
foiF2	5	foiT2	0
usernameF0	4	usernameT0	0
desF4	273	desT4	0
friendT0	6	friendF0	0
summonedF0	1	summonedT0	0
presentsT0	2	presentsF0	0
wrothF0	1	wrothT0	0
nordiskF0	5	nordiskT0	0
kniT4	6	kniF4	0
holeT0	9	holeF0	0
incudeF0	4	incudeT0	0
sightingsF0	1	sightingsT0	0
runrunT0	1	runrunF0	0
nweF0	1	nweT0	0
padiT0	2	padiF0	0
dvrT4	1	dvrF4	0
testingT0	1	testingF0	0
creatorF0	4	creatorT0	0
springsF0	3	springsT0	0
talentT0	1	talentF0	0
graT2	3	graF2	0
rcsF2	1	rcsT2	0
mgrT0	2	mgrF0	0
dumpF0	1	dumpT0	0
rekT4	2	rekF4	0
activistsF0	1	activistsT0	0
backgroundT0	3	backgroundF0	0
madF4	86	madT4	0
moscT0	2	moscF0	0
startlingF0	1	startlingT0	0
voyagesT0	1	voyagesF0	0
fusT2	2	fusF2	0
ducF4	8	ducT4	0
iatF2	1	iatT2	0
inspirationF0	3	inspirationT0	0
xuF3	1	xuT3	0
repacementT0	1	repacementF0	0
lowF2	161	lowT2	0
occurF0	5	occurT0	0
vaiF0	3	vaiT0	0
addedT0	54	addedF0	0
terraT0	8	terraF0	0
dioF4	3	dioT4	0
chidF0	3	chidT0	0
atiF2	42	atiT2	0
zoovidsF0	1	zoovidsT0	0
afgT4	1	afgF4	0
istF4	11	istT4	0
seizedF0	1	seizedT0	0
morganT0	1	morganF0	0
londynT0	1	londynF0	0
dutyT0	2	dutyF0	0
ustF2	258	ustT2	0
goroshT0	1	goroshF0	0
tigT2	1	tigF2	0
wryT2	1	wryF2	0
cheT2	39	cheF2	0
medranoF0	1	medranoT0	0
merT2	55	merF2	0
perderemF0	1	perderemT0	0
btfF4	1	btfT4	0
rgoF2	17	rgoT2	0
umlT2	1	umlF2	0
jamaicanT0	1	jamaicanF0	0
ebuF4	1	ebuT4	0
documentationF0	15	documentationT0	0
taT3	84	taF3	0
viaF0	34	viaT0	0
requiringF0	1	requiringT0	0
bzacracksF0	1	bzacracksT0	0
gamevertisementF0	1	gamevertisementT0	0
teF3	476	teT3	0
judgementsF0	1	judgementsT0	0
mifF4	1	mifT4	0
wadingF0	1	wadingT0	0
partneringF0	1	partneringT0	0
cablingF0	1	cablingT0	0
gentlemanlyF0	1	gentlemanlyT0	0
ternsF0	3	ternsT0	0
utsF2	18	utsT2	0
tacT4	1	tacF4	0
financiallyF0	1	financiallyT0	0
fairlaneT0	1	fairlaneF0	0
orgF2	20	orgT2	0
dayF2	169	dayT2	0
cuisineF0	1	cuisineT0	0
temperatureT0	1	temperatureF0	0
siliconeF0	2	siliconeT0	0
dividendsF0	2	dividendsT0	0
belizeanT0	18	belizeanF0	0
ngwriterF0	1	ngwriterT0	0
announcementsF0	3	announcementsT0	0
buoysF0	1	buoysT0	0
explorationsF0	1	explorationsT0	0
mandaneT0	1	mandaneF0	0
ouF2	10	ouT2	0
postponementF0	1	postponementT0	0
heartT0	7	heartF0	0
weimingT0	1	weimingF0	0
escortingF0	1	escortingT0	0
kbT1	1	kbF1	0
ipcT0	1	ipcF0	0
ldF2	1	ldT2	0
loadingF0	1	loadingT0	0
cupF2	4	cupT2	0
ligF4	25	ligT4	0
lseT2	1	lseF2	0
tyF3	71	tyT3	0
vacationsF0	1	vacationsT0	0
ouagadougouT0	1	ouagadougouF0	0
egretsF0	3	egretsT0	0
dancesF0	2	dancesT0	0
abrahamT0	2	abrahamF0	0
nationwideF0	1	nationwideT0	0
adultT0	2	adultF0	0
exportersT0	1	exportersF0	0
susanT0	1	susanF0	0
lightningF0	1	lightningT0	0
transportationF0	11	transportationT0	0
woF0	2	woT0	0
contributionF0	2	contributionT0	0
inflatableF0	2	inflatableT0	0
noisyF0	2	noisyT0	0
changwF0	1	changwT0	0
sriT2	1	sriF2	0
imT2	34	imF2	0
bueT0	4	bueF0	0
hdT2	5	hdF2	0
snaT4	4	snaF4	0
aarF2	1	aarT2	0
cheoilT0	1	cheoilF0	0
stsF4	1	stsT4	0
anycommercialF0	1	anycommercialT0	0
tresF0	1	tresT0	0
moscovaT0	2	moscovaF0	0
adventT0	1	adventF0	0
diptraceT0	1	diptraceF0	0
oilT2	7	oilF2	0
altunT0	4	altunF0	0
aolT0	2	aolF0	0
dakotaT0	1	dakotaF0	0
objectsF0	1	objectsT0	0
lewF2	1	lewT2	0
computersF0	8	computersT0	0
paulT0	14	paulF0	0
ilsF2	35	ilsT2	0
restaurantsT0	3	restaurantsF0	0
bwF3	1	bwT3	0
uarF2	4	uarT2	0
creT2	1	creF2	0
urkF2	2	urkT2	0
umT0	2	umF0	0
analysisdamT0	1	analysisdamF0	0
regF2	4	regT2	0
crT3	244	crF3	0
yenT4	3	yenF4	0
oathF0	1	oathT0	0
obsT2	3	obsF2	0
mayflowercayoT0	1	mayflowercayoF0	0
everT0	2	everF0	0
instituteofT0	1	instituteofF0	0
ytoF2	1	ytoT2	0
candidatesF0	1	candidatesT0	0
belaT0	1	belaF0	0
nkoF2	1	nkoT2	0
barbarT0	1	barbarF0	0
rimF2	2	rimT2	0
jewelryF0	4	jewelryT0	0
iolT2	2	iolF2	0
vouF4	10	vouT4	0
juT3	136	juF3	0
ouvF4	1	ouvT4	0
streckF0	1	streckT0	0
stiT0	2	stiF0	0
warmerF0	2	warmerT0	0
tnT0	2	tnF0	0
naumcF0	1	naumcT0	0
televisionT0	2	televisionF0	0
industriesF0	2	industriesT0	0
unfortunatelyT0	1	unfortunatelyF0	0
cierraF0	1	cierraT0	0
buoF4	7	buoT4	0
infotainmentF0	1	infotainmentT0	0
ybF1	1	ybT1	0
hbcuF0	1	hbcuT0	0
oodT4	2	oodF4	0
ofT3	89	ofF3	0
newF0	184	newT0	0
postagensT0	1	postagensF0	0
encountersF0	1	encountersT0	0
spillwaysT0	1	spillwaysF0	0
slT3	54	slF3	0
mtoT0	1	mtoF0	0
brochureF0	1	brochureT0	0
irmF2	19	irmT2	0
insightF0	1	insightT0	0
extensivelyF0	1	extensivelyT0	0
southernF0	4	southernT0	0
massiveT0	1	massiveF0	0
mediaF0	19	mediaT0	0
gpoT0	1	gpoF0	0
manF4	247	manT4	0
priorT0	2	priorF0	0
ptF2	1	ptT2	0
loiT2	2	loiF2	0
fantasyF0	1	fantasyT0	0
incT2	6	incF2	0
mfiF4	2	mfiT4	0
charcolF0	1	charcolT0	0
repairsT0	2	repairsF0	0
fasT2	3	fasF2	0
mboF2	1	mboT2	0
opposedF0	5	opposedT0	0
hesF0	6	hesT0	0
kavT4	2	kavF4	0
ssjT0	3	ssjF0	0
ckeyF0	1	ckeyT0	0
smovementF0	1	smovementT0	0
ilyT2	35	ilyF2	0
ltT2	3	ltF2	0
signsF0	4	signsT0	0
microcontrollerT0	1	microcontrollerF0	0
cpeT4	3	cpeF4	0
masarykT0	1	masarykF0	0
lagF2	11	lagT2	0
rehabilitatedF0	1	rehabilitatedT0	0
fasciolaF0	1	fasciolaT0	0
olaF4	1	olaT4	0
ldnF2	10	ldnT2	0
yetF2	16	yetT2	0
postfunctionT0	6	postfunctionF0	0
jacT4	12	jacF4	0
ourT4	37	ourF4	0
rallyF0	10	rallyT0	0
fixedF0	11	fixedT0	0
nikT4	5	nikF4	0
hsaT0	2	hsaF0	0
wadF4	1	wadT4	0
implicationsF0	1	implicationsT0	0
garT2	8	garF2	0
ascertainF0	1	ascertainT0	0
assessmentF0	3	assessmentT0	0
viewedF0	3	viewedT0	0
dooT4	15	dooF4	0
untopppableF0	1	untopppableT0	0
fillsF0	7	fillsT0	0
rmT3	1	rmF3	0
eozT2	2	eozF2	0
northwestT0	2	northwestF0	0
levelingF0	5	levelingT0	0
avaisF0	1	avaisT0	0
cmpF0	1	cmpT0	0
draftsT0	1	draftsF0	0
syrF0	1	syrT0	0
dakT2	1	dakF2	0
opsF2	22	opsT2	0
igtT2	1	igtF2	0
cheerfuF0	1	cheerfuT0	0
freastalF0	2	freastalT0	0
trseF0	1	trseT0	0
asideT0	1	asideF0	0
andyF0	1	andyT0	0
nomF0	1	nomT0	0
triggerF0	2	triggerT0	0
heinrichT0	4	heinrichF0	0
oubF4	3	oubT4	0
doccookieT0	3	doccookieF0	0
steamF0	1	steamT0	0
strategicF0	3	strategicT0	0
apF1	56	apT1	0
harmonyF0	3	harmonyT0	0
ticketF0	1	ticketT0	0
nycF0	1	nycT0	0
ofbelizeT0	1	ofbelizeF0	0
brandsT0	1	brandsF0	0
guillermoF0	8	guillermoT0	0
hikF4	4	hikT4	0
ruyT4	1	ruyF4	0
articulateF0	1	articulateT0	0
teresaT0	1	teresaF0	0
breathesF0	2	breathesT0	0
eurT4	58	eurF4	0
renderF0	5	renderT0	0
midT2	2	midF2	0
peruT0	1	peruF0	0
bwarF0	1	bwarT0	0
fgcT2	1	fgcF2	0
verifiedF0	1	verifiedT0	0
notifiqueT0	1	notifiqueF0	0
rightfreeT0	1	rightfreeF0	0
brandonF0	1	brandonT0	0
ansT4	6	ansF4	0
noiseF0	3	noiseT0	0
cowhenF0	1	cowhenT0	0
heavensF0	1	heavensT0	0
hpT0	15	hpF0	0
eabT0	1	eabF0	0
issuesF0	15	issuesT0	0
cetF4	4	cetT4	0
jumT4	3	jumF4	0
darkF0	7	darkT0	0
shiT2	1	shiF2	0
watchinF0	1	watchinT0	0
functionT0	1	functionF0	0
liberatorF0	1	liberatorT0	0
euphemosT0	1	euphemosF0	0
studebakerT0	1	studebakerF0	0
meecuryF0	1	meecuryT0	0
smT2	26	smF2	0
jmT1	1	jmF1	0
areT4	42	areF4	0
zrT0	1	zrF0	0
dosF4	3	dosT4	0
hoqF2	1	hoqT2	0
staplF0	1	staplT0	0
losT2	8	losF2	0
ficF4	3	ficT4	0
mnF1	3	mnT1	0
otherpersonalF0	1	otherpersonalT0	0
nobleT0	1	nobleF0	0
merveillesF0	1	merveillesT0	0
rmsF2	44	rmsT2	0
vioT2	1	vioF2	0
oetF2	6	oetT2	0
debakeT0	1	debakeF0	0
titleF0	20	titleT0	0
gloT4	44	gloF4	0
spanishF0	4	spanishT0	0
genT2	24	genF2	0
alsF0	2	alsT0	0
greedyF0	1	greedyT0	0
pegF4	3	pegT4	0
ileT2	90	ileF2	0
eclF2	1	eclT2	0
adviseF0	4	adviseT0	0
avT1	6	avF1	0
morT2	1	morF2	0
fogT0	11	fogF0	0
fceultraT0	3	fceultraF0	0
placingF0	6	placingT0	0
coloniesT0	2	coloniesF0	0
footprintsT0	2	footprintsF0	0
excitedF0	3	excitedT0	0
caractT0	1	caractF0	0
controversyF0	1	controversyT0	0
buracoF0	1	buracoT0	0
fukF4	1	fukT4	0
cunF4	1	cunT4	0
aoF2	2	aoT2	0
pecT4	2	pecF4	0
ghyF2	1	ghyT2	0
ojF3	1	ojT3	0
temosT0	1	temosF0	0
euxF2	8	euxT2	0
arkF2	35	arkT2	0
otraF0	1	otraT0	0
flavoursF0	1	flavoursT0	0
sharksF0	2	sharksT0	0
zeT3	14	zeF3	0
motivationF0	2	motivationT0	0
centeredF0	3	centeredT0	0
ariF4	2	ariT4	0
gyfF4	1	gyfT4	0
fiF3	701	fiT3	0
irsT2	14	irsF2	0
puaF4	1	puaT4	0
cajT4	1	cajF4	0
ajalehedT0	1	ajalehedF0	0
edeT4	15	edeF4	0
uteT2	29	uteF2	0
dyeT4	16	dyeF4	0
demonstratedF0	1	demonstratedT0	0
shadesF0	2	shadesT0	0
dssF0	1	dssT0	0
implementationT0	1	implementationF0	0
bakersfieldF0	3	bakersfieldT0	0
rooF4	36	rooT4	0
vitalF0	2	vitalT0	0
mountainsF0	3	mountainsT0	0
sportF0	11	sportT0	0
famiyT0	1	famiyF0	0
clF3	378	clT3	0
aipT2	1	aipF2	0
etF3	44	etT3	0
impT0	2	impF0	0
aliasF0	1	aliasT0	0
mbeF2	1	mbeT2	0
foT3	432	foF3	0
dieT0	3	dieF0	0
eefT2	19	eefF2	0
laT1	60	laF1	0
soT0	32	soF0	0
impF4	97	impT4	0
sununuT0	1	sununuF0	0
fuF1	5	fuT1	0
izyF2	14	izyT2	0
nudeF0	26	nudeT0	0
mapmapT0	1	mapmapF0	0
loadedgT0	1	loadedgF0	0
unforgettableF0	2	unforgettableT0	0
rmoT2	1	rmoF2	0
effortlesslydT0	1	effortlesslydF0	0
ochT2	2	ochF2	0
apiT2	1	apiF2	0
majT4	5	majF4	0
processingcompanyF0	1	processingcompanyT0	0
fotografiaF0	1	fotografiaT0	0
mondayF0	1	mondayT0	0
consistencyF0	2	consistencyT0	0
cleytonF0	1	cleytonT0	0
collegesF0	5	collegesT0	0
guzmanF0	1	guzmanT0	0
medyaT0	3	medyaF0	0
erT1	1176	erF1	0
rsiT2	2	rsiF2	0
kalagayangF0	1	kalagayangT0	0
walesT0	1	walesF0	0
intriguingF0	1	intriguingT0	0
awnF4	1	awnT4	0
charactersF0	23	charactersT0	0
temF4	46	temT4	0
idaT4	6	idaF4	0
handyT0	1	handyF0	0
membershipF0	2	membershipT0	0
guildsF0	1	guildsT0	0
limT4	8	limF4	0
equitablyF0	1	equitablyT0	0
theyT0	33	theyF0	0
chlorobenzaldehydeT0	3	chlorobenzaldehydeF0	0
combradT0	1	combradF0	0
tecF4	72	tecT4	0
bravoT0	3	bravoF0	0
kiddingF0	1	kiddingT0	0
mutT4	3	mutF4	0
codegooT0	4	codegooF0	0
broadleafT0	2	broadleafF0	0
drivenF0	7	drivenT0	0
nosT0	2	nosF0	0
addictedF0	1	addictedT0	0
hamiltonT0	3	hamiltonF0	0
edgesF0	1	edgesT0	0
fortheF0	1	fortheT0	0
getcookieT0	2	getcookieF0	0
shirtT0	2	shirtF0	0
unauthorizedF0	1	unauthorizedT0	0
shaF4	117	shaT4	0
itsT0	24	itsF0	0
tubeT0	1	tubeF0	0
performedF0	5	performedT0	0
chiF2	7	chiT2	0
tT0	53	tF0	0
fannedF0	1	fannedT0	0
neoT4	5	neoF4	0
generaT0	1	generaF0	0
rescissionsgoodT0	1	rescissionsgoodF0	0
rewT2	9	rewF2	0
shyF0	2	shyT0	0
leavesT0	1	leavesF0	0
sectionsF0	7	sectionsT0	0
oopT2	2	oopF2	0
meansF0	28	meansT0	0
vieT2	5	vieF2	0
warF0	9	warT0	0
attackF0	4	attackT0	0
navoceanoT0	2	navoceanoF0	0
nobelT0	1	nobelF0	0
luiF0	2	luiT0	0
tgF1	2	tgT1	0
ivoT2	2	ivoF2	0
hogF2	2	hogT2	0
showsT0	4	showsF0	0
pioneerT0	2	pioneerF0	0
happyF0	18	happyT0	0
iarF4	1	iarT4	0
estimatedF0	3	estimatedT0	0
subordinateF0	1	subordinateT0	0
agrochemicalsT0	16	agrochemicalsF0	0
antoT0	2	antoF0	0
lengthF0	10	lengthT0	0
officerT0	2	officerF0	0
jamT4	12	jamF4	0
triumphedF0	1	triumphedT0	0
emphasisF0	2	emphasisT0	0
kalmanT0	3	kalmanF0	0
gstT2	1	gstF2	0
auxiliaryT0	32	auxiliaryF0	0
dF0	139	dT0	0
unsT4	37	unsF4	0
ehriskT0	1	ehriskF0	0
rntF0	1	rntT0	0
stockF0	20	stockT0	0
ifaT2	1	ifaF2	0
lvlT2	5	lvlF2	0
despiteF0	1	despiteT0	0
birdsF0	52	birdsT0	0
ieT0	15	ieF0	0
paintingT0	2	paintingF0	0
ntbT2	1	ntbF2	0
choseF0	2	choseT0	0
grandT0	5	grandF0	0
enricoT0	3	enricoF0	0
porqueT0	2	porqueF0	0
pvpT4	2	pvpF4	0
leveragingF0	1	leveragingT0	0
peuF0	6	peuT0	0
etterF0	7	etterT0	0
kinT4	28	kinF4	0
esT0	2	esF0	0
lisF2	6	lisT2	0
lauT4	6	lauF4	0
berlinT0	2	berlinF0	0
servesF0	5	servesT0	0
sixF0	12	sixT0	0
nostalgiaF0	1	nostalgiaT0	0
vigF4	1	vigT4	0
adwF4	2	adwT4	0
bugF2	32	bugT2	0
hiiiiiiicT0	1	hiiiiiiicF0	0
snorkelersF0	1	snorkelersT0	0
oroF4	2	oroT4	0
hardyF0	1	hardyT0	0
knitF0	1	knitT0	0
embassiesT0	1	embassiesF0	0
publicationT0	1	publicationF0	0
numerousT0	1	numerousF0	0
spartakF0	4	spartakT0	0
blT0	1	blF0	0
mcF2	1	mcT2	0
tellerF0	1	tellerT0	0
dsT1	240	dsF1	0
terrificF0	1	terrificT0	0
warpT0	1	warpF0	0
grandpasF0	2	grandpasT0	0
numF4	87	numT4	0
capitalT0	2	capitalF0	0
nasT4	3	nasF4	0
librarysaturdayT0	1	librarysaturdayF0	0
departmentT0	30	departmentF0	0
settingcaT0	1	settingcaF0	0
mattF0	1	mattT0	0
azuF4	1	azuT4	0
frT0	4	frF0	0
strippersF0	1	strippersT0	0
bissettF0	1	bissettT0	0
sapphireF0	1	sapphireT0	0
enaF2	3	enaT2	0
crrelT0	1	crrelF0	0
udyF2	11	udyT2	0
stributeF0	1	stributeT0	0
larsT0	3	larsF0	0
guaranteedF0	4	guaranteedT0	0
metF4	65	metT4	0
leonardoT0	1	leonardoF0	0
originateF0	2	originateT0	0
earT4	21	earF4	0
snT1	11	snF1	0
diamondF0	1	diamondT0	0
eadingF0	2	eadingT0	0
reyT0	1	reyF0	0
cardboardF0	3	cardboardT0	0
microstationvT0	1	microstationvF0	0
isF0	1277	isT0	0
permitiendoF0	1	permitiendoT0	0
homepageF0	13	homepageT0	0
pewT4	1	pewF4	0
glendaleT0	1	glendaleF0	0
packsF0	2	packsT0	0
prettyF0	14	prettyT0	0
indifferenceF0	1	indifferenceT0	0
providingT0	2	providingF0	0
oohF4	1	oohT4	0
hsF1	68	hsT1	0
wrT3	25	wrF3	0
createT0	9	createF0	0
pcsT0	1	pcsF0	0
sgtT2	1	sgtF2	0
nursingT0	2	nursingF0	0
deliveryF0	1	deliveryT0	0
obaF4	5	obaT4	0
tagF4	7	tagT4	0
examinersF0	1	examinersT0	0
peT3	227	peF3	0
efT3	32	efF3	0
familiesF0	1	familiesT0	0
luminaT0	2	luminaF0	0
tekT2	1	tekF2	0
gangsF0	1	gangsT0	0
approxF0	2	approxT0	0
servingF0	2	servingT0	0
okF2	5	okT2	0
sefF2	3	sefT2	0
exaggeratingF0	2	exaggeratingT0	0
cinT2	1	cinF2	0
pigF0	14	pigT0	0
microsoftF0	1	microsoftT0	0
trieF0	1	trieT0	0
ncF1	6	ncT1	0
utyT2	2	utyF2	0
bluntlyF0	1	bluntlyT0	0
aafF4	1	aafT4	0
undtrackF0	1	undtrackT0	0
anglersT0	1	anglersF0	0
vuT1	2	vuF1	0
zimT0	1	zimF0	0
instructionF0	5	instructionT0	0
programmerT0	2	programmerF0	0
snookT0	1	snookF0	0
athmosphereF0	1	athmosphereT0	0
erdcT0	3	erdcF0	0
panoramicF0	1	panoramicT0	0
opinionesF0	1	opinionesT0	0
pushF0	1	pushT0	0
oriF0	1	oriT0	0
seagullsF0	3	seagullsT0	0
triedF0	7	triedT0	0
lacT2	1	lacF2	0
tributaryF0	1	tributaryT0	0
engineT0	1	engineF0	0
izeF2	87	izeT2	0
onoT4	1	onoF4	0
testimonialsF0	4	testimonialsT0	0
rayT4	4	rayF4	0
nathanielF0	1	nathanielT0	0
bsT3	1	bsF3	0
absF0	1	absT0	0
cinemasF0	1	cinemasT0	0
warroorF0	1	warroorT0	0
justT0	33	justF0	0
kinkyT0	1	kinkyF0	0
vmF3	4	vmT3	0
tautF0	1	tautT0	0
konF2	1	konT2	0
cjT1	1	cjF1	0
bogT4	1	bogF4	0
bushT0	5	bushF0	0
twoF4	83	twoT4	0
reproductiveF0	1	reproductiveT0	0
legT4	13	legF4	0
andmanyF0	1	andmanyT0	0
lineT0	1	lineF0	0
specificallyF0	5	specificallyT0	0
loF1	28	loT1	0
ferventF0	1	ferventT0	0
vguestbookpartT0	1	vguestbookpartF0	0
trickedT0	1	trickedF0	0
quaeF0	1	quaeT0	0
pagT4	40	pagF4	0
lieT2	8	lieF2	0
ordreF0	1	ordreT0	0
emF0	27	emT0	0
mrwT4	1	mrwF4	0
eanF2	41	eanT2	0
munF4	3	munT4	0
tinglingF0	1	tinglingT0	0
mmentsF0	1	mmentsT0	0
unkT2	1	unkF2	0
personalitiesF0	1	personalitiesT0	0
maximumT0	16	maximumF0	0
boltsT0	1	boltsF0	0
enclosingF0	1	enclosingT0	0
cpiF4	1	cpiT4	0
mjaT4	1	mjaF4	0
obF1	24	obT1	0
pdrF4	1	pdrT4	0
commonwealthF0	2	commonwealthT0	0
settlementaT0	1	settlementaF0	0
fianceF0	1	fianceT0	0
ingF2	3294	ingT2	0
retrouveF0	4	retrouveT0	0
wbsT4	1	wbsF4	0
conversationsF0	3	conversationsT0	0
independentT0	4	independentF0	0
ntariF0	2	ntariT0	0
ineF4	11	ineT4	0
rmerF0	1	rmerT0	0
xiT1	1	xiF1	0
iorF0	1	iorT0	0
accessibleF0	16	accessibleT0	0
contentsF0	4	contentsT0	0
experimentedF0	1	experimentedT0	0
rasF4	4	rasT4	0
guggenheimT0	2	guggenheimF0	0
ultraT0	1	ultraF0	0
dallaF0	2	dallaT0	0
jourF0	2	jourT0	0
vaguementF0	1	vaguementT0	0
againF0	40	againT0	0
pretendingF0	2	pretendingT0	0
navigationF0	6	navigationT0	0
picT0	1	picF0	0
resutsF0	1	resutsT0	0
wargameF0	2	wargameT0	0
promotionsF0	4	promotionsT0	0
comrtaisF0	1	comrtaisT0	0
transcripT0	1	transcripF0	0
bomF2	1	bomT2	0
windowT0	7	windowF0	0
ahaF2	9	ahaT2	0
naughtyF0	1	naughtyT0	0
aliensT0	1	aliensF0	0
advertisersF0	2	advertisersT0	0
trailblazerT0	4	trailblazerF0	0
makedonskiT0	1	makedonskiF0	0
lumbertonT0	1	lumbertonF0	0
ervinF0	1	ervinT0	0
yearsT0	3	yearsF0	0
honeymoonF0	5	honeymoonT0	0
lumT2	1	lumF2	0
intellectualF0	1	intellectualT0	0
comfortF0	2	comfortT0	0
giF2	2	giT2	0
etoF2	6	etoT2	0
nbF2	1	nbT2	0
synT0	1	synF0	0
adiT4	2	adiF4	0
empT4	131	empF4	0
toonneelT0	1	toonneelF0	0
loggerT0	1	loggerF0	0
enuF2	4	enuT2	0
odficeF0	1	odficeT0	0
nexteT0	1	nexteF0	0
disappearedF0	2	disappearedT0	0
upvcF0	2	upvcT0	0
echT2	18	echF2	0
cheongT0	1	cheongF0	0
sleT2	1	sleF2	0
tvT2	16	tvF2	0
dragT0	1	dragF0	0
bottledF0	1	bottledT0	0
humaneT0	1	humaneF0	0
secureyF0	1	secureyT0	0
pythonF0	5	pythonT0	0
lansingT0	1	lansingF0	0
krigerT0	1	krigerF0	0
transparencyF0	1	transparencyT0	0
upgradeF0	3	upgradeT0	0
aintF0	1	aintT0	0
corridorF0	1	corridorT0	0
airflowT0	1	airflowF0	0
dischargedF0	1	dischargedT0	0
yahT4	9	yahF4	0
partiesF0	21	partiesT0	0
aircraftF0	12	aircraftT0	0
prospectiveT0	1	prospectiveF0	0
businessesF0	8	businessesT0	0
fgeF4	1	fgeT4	0
palaceF0	2	palaceT0	0
jerusalemF0	2	jerusalemT0	0
neeT4	16	neeF4	0
washingtonT0	4	washingtonF0	0
dceF0	1	dceT0	0
suiteT0	3	suiteF0	0
situationF0	6	situationT0	0
locallyF0	2	locallyT0	0
systematicT0	1	systematicF0	0
zikT2	1	zikF2	0
remonstrancesF0	1	remonstrancesT0	0
jukeboxF0	1	jukeboxT0	0
flamesF0	2	flamesT0	0
ealF4	3	ealT4	0
servantsF0	1	servantsT0	0
unwF4	12	unwT4	0
juneT0	18	juneF0	0
boyF0	4	boyT0	0
homeworkF0	1	homeworkT0	0
itunesT0	4	itunesF0	0
volcanoesF0	5	volcanoesT0	0
suggestT0	1	suggestF0	0
layersF0	1	layersT0	0
xiaT4	2	xiaF4	0
rikkiF0	4	rikkiT0	0
joF3	124	joT3	0
urbanF0	3	urbanT0	0
reefspanningT0	1	reefspanningF0	0
colonisedF0	1	colonisedT0	0
makeT0	27	makeF0	0
reparationsF0	1	reparationsT0	0
folkF0	1	folkT0	0
differencesF0	1	differencesT0	0
assholesT0	2	assholesF0	0
editionF0	12	editionT0	0
offerF0	39	offerT0	0
fieF2	8	fieT2	0
eroF4	5	eroT4	0
bandetF0	1	bandetT0	0
foorthF0	1	foorthT0	0
procurementF0	1	procurementT0	0
oatT2	4	oatF2	0
gsF2	4	gsT2	0
madT0	1	madF0	0
cnF1	3	cnT1	0
etyF2	42	etyT2	0
independenceF0	1	independenceT0	0
carefulF0	14	carefulT0	0
commandsF0	18	commandsT0	0
dwgT4	5	dwgF4	0
rueT4	2	rueF4	0
cfeT4	1	cfeF4	0
acceptingT0	1	acceptingF0	0
proceedingF0	1	proceedingT0	0
ubT1	22	ubF1	0
tueT2	14	tueF2	0
bawT2	1	bawF2	0
phpF2	3	phpT2	0
hyaT4	1	hyaF4	0
ibeT2	17	ibeF2	0
gladF0	4	gladT0	0
szmF4	1	szmT4	0
easyT0	1	easyF0	0
siF0	11	siT0	0
hayT4	3	hayF4	0
todaysF0	1	todaysT0	0
epiF2	2	epiT2	0
finalityT0	1	finalityF0	0
rseF0	2	rseT0	0
byeF0	1	byeT0	0
pullsF0	1	pullsT0	0
atT3	47	atF3	0
savagesF0	1	savagesT0	0
unchangingF0	1	unchangingT0	0
drugT0	2	drugF0	0
selectT0	4	selectF0	0
servioF0	1	servioT0	0
disclosedF0	2	disclosedT0	0
windsurfingF0	2	windsurfingT0	0
furtherT0	2	furtherF0	0
gnsF2	15	gnsT2	0
inteligenteF0	4	inteligenteT0	0
reoF4	2	reoT4	0
husF4	6	husT4	0
joomlaT0	1	joomlaF0	0
kalT4	5	kalF4	0
vaT1	35	vaF1	0
oltreF0	1	oltreT0	0
unknowF0	1	unknowT0	0
vicT4	10	vicF4	0
quitterF0	1	quitterT0	0
adaptF0	2	adaptT0	0
jdT0	2	jdF0	0
wirF2	2	wirT2	0
individuasF0	1	individuasT0	0
korT4	8	korF4	0
esclarecimentsF0	1	esclarecimentsT0	0
complyingT0	11	complyingF0	0
asiaT0	17	asiaF0	0
serF0	7	serT0	0
brazilT0	2	brazilF0	0
aruF2	2	aruT2	0
pvtF4	1	pvtT4	0
ngT3	6	ngF3	0
gedT2	22	gedF2	0
directorF0	15	directorT0	0
quoteF0	2	quoteT0	0
cubT2	4	cubF2	0
everywhereT0	2	everywhereF0	0
emilyT0	1	emilyF0	0
allyT0	4	allyF0	0
handledF0	3	handledT0	0
easygoingF0	1	easygoingT0	0
royF4	3	royT4	0
visitsF0	7	visitsT0	0
contactingT0	1	contactingF0	0
edgT2	1	edgF2	0
hopperT0	1	hopperF0	0
configuredF0	8	configuredT0	0
rdT2	3	rdF2	0
dsoT0	1	dsoF0	0
lionT0	1	lionF0	0
stuntT0	1	stuntF0	0
manningT0	1	manningF0	0
initialF0	14	initialT0	0
allurstuffF0	1	allurstuffT0	0
vrpT2	1	vrpF2	0
ylF1	3	ylT1	0
josT4	6	josF4	0
appearanceT0	3	appearanceF0	0
learningT0	14	learningF0	0
tlvT4	1	tlvF4	0
hoaT4	1	hoaF4	0
fashF0	1	fashT0	0
pocT4	1	pocF4	0
marionT0	1	marionF0	0
engT2	5	engF2	0
realestateT0	1	realestateF0	0
fcaF2	1	fcaT2	0
depositaryF0	5	depositaryT0	0
ifeF2	118	ifeT2	0
dhlT4	1	dhlF4	0
activationF0	4	activationT0	0
merciT0	2	merciF0	0
nightT0	2	nightF0	0
chT3	542	chF3	0
baT1	12	baF1	0
bmwT0	40	bmwF0	0
securityT0	8	securityF0	0
rikF4	5	rikT4	0
naiT4	1	naiF4	0
basF0	6	basT0	0
finalistF0	1	finalistT0	0
aunT2	1	aunF2	0
ihF1	3	ihT1	0
calculateT0	3	calculateF0	0
legallyF0	1	legallyT0	0
thursF0	1	thursT0	0
haakonT0	1	haakonF0	0
caffeinatedF0	1	caffeinatedT0	0
likelyF0	6	likelyT0	0
fauF4	51	fauT4	0
ngerF0	1	ngerT0	0
nowF0	179	nowT0	0
speF2	1	speT2	0
underneathF0	1	underneathT0	0
pvtT0	1	pvtF0	0
teaT2	2	teaF2	0
visF2	1	visT2	0
upliftingF0	1	upliftingT0	0
nuedF0	1	nuedT0	0
oraT4	10	oraF4	0
furnitureF0	13	furnitureT0	0
judyT0	1	judyF0	0
dealingF0	1	dealingT0	0
doeT4	11	doeF4	0
centuryF0	10	centuryT0	0
babeT0	1	babeF0	0
dtrectoryF0	1	dtrectoryT0	0
ignF2	181	ignT2	0
frenchmanT0	1	frenchmanF0	0
lynchF0	2	lynchT0	0
sizesF0	4	sizesT0	0
rhysT0	1	rhysF0	0
advisedF0	3	advisedT0	0
stoppingF0	1	stoppingT0	0
ithacaF0	2	ithacaT0	0
mlF3	1	mlT3	0
senF4	63	senT4	0
nonnoF0	2	nonnoT0	0
biotechnologyT0	1	biotechnologyF0	0
sexT0	11	sexF0	0
rulesaT0	1	rulesaF0	0
openingF0	7	openingT0	0
skillfulF0	5	skillfulT0	0
depoisT0	1	depoisF0	0
kenF2	28	kenT2	0
inT1	407	inF1	0
perforatedT0	2	perforatedF0	0
ideF4	83	ideT4	0
doyT4	2	doyF4	0
googlefillslotT0	2	googlefillslotF0	0
tiaF2	1	tiaT2	0
developedT0	3	developedF0	0
closexT0	16	closexF0	0
sizT4	18	sizF4	0
orgthursdayT0	1	orgthursdayF0	0
uirF4	1	uirT4	0
heaT4	57	heaF4	0
planetF0	2	planetT0	0
caendarF0	2	caendarT0	0
recommendF0	3	recommendT0	0
cmacT0	3	cmacF0	0
faithT0	1	faithF0	0
cayorioT0	1	cayorioF0	0
pgT1	7	pgF1	0
wavesT0	1	wavesF0	0
svT3	1	svF3	0
yardT0	1	yardF0	0
espacioF0	1	espacioT0	0
powT4	19	powF4	0
jesuitT0	1	jesuitF0	0
realignmentF0	1	realignmentT0	0
desmondT0	1	desmondF0	0
closedT0	1	closedF0	0
spaT2	1	spaF2	0
kyrT4	1	kyrF4	0
dxfT4	6	dxfF4	0
